订单ID,用户ID,订单日期,商品分类,商品名称,购买数量,单价,订单金额,支付方式,用户所在地区,是否促销,订单状态
ORD202602040753238428,USR74597,2/4/2026 7:53,运动户外,自行车,4,3089.96,12359.84,花呗,河南省,0,已完成
ORD202507140540501901,USR89433,7/14/2025 5:40,美妆个护,面霜,1,2828.84,2263.07,花呗,广东省,1,已取消
ORD202506101707016067,USR37405,6/10/2025 17:07,家居用品,沙发,2,2368.84,4737.68,支付宝,江苏省,0,已完成
ORD202603152345053877,USR10935,3/15/2026 23:45,运动户外,帐篷,2,217.8,348.48,微信支付,北京市,1,已完成
ORD202509151927322956,USR35701,9/15/2025 19:27,食品生鲜,牛奶,2,271.73,543.46,花呗,上海市,0,已完成
ORD202509040233271207,USR93681,9/4/2025 2:33,家居用品,沙发,4,2071.25,8284.99,银行卡,北京市,0,已完成
ORD202508261628293248,USR61915,8/26/2025 16:28,家居用品,窗帘,1,2251.12,2251.12,货到付款,河南省,0,已完成
ORD202507250435151185,USR24541,7/25/2025 4:35,运动户外,足球,4,1144.4,4577.59,微信支付,湖北省,0,已完成
ORD202603140024333684,USR46352,3/14/2026 0:24,服装服饰,运动鞋,3,1741.0,4178.39,微信支付,广东省,1,已完成
ORD202507101919279133,USR84593,7/10/2025 19:19,食品生鲜,蔬菜,1,478.36,478.36,货到付款,北京市,0,已完成
ORD202602181917466680,USR75578,2/18/2026 19:17,运动户外,登山包,4,1259.9,5039.62,货到付款,江苏省,0,已完成
ORD202603151531259568,USR74751,3/15/2026 15:31,食品生鲜,水果,1,442.48,442.48,花呗,江苏省,0,已完成
ORD202605131142589474,USR32344,5/13/2026 11:42,食品生鲜,面包,3,57.52,172.56,支付宝,浙江省,0,已完成
ORD202512291911045247,USR82323,12/29/2025 19:11,家居用品,衣柜,5,186.01,744.03,支付宝,山东省,1,已完成
ORD202507041819433735,USR35397,7/4/2025 18:19,美妆个护,洗面奶,2,413.79,827.59,银行卡,山东省,0,已完成
ORD202601160747207092,USR96486,1/16/2026 7:47,食品生鲜,面包,4,38.29,153.17,支付宝,江苏省,0,已完成
ORD202511112035473079,USR84148,11/11/2025 20:35,母婴用品,奶粉,3,1697.77,4074.66,银行卡,广东省,1,已完成
ORD202506130814095403,USR98103,6/13/2025 8:14,家居用品,沙发,3,195.97,587.91,银行卡,河南省,0,已完成
ORD202506121343482934,USR99441,6/12/2025 13:43,服装服饰,牛仔裤,1,579.75,579.75,微信支付,浙江省,0,已完成
ORD202507070918101480,USR89032,7/7/2025 9:18,美妆个护,粉底液,1,338.16,338.16,微信支付,四川省,0,已完成
ORD202508242151136488,USR84074,8/24/2025 21:51,母婴用品,奶瓶,2,626.07,1252.15,花呗,江苏省,0,已完成
ORD202508300833248034,USR33006,8/30/2025 8:33,母婴用品,奶瓶,1,226.59,181.27,货到付款,广东省,1,已完成
ORD202512140615095456,USR18566,12/14/2025 6:15,服装服饰,衬衫,4,1352.61,5410.43,货到付款,福建省,0,已完成
ORD202601201913169582,USR87091,1/20/2026 19:13,美妆个护,爽肤水,4,425.98,1363.14,银行卡,湖北省,1,已完成
ORD202506110719592046,USR26809,6/11/2025 7:19,家居用品,茶几,4,2558.5,10234.0,货到付款,北京市,0,已完成
ORD202601042310595308,USR18526,1/4/2026 23:10,数码家电,无线耳机,5,6628.93,26515.73,银行卡,广东省,1,已完成
ORD202508170518042262,USR26702,8/17/2025 5:18,美妆个护,洗面奶,4,70.58,282.3,货到付款,福建省,0,已完成
ORD202603060147119128,USR44029,3/6/2026 1:47,服装服饰,T恤,1,1796.67,1796.67,花呗,山东省,0,已完成
ORD202602080921438457,USR84698,2/8/2026 9:21,母婴用品,玩具,1,106.44,106.44,微信支付,福建省,0,已完成
ORD202602280849219368,USR39879,2/28/2026 8:49,家居用品,沙发,4,734.14,2936.58,微信支付,江苏省,0,已完成
ORD202512291513216900,USR78561,12/29/2025 15:13,美妆个护,洗面奶,3,126.2,302.87,银行卡,上海市,1,已完成
ORD202511102212291908,USR45956,11/10/2025 22:12,数码家电,智能手机,3,3018.83,7245.18,货到付款,四川省,1,退款中
ORD202508251439199185,USR35146,8/25/2025 14:39,数码家电,空气净化器,3,4354.0,13062.0,支付宝,北京市,0,已完成
ORD202511221055543734,USR98864,11/22/2025 10:55,食品生鲜,面包,2,400.36,800.71,花呗,山东省,0,已完成
ORD202601152021157024,USR13030,1/15/2026 20:21,食品生鲜,海鲜,5,175.61,878.05,货到付款,福建省,0,退款中
ORD202509170055313577,USR98832,9/17/2025 0:55,运动户外,登山包,4,3556.9,11382.08,支付宝,上海市,1,已完成
ORD202604110826195179,USR79853,4/11/2026 8:26,服装服饰,T恤,2,415.63,665.01,花呗,山东省,1,已完成
ORD202605041427582685,USR90538,5/4/2026 14:27,美妆个护,粉底液,3,2259.28,6777.83,花呗,江苏省,0,已完成
ORD202506031234222889,USR43150,6/3/2025 12:34,美妆个护,口红,4,730.91,2338.91,微信支付,福建省,1,已完成
ORD202603221635504742,USR99218,3/22/2026 16:35,运动户外,登山包,2,803.37,1285.39,银行卡,广东省,1,已取消
ORD202604092246479336,USR83415,4/9/2026 22:46,母婴用品,辅食,1,411.55,411.55,货到付款,山东省,0,退款中
ORD202508020007571042,USR69497,8/2/2025 0:07,母婴用品,婴儿车,3,405.02,972.06,花呗,广东省,1,待发货
ORD202602270307501721,USR10256,2/27/2026 3:07,运动户外,健身器材,2,2613.03,5226.06,货到付款,福建省,0,待发货
ORD202511120303061201,USR65982,11/12/2025 3:03,母婴用品,婴儿车,1,1697.36,1697.36,花呗,江苏省,0,已完成
ORD202510110321525006,USR94012,10/11/2025 3:21,食品生鲜,肉类,3,49.01,147.02,微信支付,四川省,0,已完成
ORD202509162156551753,USR98224,9/16/2025 21:56,美妆个护,面霜,5,2129.66,10648.3,银行卡,河南省,0,已完成
ORD202507310910268729,USR95200,7/31/2025 9:10,运动户外,足球,3,3306.3,9918.89,支付宝,四川省,0,已完成
ORD202508231452106963,USR16797,8/23/2025 14:52,美妆个护,爽肤水,5,2621.38,13106.92,支付宝,福建省,0,已完成
ORD202603241216517274,USR52336,3/24/2026 12:16,数码家电,无线耳机,5,2331.11,9324.43,微信支付,福建省,1,已完成
ORD202510091717183458,USR66694,10/9/2025 17:17,食品生鲜,水果,5,230.55,1152.77,花呗,浙江省,0,已取消
ORD202507101640073932,USR63330,7/10/2025 16:40,家居用品,窗帘,4,2778.97,11115.86,微信支付,福建省,0,已完成
ORD202507070027141579,USR45918,7/7/2025 0:27,食品生鲜,蔬菜,4,333.4,1066.87,银行卡,河南省,1,已完成
ORD202510261310447870,USR25953,10/26/2025 13:10,运动户外,自行车,5,2004.97,10024.83,支付宝,上海市,0,已完成
ORD202507081327434678,USR99151,7/8/2025 13:27,家居用品,拖把,1,411.61,411.61,货到付款,广东省,0,已完成
ORD202510180955496272,USR77933,10/18/2025 9:55,数码家电,冰箱,5,2468.64,9874.55,支付宝,江苏省,1,已完成
ORD202604260313125067,USR71156,4/26/2026 3:13,运动户外,自行车,2,2947.96,4716.73,银行卡,北京市,1,已完成
ORD202510121353587819,USR74955,10/12/2025 13:53,服装服饰,牛仔裤,5,1450.43,7252.14,花呗,福建省,0,已完成
ORD202601211108046241,USR57378,1/21/2026 11:08,美妆个护,沐浴露,4,399.53,1598.13,微信支付,四川省,0,已完成
ORD202509111730475444,USR77797,9/11/2025 17:30,数码家电,智能手表,4,4996.98,15990.33,支付宝,浙江省,1,已完成
ORD202604101058502276,USR15697,4/10/2026 10:58,美妆个护,粉底液,2,1664.54,3329.09,支付宝,浙江省,0,已完成
ORD202506172059147108,USR39431,6/17/2025 20:59,母婴用品,童装,2,1052.21,2104.43,货到付款,四川省,0,已完成
ORD202603110935352956,USR16155,3/11/2026 9:35,服装服饰,羽绒服,3,1395.74,4187.22,微信支付,湖北省,0,已完成
ORD202511261009009225,USR46429,11/26/2025 10:09,服装服饰,衬衫,1,1683.03,1683.03,货到付款,福建省,0,待发货
ORD202512260600291862,USR65058,12/26/2025 6:00,数码家电,笔记本电脑,1,2922.42,2337.94,货到付款,广东省,1,已取消
ORD202507191127503938,USR79784,7/19/2025 11:27,服装服饰,羽绒服,1,1783.57,1426.86,花呗,浙江省,1,已完成
ORD202605250424574656,USR68833,5/25/2026 4:24,家居用品,拖把,4,498.69,1595.8,支付宝,上海市,1,待发货
ORD202510260011469450,USR51450,10/26/2025 0:11,服装服饰,牛仔裤,1,387.4,309.92,微信支付,江苏省,1,已完成
ORD202507011428151752,USR10676,7/1/2025 14:28,美妆个护,口红,3,822.31,2466.94,花呗,广东省,0,已取消
ORD202601010923297568,USR61361,1/1/2026 9:23,美妆个护,粉底液,3,385.01,1155.02,花呗,上海市,0,已完成
ORD202509222037102129,USR35507,9/22/2025 20:37,运动户外,登山包,1,1228.56,982.85,花呗,浙江省,1,已完成
ORD202604190236428620,USR53870,4/19/2026 2:36,美妆个护,沐浴露,2,346.04,692.09,银行卡,福建省,0,已完成
ORD202601310320515625,USR20722,1/31/2026 3:20,运动户外,跑步鞋,3,4126.59,12379.76,银行卡,北京市,0,已完成
ORD202601270501186090,USR84949,1/27/2026 5:01,美妆个护,沐浴露,2,442.74,708.38,花呗,广东省,1,已完成
ORD202605102100306362,USR13325,5/10/2026 21:00,家居用品,茶几,4,2246.95,8987.79,银行卡,四川省,0,已完成
ORD202605011541252415,USR39573,5/1/2026 15:41,运动户外,健身器材,3,334.78,1004.33,微信支付,福建省,0,已完成
ORD202510191040578483,USR65550,10/19/2025 10:40,食品生鲜,饮料,2,474.77,759.64,支付宝,浙江省,1,已完成
ORD202601110518431130,USR19757,1/11/2026 5:18,母婴用品,童装,1,1436.76,1149.41,微信支付,江苏省,1,已完成
ORD202508141615347044,USR42765,8/14/2025 16:15,数码家电,平板,4,550.97,2203.9,支付宝,江苏省,0,已完成
ORD202603011505074287,USR35805,3/1/2026 15:05,美妆个护,香水,5,2298.65,9194.62,银行卡,上海市,1,已完成
ORD202506280018035777,USR31558,6/28/2025 0:18,服装服饰,T恤,5,1052.46,5262.3,微信支付,河南省,0,已完成
ORD202506181906515979,USR53152,6/18/2025 19:06,美妆个护,面霜,1,2344.71,2344.71,货到付款,湖北省,0,已完成
ORD202602121925154974,USR50737,2/12/2026 19:25,服装服饰,羽绒服,4,1068.87,3420.38,花呗,江苏省,1,已完成
ORD202508281209578600,USR18237,8/28/2025 12:09,母婴用品,纸尿裤,4,1300.0,4160.0,支付宝,广东省,1,已完成
ORD202603280531097033,USR92050,3/28/2026 5:31,母婴用品,婴儿床,4,1583.35,6333.39,支付宝,福建省,0,已完成
ORD202509210917289083,USR91958,9/21/2025 9:17,母婴用品,婴儿车,4,839.96,3359.84,货到付款,广东省,0,已完成
ORD202507012342544201,USR22678,7/1/2025 23:42,服装服饰,运动鞋,5,55.28,276.4,货到付款,山东省,0,已完成
ORD202604290408209954,USR13653,4/29/2026 4:08,美妆个护,洗面奶,2,2554.34,5108.68,花呗,北京市,0,已完成
ORD202508300946055016,USR72910,8/30/2025 9:46,母婴用品,婴儿车,4,792.74,3170.94,银行卡,福建省,0,已完成
ORD202605031212473466,USR66616,5/3/2026 12:12,家居用品,拖把,2,1498.21,2996.41,微信支付,河南省,0,已完成
ORD202507100524051104,USR13148,7/10/2025 5:24,运动户外,健身器材,4,138.06,552.23,微信支付,河南省,0,已完成
ORD202510261501597718,USR87664,10/26/2025 15:01,服装服饰,连衣裙,3,1009.58,3028.74,微信支付,江苏省,0,已完成
ORD202509162254061391,USR92090,9/16/2025 22:54,服装服饰,卫衣,3,1973.65,5920.95,银行卡,河南省,0,已完成
ORD202511240205254817,USR53817,11/24/2025 2:05,美妆个护,洗发水,3,856.45,2055.49,花呗,湖北省,1,已完成
ORD202602022100309872,USR42821,2/2/2026 21:00,服装服饰,运动鞋,4,821.07,3284.26,微信支付,四川省,0,已完成
ORD202604202228216675,USR42394,4/20/2026 22:28,服装服饰,羽绒服,2,1390.02,2780.04,支付宝,江苏省,0,已完成
ORD202510201628561157,USR24134,10/20/2025 16:28,母婴用品,纸尿裤,5,1638.85,6555.39,支付宝,福建省,1,已完成
ORD202508030402456488,USR72072,8/3/2025 4:02,美妆个护,粉底液,1,1269.65,1015.72,支付宝,北京市,1,待发货
ORD202510221820121023,USR41242,10/22/2025 18:20,母婴用品,辅食,5,653.85,3269.27,货到付款,四川省,0,已完成
ORD202510162321467164,USR54669,10/16/2025 23:21,运动户外,健身器材,4,4695.35,18781.39,货到付款,浙江省,0,已完成
ORD202508210844496038,USR17134,8/21/2025 8:44,运动户外,瑜伽垫,3,3418.01,8203.22,银行卡,河南省,1,已完成
ORD202602160629072703,USR53724,2/16/2026 6:29,母婴用品,奶瓶,3,282.09,846.27,微信支付,福建省,0,已完成
ORD202509121624494361,USR78114,9/12/2025 16:24,运动户外,篮球,2,437.75,700.39,货到付款,福建省,1,已完成
ORD202602281326219680,USR41030,2/28/2026 13:26,美妆个护,爽肤水,4,1466.14,5864.57,支付宝,河南省,0,已完成
ORD202605301815124902,USR19556,5/30/2026 18:15,数码家电,智能手机,5,2150.68,10753.38,货到付款,四川省,0,已完成
ORD202602211107337878,USR88638,2/21/2026 11:07,母婴用品,奶粉,4,545.27,2181.08,支付宝,广东省,0,已完成
ORD202602071607399061,USR91207,2/7/2026 16:07,家居用品,拖把,4,2635.52,8433.67,微信支付,四川省,1,已完成
ORD202506281731101981,USR67478,6/28/2025 17:31,家居用品,窗帘,3,286.91,688.58,银行卡,广东省,1,已完成
ORD202601231330443332,USR22539,1/23/2026 13:30,服装服饰,卫衣,5,1444.96,7224.8,花呗,江苏省,0,已完成
ORD202602021425355584,USR91965,2/2/2026 14:25,运动户外,足球,1,1428.6,1428.6,花呗,湖北省,0,已完成
ORD202508061107402524,USR68517,8/6/2025 11:07,家居用品,拖把,3,2285.78,6857.33,支付宝,上海市,0,已完成
ORD202512251032401719,USR85882,12/25/2025 10:32,服装服饰,运动鞋,5,1458.7,7293.51,货到付款,福建省,0,已完成
ORD202603110357154792,USR26361,3/11/2026 3:57,数码家电,智能手表,2,555.44,888.7,货到付款,湖北省,1,已完成
ORD202509040148119515,USR21211,9/4/2025 1:48,美妆个护,洗发水,3,1542.13,4626.4,支付宝,广东省,0,已完成
ORD202508031101177767,USR17954,8/3/2025 11:01,美妆个护,香水,2,443.78,710.05,微信支付,四川省,1,已完成
ORD202511271234387102,USR14370,11/27/2025 12:34,美妆个护,粉底液,3,2602.69,7808.08,支付宝,江苏省,0,已完成
ORD202510260846518511,USR59465,10/26/2025 8:46,家居用品,餐具,4,2617.33,8375.44,微信支付,河南省,1,已完成
ORD202509132005452391,USR51062,9/13/2025 20:05,数码家电,智能手机,5,3637.59,14550.37,银行卡,浙江省,1,退款中
ORD202605260916152565,USR18523,5/26/2026 9:16,家居用品,床上四件套,2,1344.3,2688.6,银行卡,河南省,0,待发货
ORD202602041313489280,USR26716,2/4/2026 13:13,运动户外,登山包,3,1586.09,4758.26,支付宝,河南省,0,已完成
ORD202602230608033187,USR18126,2/23/2026 6:08,家居用品,床上四件套,2,2155.49,4310.97,银行卡,湖北省,0,已完成
ORD202601030708527461,USR67923,1/3/2026 7:08,数码家电,平板,3,3189.96,9569.88,货到付款,浙江省,0,已完成
ORD202508250657422226,USR17181,8/25/2025 6:57,数码家电,空气净化器,3,2508.44,7525.33,微信支付,四川省,0,已完成
ORD202602212104022020,USR49514,2/21/2026 21:04,运动户外,帐篷,1,2217.93,2217.93,花呗,北京市,0,已完成
ORD202510042232028126,USR90050,10/4/2025 22:32,数码家电,智能手表,1,1186.16,948.93,花呗,福建省,1,已完成
ORD202604240756573141,USR92075,4/24/2026 7:56,数码家电,智能手机,1,6099.52,6099.52,银行卡,湖北省,0,已完成
ORD202603260912054879,USR66602,3/26/2026 9:12,美妆个护,爽肤水,2,67.41,107.86,微信支付,四川省,1,已完成
ORD202603290850365778,USR18623,3/29/2026 8:50,运动户外,健身器材,4,3257.98,10425.53,货到付款,江苏省,1,已完成
ORD202506221722465276,USR23346,6/22/2025 17:22,食品生鲜,饮料,3,99.6,239.05,花呗,江苏省,1,已完成
ORD202508282252576161,USR98809,8/28/2025 22:52,食品生鲜,饮料,5,123.88,619.39,货到付款,福建省,0,已完成
ORD202604160345197438,USR17312,4/16/2026 3:45,数码家电,空气净化器,1,5267.24,5267.24,货到付款,四川省,0,已完成
ORD202506131111456345,USR83303,6/13/2025 11:11,食品生鲜,肉类,2,496.54,993.08,花呗,湖北省,0,已完成
ORD202604091534146211,USR16842,4/9/2026 15:34,食品生鲜,肉类,2,391.08,782.16,花呗,浙江省,0,已完成
ORD202510011214078417,USR48655,10/1/2025 12:14,数码家电,平板,2,2193.8,4387.59,银行卡,江苏省,0,已完成
ORD202511031907365455,USR59998,11/3/2025 19:07,食品生鲜,水果,5,96.25,385.01,微信支付,四川省,1,已完成
ORD202509122331334827,USR62649,9/12/2025 23:31,家居用品,垃圾桶,5,2601.37,13006.87,支付宝,浙江省,0,已完成
ORD202506261655212223,USR22560,6/26/2025 16:55,服装服饰,连衣裙,1,916.16,916.16,微信支付,四川省,0,已完成
ORD202508212230094321,USR90911,8/21/2025 22:30,运动户外,帐篷,5,771.56,3086.23,支付宝,北京市,1,已完成
ORD202605211502433230,USR63884,5/21/2026 15:02,服装服饰,衬衫,1,1731.31,1731.31,花呗,山东省,0,待发货
ORD202601070630042785,USR40554,1/7/2026 6:30,数码家电,平板,5,6620.69,33103.46,货到付款,福建省,0,已完成
ORD202605070820173546,USR88587,5/7/2026 8:20,美妆个护,口红,5,2952.2,11808.81,微信支付,上海市,1,已完成
ORD202603061926452731,USR96471,3/6/2026 19:26,运动户外,足球,5,4557.74,22788.72,货到付款,江苏省,0,已完成
ORD202510010500373693,USR91789,10/1/2025 5:00,数码家电,空气净化器,1,6888.43,6888.43,微信支付,四川省,0,已取消
ORD202508221349228365,USR11390,8/22/2025 13:49,美妆个护,面霜,3,186.15,558.44,微信支付,湖北省,0,已完成
ORD202602101307528635,USR69429,2/10/2026 13:07,服装服饰,衬衫,1,253.61,202.89,货到付款,四川省,1,已完成
ORD202512112110216145,USR60321,12/11/2025 21:10,数码家电,平板,3,4767.37,14302.12,银行卡,湖北省,0,已完成
ORD202511011533237660,USR70844,11/1/2025 15:33,运动户外,自行车,2,2704.25,5408.5,花呗,广东省,0,已完成
ORD202605101350402978,USR66112,5/10/2026 13:50,运动户外,跑步鞋,2,2344.02,4688.04,银行卡,北京市,0,已完成
ORD202605220412049780,USR91292,5/22/2026 4:12,母婴用品,玩具,1,823.74,823.74,银行卡,河南省,0,已完成
ORD202602051548496870,USR91163,2/5/2026 15:48,家居用品,窗帘,3,1305.01,3915.02,微信支付,四川省,0,已完成
ORD202511260448334401,USR23274,11/26/2025 4:48,食品生鲜,饮料,3,288.96,866.87,花呗,浙江省,0,已完成
ORD202507261139358404,USR54514,7/26/2025 11:39,美妆个护,爽肤水,3,36.17,108.5,微信支付,上海市,0,已完成
ORD202509112051436051,USR95317,9/11/2025 20:51,母婴用品,纸尿裤,2,558.38,1116.76,支付宝,河南省,0,已完成
ORD202507250526568591,USR98575,7/25/2025 5:26,食品生鲜,零食,1,263.96,263.96,微信支付,北京市,0,已完成
ORD202509041844055341,USR13404,9/4/2025 18:44,食品生鲜,零食,4,363.89,1455.54,货到付款,广东省,0,已完成
ORD202603170748022964,USR69516,3/17/2026 7:48,数码家电,智能手表,3,1806.18,5418.53,微信支付,浙江省,0,已完成
ORD202601050019482481,USR77792,1/5/2026 0:19,食品生鲜,牛奶,3,277.97,833.92,支付宝,北京市,0,已完成
ORD202512270737563582,USR53017,12/27/2025 7:37,家居用品,垃圾桶,4,2149.09,8596.36,微信支付,山东省,0,已完成
ORD202509110055455984,USR87045,9/11/2025 0:55,运动户外,篮球,1,2278.68,1822.94,支付宝,广东省,1,已取消
ORD202603180240241660,USR35228,3/18/2026 2:40,母婴用品,婴儿车,3,102.81,246.74,花呗,江苏省,1,已完成
ORD202601140044104522,USR24156,1/14/2026 0:44,食品生鲜,零食,1,230.14,230.14,微信支付,山东省,0,已完成
ORD202511140917336370,USR23459,11/14/2025 9:17,数码家电,智能手机,3,2723.34,8170.01,支付宝,山东省,0,已完成
ORD202605151618563430,USR11610,5/15/2026 16:18,家居用品,餐具,5,2790.36,13951.78,花呗,河南省,0,待发货
ORD202601131455152494,USR88010,1/13/2026 14:55,服装服饰,卫衣,3,293.0,878.99,货到付款,福建省,0,已完成
ORD202511030240575066,USR18853,11/3/2025 2:40,运动户外,篮球,5,3297.13,16485.66,银行卡,江苏省,0,已完成
ORD202510191403056828,USR87710,10/19/2025 14:03,运动户外,自行车,1,358.33,358.33,支付宝,广东省,0,已完成
ORD202508250413037492,USR35377,8/25/2025 4:13,母婴用品,童装,3,920.03,2208.08,货到付款,河南省,1,已完成
ORD202507241720439412,USR85132,7/24/2025 17:20,运动户外,足球,2,2814.5,5629.0,花呗,江苏省,0,待发货
ORD202512152107451802,USR26512,12/15/2025 21:07,食品生鲜,饮料,2,156.0,312.0,货到付款,北京市,0,待发货
ORD202512091554035896,USR93540,12/9/2025 15:54,数码家电,洗衣机,4,3913.07,12521.82,微信支付,上海市,1,已完成
ORD202507060720135262,USR76702,7/6/2025 7:20,运动户外,健身器材,2,901.41,1802.83,银行卡,广东省,0,已完成
ORD202603211224013848,USR43591,3/21/2026 12:24,运动户外,帐篷,5,1590.21,7951.03,支付宝,河南省,0,已完成
ORD202506190709231509,USR56581,6/19/2025 7:09,服装服饰,运动鞋,2,1261.16,2017.85,花呗,上海市,1,已完成
ORD202605011003397625,USR65182,5/1/2026 10:03,服装服饰,休闲裤,2,638.51,1021.62,银行卡,广东省,1,已完成
ORD202507131400148408,USR73097,7/13/2025 14:00,美妆个护,粉底液,2,2702.24,4323.58,花呗,山东省,1,已取消
ORD202507300835035093,USR91376,7/30/2025 8:35,家居用品,垃圾桶,3,1892.65,5677.96,货到付款,上海市,0,已完成
ORD202601301613152551,USR68277,1/30/2026 16:13,食品生鲜,牛奶,4,224.94,899.75,花呗,上海市,0,已完成
ORD202508020308258570,USR34369,8/2/2025 3:08,运动户外,健身器材,1,289.91,231.93,花呗,浙江省,1,已完成
ORD202604041442532669,USR41870,4/4/2026 14:42,运动户外,篮球,4,2547.79,10191.15,货到付款,广东省,0,已取消
ORD202602200632403290,USR28045,2/20/2026 6:32,数码家电,冰箱,5,6235.82,24943.29,货到付款,江苏省,1,已完成
ORD202511112248572989,USR15776,11/11/2025 22:48,美妆个护,洗发水,3,818.71,2456.12,银行卡,福建省,0,已完成
ORD202601181456061195,USR17928,1/18/2026 14:56,家居用品,沙发,3,2424.19,7272.56,支付宝,北京市,0,已完成
ORD202506251607162010,USR26735,6/25/2025 16:07,美妆个护,爽肤水,2,777.87,1244.59,货到付款,湖北省,1,已完成
ORD202510281017284641,USR50850,10/28/2025 10:17,母婴用品,辅食,2,1656.31,3312.61,银行卡,河南省,0,已完成
ORD202510270456583141,USR86614,10/27/2025 4:56,家居用品,茶几,5,274.1,1370.5,花呗,上海市,0,待发货
ORD202601181004574246,USR67127,1/18/2026 10:04,运动户外,瑜伽垫,3,4344.3,13032.9,花呗,四川省,0,已完成
ORD202511291832287563,USR77256,11/29/2025 18:32,运动户外,自行车,1,2546.01,2546.01,微信支付,上海市,0,已完成
ORD202512231142117098,USR95420,12/23/2025 11:42,家居用品,餐具,4,903.68,3614.73,货到付款,山东省,0,已完成
ORD202509061520572376,USR56890,9/6/2025 15:20,运动户外,跑步鞋,3,1399.05,4197.16,银行卡,广东省,0,已完成
ORD202601012026205240,USR50788,1/1/2026 20:26,食品生鲜,牛奶,1,221.69,221.69,银行卡,山东省,0,已完成
ORD202605010702532228,USR86502,5/1/2026 7:02,家居用品,茶几,1,2997.17,2397.73,支付宝,福建省,1,已完成
ORD202506051100391357,USR80928,6/5/2025 11:00,美妆个护,沐浴露,4,684.37,2737.49,银行卡,北京市,0,已取消
ORD202602200442032056,USR29087,2/20/2026 4:42,家居用品,沙发,1,327.59,262.07,货到付款,浙江省,1,已完成
ORD202603072136514239,USR29321,3/7/2026 21:36,运动户外,帐篷,5,2966.67,14833.36,银行卡,广东省,0,已完成
ORD202507151141588265,USR71541,7/15/2025 11:41,食品生鲜,牛奶,1,249.39,249.39,微信支付,山东省,0,已完成
ORD202602201800043110,USR50458,2/20/2026 18:00,食品生鲜,牛奶,5,266.86,1334.28,花呗,浙江省,0,已完成
ORD202605101449332506,USR89079,5/10/2026 14:49,母婴用品,奶瓶,1,1350.52,1080.42,花呗,湖北省,1,已完成
ORD202512261255346432,USR54944,12/26/2025 12:55,美妆个护,沐浴露,2,823.42,1317.47,银行卡,湖北省,1,已完成
ORD202603191441183007,USR48150,3/19/2026 14:41,服装服饰,羽绒服,1,1825.8,1460.64,银行卡,广东省,1,已完成
ORD202509121459271699,USR58343,9/12/2025 14:59,服装服饰,衬衫,5,899.56,4497.8,银行卡,北京市,0,已完成
ORD202603261151338552,USR11059,3/26/2026 11:51,家居用品,床上四件套,1,404.68,404.68,银行卡,四川省,0,待发货
ORD202602042211491829,USR77853,2/4/2026 22:11,母婴用品,婴儿车,1,1497.48,1197.99,微信支付,上海市,1,待发货
ORD202510110239543752,USR86865,10/11/2025 2:39,数码家电,智能手表,1,5323.28,4258.63,货到付款,江苏省,1,已完成
ORD202507140744298096,USR96203,7/14/2025 7:44,家居用品,窗帘,5,960.92,3843.66,微信支付,北京市,1,已完成
ORD202509222337107471,USR98906,9/22/2025 23:37,母婴用品,童装,1,1261.96,1261.96,微信支付,北京市,0,已完成
ORD202511162018219128,USR28953,11/16/2025 20:18,美妆个护,洗面奶,4,682.99,2185.57,微信支付,四川省,1,待发货
ORD202508011008131483,USR17512,8/1/2025 10:08,美妆个护,洗面奶,4,1351.17,5404.69,花呗,山东省,0,已完成
ORD202511240500417270,USR41114,11/24/2025 5:00,美妆个护,洗发水,5,2701.26,13506.28,微信支付,浙江省,0,已完成
ORD202506020614547990,USR76467,6/2/2025 6:14,美妆个护,洗面奶,2,426.6,853.19,银行卡,广东省,0,已完成
ORD202603081023083831,USR83328,3/8/2026 10:23,美妆个护,面霜,4,1178.49,4713.95,微信支付,江苏省,0,已完成
ORD202605070332276799,USR17157,5/7/2026 3:32,母婴用品,奶瓶,3,1651.23,3962.95,银行卡,浙江省,1,已完成
ORD202603071154364517,USR65320,3/7/2026 11:54,母婴用品,奶粉,4,1940.51,6209.62,货到付款,上海市,1,已完成
ORD202509110657494066,USR55064,9/11/2025 6:57,食品生鲜,牛奶,3,232.42,557.82,花呗,江苏省,1,已完成
ORD202512120948025505,USR35612,12/12/2025 9:48,服装服饰,衬衫,5,1038.65,5193.25,货到付款,湖北省,0,已完成
ORD202603232200085585,USR36263,3/23/2026 22:00,运动户外,健身器材,2,2903.64,5807.29,货到付款,北京市,0,已完成
ORD202508090909228307,USR93958,8/9/2025 9:09,美妆个护,爽肤水,3,2799.07,6717.78,花呗,上海市,1,已完成
ORD202512150356103435,USR36379,12/15/2025 3:56,数码家电,洗衣机,3,6936.55,20809.65,银行卡,福建省,0,已完成
ORD202605211018281567,USR18965,5/21/2026 10:18,运动户外,自行车,4,935.95,2995.03,银行卡,湖北省,1,已完成
ORD202507120749145026,USR54767,7/12/2025 7:49,母婴用品,辅食,3,901.68,2705.03,银行卡,上海市,0,已完成
ORD202605050149165835,USR34819,5/5/2026 1:49,数码家电,冰箱,5,3980.0,19900.02,花呗,山东省,0,待发货
ORD202601292013129173,USR97537,1/29/2026 20:13,数码家电,无线耳机,5,6418.22,32091.1,微信支付,福建省,0,已完成
ORD202509242142257750,USR72354,9/24/2025 21:42,数码家电,空气净化器,5,5021.7,20086.79,支付宝,广东省,1,已完成
ORD202604232055368848,USR71263,4/23/2026 20:55,食品生鲜,牛奶,4,330.57,1322.27,微信支付,浙江省,0,已完成
ORD202602040326271999,USR88612,2/4/2026 3:26,母婴用品,婴儿床,2,1996.49,3992.98,微信支付,上海市,0,已完成
ORD202512150345392437,USR53403,12/15/2025 3:45,数码家电,冰箱,4,1062.2,3399.04,货到付款,湖北省,1,已完成
ORD202601231200495583,USR85813,1/23/2026 12:00,美妆个护,爽肤水,5,692.34,3461.7,支付宝,山东省,0,待发货
ORD202508170559097275,USR84199,8/17/2025 5:59,家居用品,拖把,4,1235.53,3953.7,银行卡,山东省,1,已完成
ORD202507300833543248,USR53995,7/30/2025 8:33,数码家电,智能手表,5,3108.37,15541.84,微信支付,湖北省,0,已完成
ORD202510240507467868,USR90753,10/24/2025 5:07,食品生鲜,零食,1,20.61,20.61,花呗,上海市,0,已完成
ORD202603240306564267,USR49273,3/24/2026 3:06,运动户外,跑步鞋,1,549.71,439.77,微信支付,江苏省,1,已完成
ORD202508021744469614,USR64879,8/2/2025 17:44,母婴用品,奶粉,3,1377.86,4133.58,银行卡,河南省,0,待发货
ORD202512271122365082,USR53072,12/27/2025 11:22,食品生鲜,面包,2,440.87,881.74,微信支付,河南省,0,已完成
ORD202603300919299907,USR31270,3/30/2026 9:19,数码家电,无线耳机,1,4356.7,4356.7,货到付款,湖北省,0,已完成
ORD202605250542311319,USR23742,5/25/2026 5:42,母婴用品,奶粉,5,1101.42,5507.11,货到付款,山东省,0,已完成
ORD202512232315167266,USR69546,12/23/2025 23:15,家居用品,窗帘,4,780.18,3120.71,微信支付,浙江省,0,已完成
ORD202605231658476883,USR15530,5/23/2026 16:58,数码家电,智能手机,4,6259.07,25036.29,货到付款,山东省,0,已完成
ORD202506010519498859,USR75002,6/1/2025 5:19,食品生鲜,肉类,3,378.38,908.11,花呗,四川省,1,已完成
ORD202601191434059921,USR38757,1/19/2026 14:34,服装服饰,休闲裤,4,1197.31,3831.4,支付宝,山东省,1,已完成
ORD202510042121128940,USR10484,10/4/2025 21:21,美妆个护,香水,1,661.61,661.61,微信支付,湖北省,0,已完成
ORD202512071808076636,USR93724,12/7/2025 18:08,运动户外,足球,4,575.39,2301.56,花呗,上海市,0,已完成
ORD202506081332119231,USR39232,6/8/2025 13:32,食品生鲜,蔬菜,1,41.48,41.48,花呗,江苏省,0,已完成
ORD202507141040576269,USR40182,7/14/2025 10:40,母婴用品,玩具,1,1205.76,1205.76,花呗,北京市,0,已完成
ORD202605271949367363,USR71149,5/27/2026 19:49,数码家电,无线耳机,2,6687.76,13375.53,银行卡,江苏省,0,已完成
ORD202510192313335430,USR91778,10/19/2025 23:13,美妆个护,洗面奶,3,2579.24,7737.72,微信支付,浙江省,0,已完成
ORD202605080616533946,USR37936,5/8/2026 6:16,数码家电,冰箱,5,3977.17,19885.83,微信支付,浙江省,0,已完成
ORD202604192341041427,USR41328,4/19/2026 23:41,母婴用品,奶粉,1,1579.33,1579.33,微信支付,上海市,0,已完成
ORD202604100741106224,USR73012,4/10/2026 7:41,数码家电,平板,3,7601.6,22804.8,支付宝,江苏省,0,待发货
ORD202509281014214588,USR53452,9/28/2025 10:14,服装服饰,卫衣,5,586.58,2346.33,花呗,湖北省,1,待发货
ORD202509012351261480,USR59271,9/1/2025 23:51,美妆个护,洗发水,4,1211.94,3878.22,微信支付,河南省,1,已完成
ORD202506231154065602,USR36911,6/23/2025 11:54,美妆个护,粉底液,3,2796.49,8389.48,货到付款,山东省,0,已完成
ORD202509021305091959,USR62469,9/2/2025 13:05,母婴用品,婴儿床,3,709.55,1702.92,银行卡,福建省,1,已完成
ORD202605072338338728,USR34149,5/7/2026 23:38,运动户外,健身器材,3,4577.99,13733.98,支付宝,四川省,0,退款中
ORD202601070808599674,USR10881,1/7/2026 8:08,服装服饰,T恤,4,1963.04,6281.72,银行卡,湖北省,1,已完成
ORD202507011404086856,USR57555,7/1/2025 14:04,食品生鲜,牛奶,4,334.29,1337.15,花呗,江苏省,0,已完成
ORD202507040620524813,USR11296,7/4/2025 6:20,数码家电,无线耳机,3,6626.68,15904.03,货到付款,福建省,1,已完成
ORD202603120552233615,USR19664,3/12/2026 5:52,家居用品,沙发,2,2253.65,4507.29,花呗,河南省,0,已完成
ORD202512061745332640,USR56908,12/6/2025 17:45,数码家电,冰箱,1,5746.51,5746.51,微信支付,湖北省,0,已完成
ORD202604132153165060,USR13934,4/13/2026 21:53,数码家电,平板,4,2801.98,11207.93,银行卡,广东省,0,待发货
ORD202506272106264951,USR82704,6/27/2025 21:06,食品生鲜,海鲜,2,37.98,75.95,货到付款,福建省,0,已完成
ORD202603230919335366,USR25098,3/23/2026 9:19,数码家电,洗衣机,4,3072.89,12291.55,银行卡,湖北省,0,已完成
ORD202512242110529743,USR28664,12/24/2025 21:10,服装服饰,卫衣,3,1350.53,4051.58,支付宝,河南省,0,已完成
ORD202603251005391916,USR48086,3/25/2026 10:05,服装服饰,羽绒服,2,249.93,399.89,货到付款,福建省,1,已完成
ORD202507192010224594,USR67725,7/19/2025 20:10,美妆个护,爽肤水,5,65.4,326.98,支付宝,上海市,0,已完成
ORD202507202041427363,USR35480,7/20/2025 20:41,母婴用品,奶粉,1,322.4,322.4,货到付款,山东省,0,已完成
ORD202602120519246813,USR92750,2/12/2026 5:19,运动户外,篮球,1,3607.11,3607.11,微信支付,山东省,0,已完成
ORD202512021357103846,USR86767,12/2/2025 13:57,家居用品,茶几,4,2918.93,9340.56,银行卡,山东省,1,已完成
ORD202512311232273885,USR57174,12/31/2025 12:32,数码家电,平板,1,7872.99,6298.39,银行卡,浙江省,1,已完成
ORD202508040305414875,USR15754,8/4/2025 3:05,数码家电,无线耳机,5,4204.84,16819.37,花呗,北京市,1,已完成
ORD202509112230246210,USR13890,9/11/2025 22:30,食品生鲜,海鲜,2,435.98,871.97,货到付款,河南省,0,已完成
ORD202512222216346878,USR36099,12/22/2025 22:16,母婴用品,童装,2,1486.81,2973.62,货到付款,山东省,0,已完成
ORD202605051939551462,USR35929,5/5/2026 19:39,服装服饰,牛仔裤,3,1027.03,3081.09,支付宝,江苏省,0,已完成
ORD202601221351546761,USR47237,1/22/2026 13:51,家居用品,床上四件套,2,1726.83,3453.65,货到付款,北京市,0,已完成
ORD202511120755533328,USR32825,11/12/2025 7:55,美妆个护,香水,4,437.56,1750.26,银行卡,四川省,0,已完成
ORD202508220606084084,USR38697,8/22/2025 6:06,服装服饰,牛仔裤,5,1878.44,9392.2,货到付款,北京市,0,已完成
ORD202605271806049064,USR44340,5/27/2026 18:06,母婴用品,玩具,3,736.26,2208.79,花呗,福建省,0,已完成
ORD202512271036139882,USR32843,12/27/2025 10:36,运动户外,自行车,4,2286.13,9144.53,花呗,江苏省,0,已完成
ORD202603210734546063,USR54540,3/21/2026 7:34,美妆个护,口红,4,2024.83,8099.32,银行卡,湖北省,0,已完成
ORD202603111127023876,USR82680,3/11/2026 11:27,运动户外,健身器材,4,1736.12,5555.59,银行卡,江苏省,1,已完成
ORD202602232201569035,USR42239,2/23/2026 22:01,食品生鲜,水果,1,134.59,134.59,银行卡,浙江省,0,待发货
ORD202508180251491621,USR33401,8/18/2025 2:51,食品生鲜,肉类,4,319.21,1021.49,货到付款,山东省,1,已完成
ORD202603042109572478,USR35688,3/4/2026 21:09,数码家电,无线耳机,1,687.38,687.38,货到付款,四川省,0,已完成
ORD202509300124231920,USR12817,9/30/2025 1:24,运动户外,帐篷,2,3631.55,7263.11,微信支付,山东省,0,已完成
ORD202511022252394811,USR33078,11/2/2025 22:52,母婴用品,奶粉,1,1052.35,1052.35,支付宝,广东省,0,已完成
ORD202602162034344584,USR44313,2/16/2026 20:34,家居用品,床上四件套,4,1825.15,5840.47,货到付款,四川省,1,已完成
ORD202602080918091326,USR23263,2/8/2026 9:18,美妆个护,洗面奶,5,1906.68,9533.42,微信支付,广东省,0,已完成
ORD202510240031529625,USR12751,10/24/2025 0:31,服装服饰,卫衣,5,1077.75,4310.99,微信支付,湖北省,1,已完成
ORD202511180323198831,USR98795,11/18/2025 3:23,母婴用品,婴儿车,2,1185.94,2371.88,花呗,四川省,0,已完成
ORD202605160900391011,USR27988,5/16/2026 9:00,母婴用品,玩具,4,1383.39,5533.55,货到付款,山东省,0,已完成
ORD202512190009236435,USR59666,12/19/2025 0:09,食品生鲜,牛奶,1,379.03,303.22,微信支付,浙江省,1,已完成
ORD202511230809214300,USR95835,11/23/2025 8:09,运动户外,登山包,5,3664.52,18322.58,花呗,湖北省,0,已完成
ORD202507172350273137,USR24544,7/17/2025 23:50,数码家电,无线耳机,3,7022.12,16853.1,支付宝,四川省,1,已完成
ORD202509050638526582,USR54352,9/5/2025 6:38,数码家电,洗衣机,4,1920.83,7683.3,花呗,上海市,0,已完成
ORD202508270619513907,USR37556,8/27/2025 6:19,美妆个护,香水,4,1221.41,4885.64,支付宝,浙江省,0,已完成
ORD202506252045526301,USR49986,6/25/2025 20:45,食品生鲜,海鲜,3,474.42,1138.61,银行卡,山东省,1,已完成
ORD202510100711091975,USR69795,10/10/2025 7:11,母婴用品,玩具,5,823.35,3293.41,银行卡,广东省,1,已完成
ORD202506090403121359,USR41476,6/9/2025 4:03,家居用品,垃圾桶,3,392.11,1176.34,花呗,河南省,0,已完成
ORD202601151126043420,USR58449,1/15/2026 11:26,食品生鲜,海鲜,2,267.47,427.95,银行卡,广东省,1,已完成
ORD202601020255223320,USR58804,1/2/2026 2:55,美妆个护,香水,1,355.19,355.19,货到付款,山东省,0,已完成
ORD202508290849292817,USR96626,8/29/2025 8:49,美妆个护,面霜,1,632.47,505.98,花呗,北京市,1,已完成
ORD202601151239339622,USR32460,1/15/2026 12:39,食品生鲜,水果,5,499.18,2495.88,微信支付,福建省,0,待发货
ORD202508251234296978,USR79065,8/25/2025 12:34,美妆个护,口红,3,1637.85,4913.54,货到付款,江苏省,0,已完成
ORD202506031901242188,USR91684,6/3/2025 19:01,食品生鲜,海鲜,4,149.19,596.75,花呗,山东省,0,已完成
ORD202506281342127120,USR66848,6/28/2025 13:42,服装服饰,连衣裙,4,1989.81,7959.24,支付宝,上海市,0,退款中
ORD202603022133207481,USR18569,3/2/2026 21:33,食品生鲜,水果,4,483.61,1934.46,银行卡,山东省,0,已完成
ORD202602010218212655,USR25531,2/1/2026 2:18,运动户外,瑜伽垫,2,2259.62,4519.24,银行卡,上海市,0,已完成
ORD202506232044356514,USR28931,6/23/2025 20:44,食品生鲜,牛奶,2,137.6,275.2,银行卡,广东省,0,已取消
ORD202508282153315944,USR27143,8/28/2025 21:53,美妆个护,口红,4,2520.05,8064.15,花呗,北京市,1,已完成
ORD202506270412596285,USR34856,6/27/2025 4:12,运动户外,自行车,5,3606.54,18032.71,货到付款,四川省,0,已完成
ORD202605181507343235,USR35124,5/18/2026 15:07,美妆个护,口红,2,2070.22,4140.43,支付宝,山东省,0,已完成
ORD202506130447233580,USR79803,6/13/2025 4:47,数码家电,平板,2,7198.35,14396.71,银行卡,福建省,0,已完成
ORD202604302022578157,USR59570,4/30/2026 20:22,数码家电,冰箱,1,5670.63,4536.5,货到付款,湖北省,1,已完成
ORD202510070749008982,USR59054,10/7/2025 7:49,运动户外,瑜伽垫,1,1490.61,1490.61,微信支付,上海市,0,已完成
ORD202506281226186198,USR51674,6/28/2025 12:26,服装服饰,卫衣,5,1403.03,7015.17,微信支付,福建省,0,退款中
ORD202512171616563854,USR88584,12/17/2025 16:16,数码家电,空气净化器,2,2793.6,5587.2,支付宝,湖北省,0,已完成
ORD202509011021506846,USR66300,9/1/2025 10:21,食品生鲜,水果,2,382.03,764.05,银行卡,四川省,0,已完成
ORD202509170335464657,USR93380,9/17/2025 3:35,美妆个护,洗面奶,3,1870.65,5611.95,微信支付,江苏省,0,已完成
ORD202602151919293872,USR42053,2/15/2026 19:19,数码家电,智能手表,5,1080.59,5402.93,货到付款,山东省,0,已完成
ORD202512061223277199,USR16054,12/6/2025 12:23,数码家电,洗衣机,5,4346.27,21731.33,货到付款,上海市,0,已完成
ORD202508230449546026,USR90744,8/23/2025 4:49,服装服饰,衬衫,3,719.44,2158.31,微信支付,广东省,0,已完成
ORD202512271001285825,USR86981,12/27/2025 10:01,运动户外,帐篷,3,1710.0,5129.99,银行卡,湖北省,0,已完成
ORD202507220914083086,USR34785,7/22/2025 9:14,运动户外,健身器材,1,3051.06,3051.06,支付宝,上海市,0,已完成
ORD202603082208043911,USR80184,3/8/2026 22:08,母婴用品,婴儿床,5,678.53,3392.67,银行卡,北京市,0,已完成
ORD202605300737281029,USR48559,5/30/2026 7:37,服装服饰,连衣裙,5,1564.94,6259.77,花呗,江苏省,1,已完成
ORD202605091624227415,USR29472,5/9/2026 16:24,食品生鲜,面包,3,44.69,107.25,微信支付,上海市,1,已完成
ORD202601081830261530,USR52949,1/8/2026 18:30,运动户外,健身器材,4,3335.9,13343.61,花呗,湖北省,0,已完成
ORD202601101840543983,USR42397,1/10/2026 18:40,美妆个护,洗发水,4,2433.31,9733.23,微信支付,河南省,0,已完成
ORD202512011336476213,USR16980,12/1/2025 13:36,服装服饰,连衣裙,1,1362.02,1362.02,支付宝,四川省,0,已完成
ORD202509030853544619,USR92504,9/3/2025 8:53,数码家电,无线耳机,4,4229.22,16916.88,银行卡,江苏省,0,已完成
ORD202604011710592705,USR46709,4/1/2026 17:10,美妆个护,爽肤水,4,2852.41,11409.65,银行卡,江苏省,0,待发货
ORD202512011625389129,USR26575,12/1/2025 16:25,美妆个护,口红,4,920.82,3683.27,微信支付,河南省,0,已完成
ORD202604101425033304,USR76619,4/10/2026 14:25,数码家电,洗衣机,2,643.76,1030.01,货到付款,四川省,1,已完成
ORD202511060204256425,USR86556,11/6/2025 2:04,服装服饰,卫衣,1,892.38,713.9,花呗,北京市,1,已完成
ORD202508132244562274,USR74092,8/13/2025 22:44,数码家电,平板,3,747.59,2242.77,银行卡,广东省,0,已完成
ORD202507071510484899,USR37425,7/7/2025 15:10,母婴用品,奶粉,4,1910.18,7640.71,银行卡,江苏省,0,已完成
ORD202507081527386682,USR20670,7/8/2025 15:27,美妆个护,洗面奶,2,653.46,1045.53,微信支付,北京市,1,已完成
ORD202602112209516234,USR71691,2/11/2026 22:09,家居用品,衣柜,4,2371.0,7587.21,货到付款,江苏省,1,已完成
ORD202511150941173750,USR96966,11/15/2025 9:41,家居用品,餐具,2,2328.22,3725.16,花呗,广东省,1,已完成
ORD202510161417332453,USR90594,10/16/2025 14:17,食品生鲜,肉类,1,116.69,116.69,货到付款,河南省,0,已完成
ORD202511121202206500,USR18503,11/12/2025 12:02,运动户外,篮球,4,3144.01,12576.04,货到付款,广东省,0,待发货
ORD202511071545038317,USR31945,11/7/2025 15:45,数码家电,智能手表,2,860.59,1721.18,微信支付,福建省,0,已完成
ORD202511290859071186,USR76665,11/29/2025 8:59,数码家电,无线耳机,5,4126.81,20634.05,货到付款,山东省,0,已完成
ORD202605021132315345,USR60871,5/2/2026 11:32,食品生鲜,蔬菜,5,17.18,85.89,花呗,山东省,0,已完成
ORD202603110328464435,USR94550,3/11/2026 3:28,食品生鲜,牛奶,2,461.36,922.72,支付宝,河南省,0,已完成
ORD202506220054435088,USR76736,6/22/2025 0:54,食品生鲜,零食,4,488.28,1562.5,支付宝,广东省,1,已完成
ORD202602171212442110,USR59055,2/17/2026 12:12,美妆个护,洗面奶,4,690.18,2208.58,花呗,江苏省,1,已完成
ORD202602091838476742,USR75350,2/9/2026 18:38,母婴用品,玩具,1,455.81,455.81,微信支付,湖北省,0,已完成
ORD202602062249545205,USR78012,2/6/2026 22:49,数码家电,智能手机,1,6152.9,4922.32,银行卡,浙江省,1,已完成
ORD202507090519152770,USR70852,7/9/2025 5:19,美妆个护,口红,3,782.54,2347.61,微信支付,北京市,0,已完成
ORD202506241257031020,USR33461,6/24/2025 12:57,食品生鲜,零食,1,448.59,358.87,花呗,江苏省,1,已完成
ORD202511040842081788,USR52182,11/4/2025 8:42,数码家电,智能手表,4,4804.47,19217.87,货到付款,北京市,0,已完成
ORD202603101926337323,USR59005,3/10/2026 19:26,美妆个护,香水,3,1071.81,3215.43,支付宝,河南省,0,已完成
ORD202510101831468179,USR78875,10/10/2025 18:31,母婴用品,辅食,1,1673.75,1673.75,货到付款,广东省,0,已完成
ORD202604072203467875,USR73346,4/7/2026 22:03,美妆个护,面霜,2,1495.42,2990.84,微信支付,江苏省,0,已完成
ORD202605011522123725,USR74853,5/1/2026 15:22,母婴用品,奶粉,5,1827.68,9138.42,花呗,山东省,0,已完成
ORD202507131027407783,USR72096,7/13/2025 10:27,食品生鲜,零食,1,464.73,464.73,支付宝,河南省,0,已完成
ORD202509051338429078,USR45171,9/5/2025 13:38,母婴用品,纸尿裤,1,372.57,298.06,花呗,福建省,1,已取消
ORD202508140944567204,USR86177,8/14/2025 9:44,数码家电,洗衣机,2,517.43,1034.85,支付宝,江苏省,0,已完成
ORD202508132052316754,USR62552,8/13/2025 20:52,食品生鲜,牛奶,4,492.13,1968.5,支付宝,上海市,0,已完成
ORD202512260632439946,USR93637,12/26/2025 6:32,数码家电,无线耳机,2,7296.03,14592.06,支付宝,山东省,0,已完成
ORD202511220522527149,USR86543,11/22/2025 5:22,家居用品,餐具,1,185.23,185.23,微信支付,北京市,0,已完成
ORD202507251035372661,USR95162,7/25/2025 10:35,服装服饰,运动鞋,4,1674.42,6697.67,花呗,湖北省,0,已取消
ORD202511112013188855,USR14797,11/11/2025 20:13,母婴用品,婴儿车,3,942.72,2262.53,银行卡,广东省,1,已完成
ORD202508110613564695,USR37158,8/11/2025 6:13,服装服饰,牛仔裤,1,554.98,554.98,银行卡,北京市,0,已完成
ORD202509170413443664,USR38773,9/17/2025 4:13,服装服饰,休闲裤,2,1763.56,3527.11,银行卡,广东省,0,已完成
ORD202511271600228393,USR36607,11/27/2025 16:00,母婴用品,婴儿床,3,433.5,1040.4,花呗,四川省,1,退款中
ORD202509060021532207,USR69255,9/6/2025 0:21,食品生鲜,饮料,5,474.18,2370.88,货到付款,河南省,0,已完成
ORD202605061447591547,USR40721,5/6/2026 14:47,家居用品,衣柜,3,632.75,1898.26,花呗,北京市,0,已完成
ORD202605251327325831,USR61891,5/25/2026 13:27,数码家电,智能手机,2,5102.62,8164.2,支付宝,山东省,1,已完成
ORD202506300638171328,USR38651,6/30/2025 6:38,美妆个护,粉底液,3,692.57,2077.7,货到付款,上海市,0,待发货
ORD202511200216406221,USR50107,11/20/2025 2:16,数码家电,平板,2,4592.51,9185.03,支付宝,湖北省,0,已完成
ORD202604101918475278,USR65708,4/10/2026 19:18,美妆个护,香水,1,2061.41,1649.12,支付宝,江苏省,1,待发货
ORD202605011221192715,USR59425,5/1/2026 12:21,数码家电,冰箱,4,1926.71,7706.84,花呗,浙江省,0,待发货
ORD202604291011222215,USR84890,4/29/2026 10:11,母婴用品,婴儿床,5,1065.73,5328.64,银行卡,河南省,0,已完成
ORD202512311724136600,USR30605,12/31/2025 17:24,家居用品,拖把,4,1417.8,4536.95,货到付款,浙江省,1,已完成
ORD202507090034313787,USR59034,7/9/2025 0:34,美妆个护,香水,4,240.98,963.92,微信支付,山东省,0,已完成
ORD202506201531027151,USR43361,6/20/2025 15:31,运动户外,自行车,4,4109.71,16438.83,银行卡,四川省,0,已完成
ORD202602090625513636,USR82161,2/9/2026 6:25,食品生鲜,水果,2,174.48,279.18,微信支付,江苏省,1,已完成
ORD202512272238412228,USR21109,12/27/2025 22:38,数码家电,洗衣机,2,4809.37,7694.99,花呗,江苏省,1,已完成
ORD202604211620309962,USR27606,4/21/2026 16:20,数码家电,空气净化器,5,4360.88,21804.41,货到付款,江苏省,0,已完成
ORD202506061733112525,USR21013,6/6/2025 17:33,美妆个护,粉底液,2,1554.38,3108.77,花呗,广东省,0,退款中
ORD202507070516196536,USR48672,7/7/2025 5:16,食品生鲜,海鲜,2,62.54,100.06,微信支付,湖北省,1,已完成
ORD202605261821578909,USR68262,5/26/2026 18:21,食品生鲜,蔬菜,2,217.51,348.01,支付宝,北京市,1,已完成
ORD202603201544221507,USR78002,3/20/2026 15:44,母婴用品,玩具,2,932.12,1864.23,花呗,湖北省,0,已完成
ORD202604261425038066,USR56081,4/26/2026 14:25,运动户外,健身器材,1,3694.85,3694.85,货到付款,北京市,0,已完成
ORD202508311912593703,USR40169,8/31/2025 19:12,母婴用品,纸尿裤,5,1688.04,8440.18,花呗,河南省,0,已完成
ORD202508041407548113,USR86541,8/4/2025 14:07,母婴用品,婴儿床,2,1112.72,1780.34,银行卡,广东省,1,已完成
ORD202511052003123573,USR15392,11/5/2025 20:03,母婴用品,纸尿裤,5,219.23,876.91,花呗,湖北省,1,已完成
ORD202512061430121877,USR70981,12/6/2025 14:30,母婴用品,奶粉,3,511.86,1228.46,微信支付,广东省,1,已完成
ORD202512042235082659,USR77143,12/4/2025 22:35,母婴用品,奶粉,1,371.62,297.3,花呗,上海市,1,已完成
ORD202508230016096424,USR91412,8/23/2025 0:16,家居用品,垃圾桶,2,391.35,782.71,货到付款,河南省,0,已完成
ORD202605021907324367,USR54089,5/2/2026 19:07,食品生鲜,面包,1,189.29,189.29,花呗,湖北省,0,已完成
ORD202511031757594112,USR65850,11/3/2025 17:57,母婴用品,童装,1,497.32,397.85,花呗,广东省,1,待发货
ORD202605171122377705,USR69133,5/17/2026 11:22,食品生鲜,肉类,3,116.97,280.72,货到付款,山东省,1,已完成
ORD202506231831179849,USR71282,6/23/2025 18:31,食品生鲜,面包,5,36.8,184.0,花呗,福建省,0,已完成
ORD202508032231455346,USR66689,8/3/2025 22:31,服装服饰,T恤,1,84.46,84.46,货到付款,北京市,0,已完成
ORD202510260417075612,USR63602,10/26/2025 4:17,家居用品,沙发,4,326.25,1044.0,微信支付,江苏省,1,已完成
ORD202506012005225872,USR58170,6/1/2025 20:05,母婴用品,童装,3,385.79,1157.36,货到付款,福建省,0,已完成
ORD202510301459404891,USR75213,10/30/2025 14:59,数码家电,笔记本电脑,4,3732.38,14929.51,微信支付,浙江省,0,已完成
ORD202509112352172571,USR51552,9/11/2025 23:52,美妆个护,粉底液,3,1546.25,4638.74,微信支付,广东省,0,待发货
ORD202605261946271813,USR45785,5/26/2026 19:46,运动户外,足球,4,788.9,3155.6,货到付款,浙江省,0,已完成
ORD202604011204037437,USR60118,4/1/2026 12:04,数码家电,空气净化器,4,3685.88,14743.5,花呗,上海市,0,已完成
ORD202604012156099043,USR13239,4/1/2026 21:56,家居用品,床上四件套,1,1038.41,830.73,银行卡,山东省,1,已完成
ORD202511241659073516,USR33536,11/24/2025 16:59,美妆个护,粉底液,1,574.77,574.77,货到付款,北京市,0,已完成
ORD202509191842551893,USR67892,9/19/2025 18:42,家居用品,沙发,3,40.39,121.16,花呗,上海市,0,已完成
ORD202511120642556911,USR40643,11/12/2025 6:42,食品生鲜,面包,5,238.84,1194.19,微信支付,四川省,0,已完成
ORD202602261242121062,USR44815,2/26/2026 12:42,美妆个护,口红,1,2066.39,1653.11,支付宝,河南省,1,待发货
ORD202603111648108005,USR94587,3/11/2026 16:48,食品生鲜,牛奶,1,120.88,96.7,银行卡,上海市,1,已完成
ORD202604010527312435,USR19946,4/1/2026 5:27,数码家电,智能手机,2,1488.55,2381.68,花呗,福建省,1,待发货
ORD202601022008105825,USR57067,1/2/2026 20:08,数码家电,无线耳机,1,7152.82,5722.26,银行卡,北京市,1,已完成
ORD202602130105158869,USR20802,2/13/2026 1:05,美妆个护,洗面奶,5,846.82,4234.12,支付宝,福建省,0,已完成
ORD202603070003014271,USR48603,3/7/2026 0:03,美妆个护,口红,2,694.13,1388.26,支付宝,北京市,0,待发货
ORD202512070006222589,USR75767,12/7/2025 0:06,母婴用品,婴儿床,4,1721.34,6885.36,支付宝,江苏省,0,已完成
ORD202507310248391421,USR77212,7/31/2025 2:48,家居用品,茶几,4,2454.98,9819.92,货到付款,湖北省,0,已完成
ORD202508131758354390,USR81650,8/13/2025 17:58,母婴用品,婴儿车,2,924.28,1478.84,银行卡,北京市,1,已完成
ORD202509240531023798,USR94365,9/24/2025 5:31,家居用品,沙发,2,1477.93,2955.86,货到付款,福建省,0,已完成
ORD202508241307095781,USR20244,8/24/2025 13:07,母婴用品,纸尿裤,2,474.61,759.38,支付宝,浙江省,1,已完成
ORD202506231706132342,USR46231,6/23/2025 17:06,食品生鲜,牛奶,3,48.37,145.1,花呗,上海市,0,待发货
ORD202601112221058758,USR39850,1/11/2026 22:21,美妆个护,面霜,5,1733.09,8665.46,支付宝,上海市,0,已完成
ORD202603131734032892,USR22898,3/13/2026 17:34,数码家电,洗衣机,5,1237.59,6187.93,货到付款,北京市,0,待发货
ORD202512281337326052,USR25543,12/28/2025 13:37,家居用品,沙发,4,1358.84,5435.35,支付宝,四川省,0,待发货
ORD202506241609567512,USR19351,6/24/2025 16:09,家居用品,衣柜,4,2822.68,11290.73,支付宝,北京市,0,已完成
ORD202603181138158715,USR57216,3/18/2026 11:38,数码家电,洗衣机,4,7646.26,30585.03,货到付款,广东省,0,待发货
ORD202509301900319013,USR15017,9/30/2025 19:00,母婴用品,纸尿裤,1,516.7,516.7,货到付款,浙江省,0,已完成
ORD202506230449085341,USR81568,6/23/2025 4:49,家居用品,餐具,4,1879.86,7519.43,花呗,江苏省,0,已完成
ORD202506201121372493,USR36254,6/20/2025 11:21,运动户外,帐篷,2,2422.97,4845.95,货到付款,江苏省,0,已完成
ORD202601132055479914,USR53746,1/13/2026 20:55,食品生鲜,面包,4,439.09,1756.34,花呗,福建省,0,已完成
ORD202512030359277349,USR35774,12/3/2025 3:59,美妆个护,面霜,2,836.15,1672.3,微信支付,山东省,0,已完成
ORD202512130654184029,USR98487,12/13/2025 6:54,数码家电,冰箱,3,527.77,1583.3,微信支付,湖北省,0,已完成
ORD202605240118327078,USR53154,5/24/2026 1:18,美妆个护,洗发水,1,512.81,512.81,货到付款,福建省,0,已完成
ORD202604280355317249,USR42771,4/28/2026 3:55,运动户外,篮球,1,1812.66,1812.66,支付宝,广东省,0,已完成
ORD202512240627157052,USR49677,12/24/2025 6:27,家居用品,窗帘,5,960.85,4804.24,银行卡,山东省,0,已取消
ORD202508010322454056,USR99592,8/1/2025 3:22,家居用品,拖把,3,2378.26,7134.78,支付宝,湖北省,0,已完成
ORD202506230209218303,USR45974,6/23/2025 2:09,运动户外,帐篷,2,3434.75,6869.49,货到付款,上海市,0,已完成
ORD202512150518161731,USR34987,12/15/2025 5:18,数码家电,平板,3,2746.67,8240.02,花呗,福建省,0,已完成
ORD202507020241345313,USR89171,7/2/2025 2:41,食品生鲜,水果,1,234.29,234.29,支付宝,江苏省,0,已完成
ORD202604271505158204,USR28070,4/27/2026 15:05,服装服饰,T恤,2,236.34,378.14,微信支付,山东省,1,已完成
ORD202508120400518619,USR81188,8/12/2025 4:00,数码家电,空气净化器,3,7236.1,21708.3,货到付款,山东省,0,已完成
ORD202506271439545315,USR44227,6/27/2025 14:39,服装服饰,羽绒服,1,1874.08,1874.08,支付宝,浙江省,0,已取消
ORD202601180207454706,USR11118,1/18/2026 2:07,运动户外,足球,2,4901.04,7841.66,支付宝,北京市,1,已完成
ORD202506270926285400,USR49252,6/27/2025 9:26,母婴用品,婴儿车,2,1743.68,3487.36,花呗,广东省,0,已完成
ORD202602180526132009,USR46942,2/18/2026 5:26,服装服饰,羽绒服,1,389.22,311.38,花呗,湖北省,1,已完成
ORD202605011644133476,USR55433,5/1/2026 16:44,食品生鲜,水果,2,32.64,65.27,花呗,湖北省,0,待发货
ORD202508310815332584,USR62928,8/31/2025 8:15,母婴用品,婴儿床,1,1180.21,1180.21,银行卡,江苏省,0,已完成
ORD202511041927392404,USR63183,11/4/2025 19:27,服装服饰,牛仔裤,4,1829.58,5854.66,货到付款,北京市,1,已完成
ORD202507171325276632,USR86015,7/17/2025 13:25,运动户外,帐篷,4,969.02,3876.09,货到付款,江苏省,0,已完成
ORD202605121804459871,USR95892,5/12/2026 18:04,母婴用品,玩具,2,63.73,127.47,微信支付,河南省,0,已完成
ORD202601080545347782,USR11558,1/8/2026 5:45,运动户外,瑜伽垫,2,4046.93,8093.86,微信支付,广东省,0,已完成
ORD202509041453364727,USR71866,9/4/2025 14:53,服装服饰,休闲裤,1,199.75,199.75,货到付款,北京市,0,已完成
ORD202601111955001999,USR95733,1/11/2026 19:55,运动户外,篮球,2,2127.16,4254.32,支付宝,山东省,0,已完成
ORD202601172119127342,USR77193,1/17/2026 21:19,食品生鲜,零食,5,342.65,1713.27,货到付款,河南省,0,已完成
ORD202506161025089561,USR29566,6/16/2025 10:25,服装服饰,衬衫,4,511.76,1637.62,银行卡,江苏省,1,已完成
ORD202601271303147858,USR62101,1/27/2026 13:03,服装服饰,连衣裙,2,213.73,341.96,微信支付,河南省,1,已完成
ORD202507022008269773,USR39829,7/2/2025 20:08,服装服饰,牛仔裤,2,1551.54,3103.08,微信支付,上海市,0,已完成
ORD202511101927338779,USR39743,11/10/2025 19:27,数码家电,智能手机,3,5226.31,12543.15,微信支付,福建省,1,已完成
ORD202602110709434860,USR37508,2/11/2026 7:09,数码家电,智能手机,2,7913.68,15827.36,货到付款,山东省,0,已取消
ORD202601131613128803,USR72185,1/13/2026 16:13,数码家电,洗衣机,5,3082.31,15411.55,微信支付,北京市,0,待发货
ORD202601061217485896,USR40634,1/6/2026 12:17,食品生鲜,海鲜,4,40.26,128.84,微信支付,上海市,1,退款中
ORD202512210041172293,USR77610,12/21/2025 0:41,母婴用品,童装,3,1481.98,3556.76,货到付款,山东省,1,已完成
ORD202510012046507468,USR86939,10/1/2025 20:46,运动户外,跑步鞋,1,2656.49,2125.2,支付宝,江苏省,1,已完成
ORD202605300005371568,USR82432,5/30/2026 0:05,家居用品,茶几,1,655.35,655.35,微信支付,江苏省,0,待发货
ORD202509100630449226,USR71438,9/10/2025 6:30,服装服饰,羽绒服,4,1574.37,6297.49,微信支付,北京市,0,已完成
ORD202508190750019467,USR70476,8/19/2025 7:50,运动户外,篮球,1,1098.4,878.72,微信支付,北京市,1,已完成
ORD202602160217543415,USR54650,2/16/2026 2:17,服装服饰,羽绒服,5,558.29,2791.45,银行卡,湖北省,0,已完成
ORD202603060323292970,USR21255,3/6/2026 3:23,食品生鲜,面包,2,55.34,110.68,货到付款,上海市,0,已完成
ORD202510010024218357,USR51035,10/1/2025 0:24,服装服饰,运动鞋,4,828.89,3315.57,微信支付,北京市,0,已完成
ORD202509011642513832,USR34621,9/1/2025 16:42,数码家电,平板,3,3641.97,8740.73,银行卡,湖北省,1,已完成
ORD202509120342243738,USR66202,9/12/2025 3:42,家居用品,床上四件套,2,1553.39,3106.79,支付宝,上海市,0,已完成
ORD202511011659294471,USR64747,11/1/2025 16:59,美妆个护,面霜,1,2135.62,2135.62,支付宝,江苏省,0,已完成
ORD202507211952264157,USR37470,7/21/2025 19:52,服装服饰,牛仔裤,1,1816.9,1816.9,银行卡,河南省,0,已完成
ORD202602162036233067,USR67498,2/16/2026 20:36,运动户外,跑步鞋,3,774.9,2324.69,支付宝,河南省,0,已完成
ORD202602061630121699,USR68978,2/6/2026 16:30,数码家电,笔记本电脑,5,907.61,3630.44,花呗,四川省,1,退款中
ORD202509251210317936,USR83196,9/25/2025 12:10,美妆个护,粉底液,3,85.04,255.11,支付宝,上海市,0,已取消
ORD202511251338302283,USR13945,11/25/2025 13:38,家居用品,拖把,4,447.99,1791.97,花呗,上海市,0,已完成
ORD202510011859068133,USR59112,10/1/2025 18:59,美妆个护,面霜,3,1984.11,5952.33,银行卡,湖北省,0,待发货
ORD202605271904424308,USR28212,5/27/2026 19:04,数码家电,空气净化器,1,5956.08,5956.08,花呗,福建省,0,已完成
ORD202603192353053422,USR85695,3/19/2026 23:53,母婴用品,婴儿车,5,1583.69,7918.43,支付宝,河南省,0,已完成
ORD202605300940325225,USR26822,5/30/2026 9:40,母婴用品,辅食,5,525.23,2626.16,微信支付,江苏省,0,已完成
ORD202506290409036238,USR50051,6/29/2025 4:09,美妆个护,粉底液,3,938.51,2815.52,花呗,湖北省,0,待发货
ORD202506041449342097,USR11268,6/4/2025 14:49,食品生鲜,水果,4,246.74,986.94,支付宝,北京市,0,已完成
ORD202511252331502425,USR75509,11/25/2025 23:31,运动户外,健身器材,1,409.6,327.68,微信支付,上海市,1,已完成
ORD202601280537257358,USR96356,1/28/2026 5:37,运动户外,帐篷,2,3094.59,4951.35,银行卡,广东省,1,已完成
ORD202601051528517510,USR56486,1/5/2026 15:28,美妆个护,口红,5,2951.69,14758.47,银行卡,湖北省,0,已完成
ORD202507091953346343,USR54541,7/9/2025 19:53,服装服饰,牛仔裤,3,753.57,2260.72,货到付款,山东省,0,已完成
ORD202506291050215525,USR39555,6/29/2025 10:50,服装服饰,休闲裤,4,1518.05,4857.77,银行卡,浙江省,1,已完成
ORD202512261906579514,USR64938,12/26/2025 19:06,运动户外,跑步鞋,4,2550.17,10200.66,货到付款,河南省,0,已完成
ORD202508221844318506,USR65799,8/22/2025 18:44,运动户外,登山包,1,726.28,726.28,银行卡,江苏省,0,已完成
ORD202512141111131202,USR99884,12/14/2025 11:11,母婴用品,奶瓶,5,1185.36,4741.45,银行卡,山东省,1,已完成
ORD202509112350499561,USR62870,9/11/2025 23:50,食品生鲜,牛奶,1,156.94,156.94,银行卡,四川省,0,已完成
ORD202507221035047874,USR80464,7/22/2025 10:35,数码家电,智能手机,2,758.02,1516.05,货到付款,江苏省,0,已完成
ORD202605291036282843,USR49274,5/29/2026 10:36,服装服饰,运动鞋,2,1288.11,2576.23,货到付款,北京市,0,已完成
ORD202510141259537790,USR52739,10/14/2025 12:59,运动户外,足球,2,4308.77,8617.54,花呗,山东省,0,退款中
ORD202605090214573451,USR86933,5/9/2026 2:14,母婴用品,婴儿床,4,722.3,2311.36,支付宝,广东省,1,已取消
ORD202506271710533428,USR13046,6/27/2025 17:10,家居用品,床上四件套,5,1183.08,5915.4,支付宝,福建省,0,已完成
ORD202605081123332641,USR84393,5/8/2026 11:23,母婴用品,奶粉,1,1787.49,1787.49,支付宝,河南省,0,已完成
ORD202509032053442730,USR14221,9/3/2025 20:53,服装服饰,羽绒服,1,1636.54,1309.23,银行卡,上海市,1,已完成
ORD202510221214312654,USR28236,10/22/2025 12:14,服装服饰,连衣裙,2,1444.16,2310.65,支付宝,福建省,1,已完成
ORD202509191616305687,USR30144,9/19/2025 16:16,母婴用品,奶粉,5,535.15,2675.77,货到付款,河南省,0,已取消
ORD202508010618259775,USR53286,8/1/2025 6:18,数码家电,笔记本电脑,5,7326.62,36633.12,花呗,河南省,0,已完成
ORD202511180410346633,USR84473,11/18/2025 4:10,美妆个护,口红,3,488.61,1465.84,微信支付,北京市,0,已完成
ORD202604201903587732,USR92554,4/20/2026 19:03,服装服饰,T恤,5,1272.2,5088.81,花呗,四川省,1,已完成
ORD202512282309305327,USR89036,12/28/2025 23:09,母婴用品,玩具,5,106.16,530.81,支付宝,四川省,0,已完成
ORD202603010528027275,USR89670,3/1/2026 5:28,运动户外,帐篷,1,3254.23,3254.23,支付宝,北京市,0,已完成
ORD202509261139508955,USR85219,9/26/2025 11:39,母婴用品,纸尿裤,5,590.43,2952.16,货到付款,北京市,0,待发货
ORD202601241314598750,USR61234,1/24/2026 13:14,食品生鲜,海鲜,5,230.34,1151.71,花呗,河南省,0,已完成
ORD202604101043001613,USR59980,4/10/2026 10:43,美妆个护,沐浴露,1,1055.44,1055.44,货到付款,山东省,0,已完成
ORD202602092330033821,USR36765,2/9/2026 23:30,家居用品,餐具,5,534.82,2674.08,货到付款,上海市,0,已完成
ORD202512231005045512,USR61201,12/23/2025 10:05,数码家电,洗衣机,1,5164.86,5164.86,微信支付,浙江省,0,已完成
ORD202506040054597602,USR18350,6/4/2025 0:54,家居用品,餐具,3,2648.29,7944.86,货到付款,四川省,0,已完成
ORD202602150856103356,USR80056,2/15/2026 8:56,美妆个护,洗面奶,4,2878.48,11513.92,货到付款,江苏省,0,已完成
ORD202604140757457581,USR60650,4/14/2026 7:57,美妆个护,爽肤水,1,601.27,601.27,微信支付,浙江省,0,已完成
ORD202601020916041635,USR34685,1/2/2026 9:16,美妆个护,爽肤水,1,2160.6,1728.48,银行卡,福建省,1,已完成
ORD202509250624437484,USR72230,9/25/2025 6:24,家居用品,茶几,5,1999.73,7998.93,银行卡,河南省,1,已完成
ORD202605282035446431,USR24239,5/28/2026 20:35,运动户外,帐篷,1,1782.55,1782.55,微信支付,福建省,0,已完成
ORD202602131513514892,USR53101,2/13/2026 15:13,美妆个护,爽肤水,2,86.72,173.45,货到付款,山东省,0,已完成
ORD202507110529461807,USR84647,7/11/2025 5:29,母婴用品,婴儿车,2,1395.09,2790.19,支付宝,四川省,0,已完成
ORD202605311527428785,USR69183,5/31/2026 15:27,家居用品,衣柜,3,2837.57,8512.72,花呗,山东省,0,已完成
ORD202605080044115400,USR93755,5/8/2026 0:44,美妆个护,面霜,1,1907.4,1907.4,支付宝,河南省,0,已完成
ORD202507230341027102,USR49930,7/23/2025 3:41,母婴用品,玩具,5,898.82,4494.1,支付宝,浙江省,0,已完成
ORD202509111700031331,USR22221,9/11/2025 17:00,运动户外,自行车,5,2673.25,10693.02,货到付款,福建省,1,已完成
ORD202507151952236535,USR32468,7/15/2025 19:52,食品生鲜,牛奶,4,107.82,431.27,花呗,浙江省,0,待发货
ORD202605121243245965,USR23672,5/12/2026 12:43,运动户外,足球,3,3777.67,11333.0,花呗,山东省,0,待发货
ORD202507121338516094,USR98458,7/12/2025 13:38,美妆个护,洗发水,5,2246.87,11234.33,银行卡,湖北省,0,已完成
ORD202603160749305593,USR82470,3/16/2026 7:49,家居用品,拖把,4,453.64,1451.65,微信支付,江苏省,1,已完成
ORD202601012025059054,USR33283,1/1/2026 20:25,服装服饰,羽绒服,5,1762.06,8810.29,货到付款,福建省,0,已完成
ORD202507310852462609,USR14202,7/31/2025 8:52,美妆个护,粉底液,4,829.49,2654.38,花呗,四川省,1,已完成
ORD202509141828094734,USR89084,9/14/2025 18:28,服装服饰,连衣裙,2,1965.4,3930.8,货到付款,北京市,0,已完成
ORD202509181009313201,USR74043,9/18/2025 10:09,母婴用品,奶粉,2,796.66,1274.66,银行卡,山东省,1,已完成
ORD202601212125215923,USR13517,1/21/2026 21:25,食品生鲜,水果,5,97.16,388.65,支付宝,山东省,1,已完成
ORD202508211912388259,USR34470,8/21/2025 19:12,数码家电,笔记本电脑,3,3137.9,7530.96,花呗,福建省,1,已完成
ORD202603061637496257,USR36083,3/6/2026 16:37,运动户外,篮球,1,2256.88,2256.88,银行卡,江苏省,0,已完成
ORD202510120352335414,USR19108,10/12/2025 3:52,食品生鲜,海鲜,3,43.96,131.88,货到付款,北京市,0,已完成
ORD202508190139527828,USR60579,8/19/2025 1:39,美妆个护,口红,3,1747.31,5241.93,银行卡,广东省,0,已完成
ORD202602222356152462,USR47200,2/22/2026 23:56,服装服饰,T恤,1,1215.38,972.31,银行卡,浙江省,1,待发货
ORD202602020731344079,USR36986,2/2/2026 7:31,运动户外,篮球,2,3720.76,7441.52,银行卡,福建省,0,已完成
ORD202604280543258237,USR40544,4/28/2026 5:43,服装服饰,T恤,2,106.88,213.76,银行卡,江苏省,0,已完成
ORD202509111230294463,USR48155,9/11/2025 12:30,家居用品,床上四件套,1,1632.89,1632.89,银行卡,上海市,0,已完成
ORD202512140645137671,USR96451,12/14/2025 6:45,服装服饰,牛仔裤,4,153.17,612.68,银行卡,湖北省,0,已完成
ORD202512071726488937,USR78733,12/7/2025 17:26,家居用品,沙发,3,2109.41,6328.23,微信支付,广东省,0,已取消
ORD202509061237109462,USR19172,9/6/2025 12:37,母婴用品,奶瓶,5,158.67,793.35,货到付款,江苏省,0,已完成
ORD202605181420517126,USR69593,5/18/2026 14:20,运动户外,登山包,2,4567.47,9134.93,支付宝,江苏省,0,待发货
ORD202605191639201920,USR17530,5/19/2026 16:39,运动户外,健身器材,5,3540.2,17701.02,货到付款,山东省,0,已完成
ORD202604251415299442,USR58319,4/25/2026 14:15,数码家电,冰箱,1,4305.42,3444.34,花呗,北京市,1,已完成
ORD202506201728483604,USR77964,6/20/2025 17:28,美妆个护,洗面奶,5,1341.27,5365.07,花呗,江苏省,1,已完成
ORD202507062017022075,USR11447,7/6/2025 20:17,家居用品,窗帘,5,409.4,1637.62,货到付款,上海市,1,已完成
ORD202602020757346097,USR32521,2/2/2026 7:57,数码家电,冰箱,3,2682.5,8047.49,银行卡,河南省,0,已完成
ORD202511121200449303,USR52830,11/12/2025 12:00,服装服饰,衬衫,1,1744.47,1395.58,微信支付,江苏省,1,已完成
ORD202604190205047609,USR63852,4/19/2026 2:05,服装服饰,卫衣,5,1813.68,9068.41,支付宝,湖北省,0,已完成
ORD202509161050473222,USR61262,9/16/2025 10:50,数码家电,平板,2,505.61,1011.22,银行卡,四川省,0,已完成
ORD202506180255069589,USR30582,6/18/2025 2:55,运动户外,自行车,1,3011.27,3011.27,货到付款,浙江省,0,待发货
ORD202506020902531474,USR24515,6/2/2025 9:02,服装服饰,卫衣,2,1452.64,2905.27,货到付款,北京市,0,已完成
ORD202510081258203846,USR26926,10/8/2025 12:58,母婴用品,婴儿床,4,1256.56,5026.23,微信支付,上海市,0,已完成
ORD202603271121074158,USR80313,3/27/2026 11:21,母婴用品,奶粉,5,209.28,837.1,微信支付,北京市,1,待发货
ORD202507211919394288,USR64842,7/21/2025 19:19,数码家电,智能手机,1,2132.94,2132.94,货到付款,江苏省,0,已完成
ORD202602031019371944,USR72685,2/3/2026 10:19,家居用品,餐具,2,766.01,1532.03,银行卡,福建省,0,已完成
ORD202509101736005087,USR19012,9/10/2025 17:36,家居用品,窗帘,5,2498.54,12492.7,银行卡,广东省,0,待发货
ORD202508021803111541,USR60986,8/2/2025 18:03,数码家电,无线耳机,3,3974.0,11921.99,银行卡,四川省,0,退款中
ORD202603152046228478,USR37063,3/15/2026 20:46,家居用品,垃圾桶,2,1470.75,2941.5,支付宝,湖北省,0,已完成
ORD202511191412191828,USR27030,11/19/2025 14:12,运动户外,瑜伽垫,2,4680.98,9361.95,支付宝,四川省,0,已完成
ORD202601010602036904,USR36958,1/1/2026 6:02,运动户外,健身器材,4,3221.72,10309.51,银行卡,上海市,1,已完成
ORD202603020117504262,USR50600,3/2/2026 1:17,家居用品,茶几,3,2698.03,8094.09,货到付款,浙江省,0,已完成
ORD202511140219515488,USR66649,11/14/2025 2:19,母婴用品,玩具,4,940.19,3760.77,微信支付,上海市,0,已完成
ORD202601042001517035,USR97135,1/4/2026 20:01,家居用品,沙发,3,465.32,1116.77,花呗,湖北省,1,已完成
ORD202506041807418605,USR72230,6/4/2025 18:07,运动户外,篮球,2,4656.68,7450.7,微信支付,福建省,1,已完成
ORD202507141044249275,USR30811,7/14/2025 10:44,食品生鲜,零食,4,234.77,751.25,微信支付,湖北省,1,已完成
ORD202506300519247503,USR89129,6/30/2025 5:19,美妆个护,爽肤水,5,569.45,2847.23,花呗,北京市,0,已完成
ORD202605092308533029,USR85378,5/9/2026 23:08,服装服饰,T恤,3,639.67,1919.02,银行卡,北京市,0,已完成
ORD202602240846101500,USR50673,2/24/2026 8:46,食品生鲜,水果,2,34.89,69.79,微信支付,福建省,0,已完成
ORD202605180113294963,USR87003,5/18/2026 1:13,家居用品,垃圾桶,1,1415.54,1132.43,花呗,江苏省,1,待发货
ORD202507282117117102,USR36604,7/28/2025 21:17,母婴用品,纸尿裤,3,1713.6,4112.64,货到付款,山东省,1,已完成
ORD202512292116129008,USR75860,12/29/2025 21:16,数码家电,空气净化器,3,7501.85,22505.56,货到付款,河南省,0,待发货
ORD202506142348238308,USR99762,6/14/2025 23:48,家居用品,垃圾桶,5,2799.15,13995.77,货到付款,福建省,0,待发货
ORD202604210259213909,USR70156,4/21/2026 2:59,母婴用品,婴儿床,3,294.2,706.08,银行卡,湖北省,1,已完成
ORD202510220920328775,USR46102,10/22/2025 9:20,美妆个护,爽肤水,3,1164.7,3494.1,微信支付,河南省,0,已完成
ORD202601130522576730,USR36437,1/13/2026 5:22,家居用品,沙发,5,104.12,520.61,微信支付,江苏省,0,已完成
ORD202601011354256640,USR10975,1/1/2026 13:54,运动户外,帐篷,5,4290.31,21451.55,支付宝,河南省,0,已取消
ORD202507281220023679,USR28702,7/28/2025 12:20,数码家电,冰箱,4,3190.67,12762.67,货到付款,广东省,0,已完成
ORD202511142154095237,USR68422,11/14/2025 21:54,母婴用品,婴儿车,2,1280.68,2049.09,银行卡,浙江省,1,已完成
ORD202507201152422480,USR18384,7/20/2025 11:52,母婴用品,奶瓶,2,1444.05,2888.1,花呗,上海市,0,已完成
ORD202506170552235670,USR62328,6/17/2025 5:52,母婴用品,婴儿车,4,888.2,3552.79,银行卡,河南省,0,已完成
ORD202509281710331449,USR89278,9/28/2025 17:10,美妆个护,洗发水,2,940.13,1880.27,微信支付,湖北省,0,已完成
ORD202510201447547333,USR42353,10/20/2025 14:47,家居用品,窗帘,3,2887.39,8662.18,货到付款,北京市,0,已完成
ORD202605160306531813,USR78925,5/16/2026 3:06,美妆个护,沐浴露,4,2894.53,11578.12,支付宝,四川省,0,已完成
ORD202605290900383669,USR53108,5/29/2026 9:00,服装服饰,休闲裤,4,614.4,2457.6,银行卡,河南省,0,已完成
ORD202604060423514511,USR84609,4/6/2026 4:23,服装服饰,连衣裙,2,985.27,1970.54,支付宝,北京市,0,已完成
ORD202605010619464626,USR74350,5/1/2026 6:19,家居用品,沙发,1,2919.08,2919.08,微信支付,江苏省,0,待发货
ORD202506161150494688,USR70319,6/16/2025 11:50,运动户外,帐篷,2,123.86,198.17,花呗,江苏省,1,已完成
ORD202605160235054387,USR70646,5/16/2026 2:35,美妆个护,洗面奶,1,1255.65,1255.65,银行卡,山东省,0,已完成
ORD202510172301255408,USR85514,10/17/2025 23:01,数码家电,冰箱,4,1253.43,5013.73,微信支付,福建省,0,待发货
ORD202508211403187709,USR15122,8/21/2025 14:03,母婴用品,辅食,1,1042.86,834.29,货到付款,上海市,1,已完成
ORD202602202119209409,USR21941,2/20/2026 21:19,母婴用品,婴儿车,3,98.11,294.32,银行卡,江苏省,0,已完成
ORD202509052147081328,USR47737,9/5/2025 21:47,家居用品,餐具,5,1232.56,4930.23,支付宝,上海市,1,已完成
ORD202602150016111145,USR94711,2/15/2026 0:16,运动户外,健身器材,1,1181.43,1181.43,银行卡,江苏省,0,已完成
ORD202507102206218767,USR69809,7/10/2025 22:06,服装服饰,连衣裙,5,1089.95,4359.81,微信支付,福建省,1,已完成
ORD202510160831253167,USR55453,10/16/2025 8:31,服装服饰,休闲裤,3,1992.19,4781.25,微信支付,山东省,1,待发货
ORD202603302312373837,USR48987,3/30/2026 23:12,母婴用品,纸尿裤,5,1611.05,8055.23,支付宝,河南省,0,已完成
ORD202601041029331138,USR61260,1/4/2026 10:29,家居用品,床上四件套,3,2540.01,6096.03,微信支付,上海市,1,已完成
ORD202605100843574666,USR90350,5/10/2026 8:43,美妆个护,洗面奶,5,1916.74,7666.95,银行卡,江苏省,1,已完成
ORD202605061654485135,USR32954,5/6/2026 16:54,服装服饰,运动鞋,5,131.04,655.21,支付宝,江苏省,0,已完成
ORD202511051942426004,USR64401,11/5/2025 19:42,美妆个护,香水,2,644.19,1288.38,微信支付,江苏省,0,已完成
ORD202601280059045511,USR42654,1/28/2026 0:59,运动户外,篮球,1,4632.82,4632.82,微信支付,湖北省,0,已完成
ORD202603190138157943,USR33537,3/19/2026 1:38,服装服饰,T恤,5,763.92,3055.68,银行卡,江苏省,1,待发货
ORD202507310032297168,USR90967,7/31/2025 0:32,服装服饰,衬衫,4,252.09,1008.37,微信支付,江苏省,0,已完成
ORD202605261244396713,USR66633,5/26/2026 12:44,食品生鲜,牛奶,2,354.18,708.36,银行卡,四川省,0,已完成
ORD202605280307098520,USR70008,5/28/2026 3:07,服装服饰,羽绒服,1,633.94,633.94,货到付款,上海市,0,已完成
ORD202508312233065128,USR60418,8/31/2025 22:33,数码家电,平板,2,2516.43,5032.85,银行卡,河南省,0,已完成
ORD202605021842334575,USR96386,5/2/2026 18:42,家居用品,床上四件套,1,2993.97,2993.97,花呗,江苏省,0,待发货
ORD202508030237348646,USR34044,8/3/2025 2:37,家居用品,餐具,3,2577.25,7731.76,微信支付,四川省,0,已完成
ORD202604071529145950,USR84529,4/7/2026 15:29,美妆个护,粉底液,5,1241.58,4966.3,货到付款,江苏省,1,已完成
ORD202604112056249530,USR22521,4/11/2026 20:56,运动户外,跑步鞋,4,4903.28,19613.12,支付宝,北京市,0,已完成
ORD202508081814517506,USR61583,8/8/2025 18:14,服装服饰,牛仔裤,2,1317.72,2635.44,花呗,广东省,0,已完成
ORD202605090723402676,USR15723,5/9/2026 7:23,数码家电,洗衣机,2,6065.17,12130.34,支付宝,北京市,0,已完成
ORD202511080251441120,USR41417,11/8/2025 2:51,美妆个护,面霜,2,123.59,247.19,花呗,山东省,0,已完成
ORD202506101501329380,USR30700,6/10/2025 15:01,食品生鲜,肉类,2,69.59,139.17,货到付款,河南省,0,退款中
ORD202508091545457131,USR45884,8/9/2025 15:45,美妆个护,爽肤水,5,1910.26,9551.31,货到付款,浙江省,0,已完成
ORD202603140116425631,USR92324,3/14/2026 1:16,美妆个护,粉底液,1,2700.1,2700.1,货到付款,浙江省,0,已完成
ORD202605260050465890,USR80482,5/26/2026 0:50,服装服饰,牛仔裤,5,1266.3,6331.5,花呗,湖北省,0,已取消
ORD202510080011342771,USR48258,10/8/2025 0:11,食品生鲜,水果,3,75.67,227.02,银行卡,福建省,0,已完成
ORD202603312022148892,USR97380,3/31/2026 20:22,美妆个护,面霜,5,373.81,1869.04,支付宝,广东省,0,已完成
ORD202605281149582045,USR18748,5/28/2026 11:49,数码家电,平板,5,6831.39,27325.58,银行卡,浙江省,1,已完成
ORD202511072126416509,USR38476,11/7/2025 21:26,数码家电,空气净化器,3,1544.77,4634.3,银行卡,浙江省,0,已完成
ORD202604081322245529,USR74682,4/8/2026 13:22,家居用品,沙发,5,1570.29,6281.16,微信支付,福建省,1,已完成
ORD202602160359136327,USR63907,2/16/2026 3:59,食品生鲜,海鲜,1,28.19,22.55,支付宝,河南省,1,已完成
ORD202605021339375536,USR82459,5/2/2026 13:39,食品生鲜,蔬菜,4,49.53,198.11,花呗,山东省,0,已完成
ORD202603131113585278,USR25889,3/13/2026 11:13,家居用品,沙发,3,2023.6,4856.63,微信支付,湖北省,1,已完成
ORD202604112043525895,USR58330,4/11/2026 20:43,美妆个护,口红,2,2076.87,4153.74,微信支付,河南省,0,待发货
ORD202509050905104086,USR20031,9/5/2025 9:05,食品生鲜,水果,1,177.32,177.32,货到付款,江苏省,0,待发货
ORD202509121448343456,USR23791,9/12/2025 14:48,数码家电,智能手表,4,2117.07,8468.29,花呗,江苏省,0,已完成
ORD202508011949539475,USR76112,8/1/2025 19:49,数码家电,冰箱,1,6602.83,5282.26,银行卡,广东省,1,已完成
ORD202604021851444937,USR52731,4/2/2026 18:51,服装服饰,羽绒服,1,473.35,473.35,银行卡,四川省,0,待发货
ORD202602280823111930,USR63752,2/28/2026 8:23,食品生鲜,面包,2,275.59,440.95,银行卡,广东省,1,待发货
ORD202507122331277620,USR69105,7/12/2025 23:31,美妆个护,爽肤水,4,2905.58,11622.32,货到付款,浙江省,0,已完成
ORD202510271332506236,USR31605,10/27/2025 13:32,家居用品,拖把,1,460.6,368.48,银行卡,河南省,1,已完成
ORD202605051711013292,USR43130,5/5/2026 17:11,家居用品,餐具,2,2823.81,5647.62,支付宝,广东省,0,待发货
ORD202506160056221417,USR37180,6/16/2025 0:56,美妆个护,沐浴露,3,573.19,1719.58,银行卡,上海市,0,待发货
ORD202604301040089148,USR76330,4/30/2026 10:40,运动户外,篮球,2,2880.47,5760.94,银行卡,湖北省,0,已完成
ORD202511301908565843,USR15850,11/30/2025 19:08,母婴用品,纸尿裤,5,785.17,3925.83,支付宝,四川省,0,已取消
ORD202508260913575250,USR70577,8/26/2025 9:13,服装服饰,T恤,2,1931.61,3863.22,货到付款,四川省,0,已完成
ORD202508171209127857,USR13501,8/17/2025 12:09,家居用品,窗帘,2,835.16,1336.25,微信支付,江苏省,1,退款中
ORD202604140308197628,USR19593,4/14/2026 3:08,食品生鲜,蔬菜,2,205.83,411.66,花呗,北京市,0,已完成
ORD202605231635317361,USR93737,5/23/2026 16:35,服装服饰,休闲裤,1,1966.58,1573.26,货到付款,上海市,1,已完成
ORD202511261820131578,USR98555,11/26/2025 18:20,食品生鲜,海鲜,4,272.87,1091.48,银行卡,四川省,0,已完成
ORD202510141903094111,USR70542,10/14/2025 19:03,运动户外,自行车,2,2562.89,4100.62,微信支付,河南省,1,待发货
ORD202509271235066622,USR59958,9/27/2025 12:35,数码家电,智能手表,2,2433.34,4866.68,花呗,河南省,0,已完成
ORD202604151557124643,USR55043,4/15/2026 15:57,服装服饰,连衣裙,5,1417.66,7088.29,花呗,福建省,0,已完成
ORD202604052109269759,USR62342,4/5/2026 21:09,家居用品,餐具,5,62.83,251.33,花呗,福建省,1,已完成
ORD202605050919098794,USR35480,5/5/2026 9:19,服装服饰,卫衣,3,146.55,439.65,支付宝,河南省,0,已完成
ORD202508280920376873,USR61992,8/28/2025 9:20,服装服饰,羽绒服,3,1218.75,3656.25,支付宝,广东省,0,已完成
ORD202508261347539311,USR14951,8/26/2025 13:47,服装服饰,羽绒服,5,716.27,3581.33,微信支付,河南省,0,已完成
ORD202506100434065918,USR11407,6/10/2025 4:34,母婴用品,婴儿床,4,1908.97,7635.87,银行卡,上海市,0,已完成
ORD202602120757183785,USR42847,2/12/2026 7:57,服装服饰,T恤,3,1811.22,5433.67,微信支付,江苏省,0,已完成
ORD202508150006003967,USR25031,8/15/2025 0:06,食品生鲜,饮料,4,359.72,1151.09,银行卡,北京市,1,已完成
ORD202511021758195813,USR27888,11/2/2025 17:58,数码家电,无线耳机,5,6636.09,33180.46,货到付款,浙江省,0,已完成
ORD202510061137232599,USR52875,10/6/2025 11:37,运动户外,帐篷,3,3369.93,10109.78,花呗,四川省,0,已完成
ORD202509170446078713,USR97856,9/17/2025 4:46,美妆个护,香水,2,402.98,805.96,花呗,湖北省,0,已完成
ORD202605021621123096,USR70849,5/2/2026 16:21,服装服饰,牛仔裤,5,1542.81,7714.05,支付宝,北京市,0,已完成
ORD202506272302535237,USR73538,6/27/2025 23:02,家居用品,床上四件套,3,646.37,1939.12,货到付款,江苏省,0,已完成
ORD202603280755363999,USR70470,3/28/2026 7:55,服装服饰,T恤,4,680.71,2178.28,货到付款,福建省,1,已完成
ORD202509170938006499,USR18943,9/17/2025 9:38,家居用品,餐具,4,2461.32,7876.22,银行卡,河南省,1,已完成
ORD202510150855082463,USR20819,10/15/2025 8:55,食品生鲜,零食,3,272.9,818.69,货到付款,广东省,0,已完成
ORD202602050302354641,USR81883,2/5/2026 3:02,家居用品,窗帘,4,2582.62,8264.39,支付宝,福建省,1,已完成
ORD202512152000186820,USR96117,12/15/2025 20:00,美妆个护,沐浴露,3,662.71,1988.14,银行卡,江苏省,0,已完成
ORD202511030516214659,USR41757,11/3/2025 5:16,数码家电,智能手表,3,5058.34,12140.01,微信支付,湖北省,1,已完成
ORD202602192134046031,USR67373,2/19/2026 21:34,家居用品,窗帘,4,269.7,1078.79,银行卡,浙江省,0,已完成
ORD202604241529317889,USR28383,4/24/2026 15:29,家居用品,床上四件套,1,1936.32,1936.32,微信支付,湖北省,0,待发货
ORD202512260553346428,USR71707,12/26/2025 5:53,数码家电,笔记本电脑,2,6219.01,12438.01,银行卡,广东省,0,已完成
ORD202510071432257089,USR46587,10/7/2025 14:32,美妆个护,口红,5,1767.24,8836.22,花呗,上海市,0,已完成
ORD202605311819285269,USR31150,5/31/2026 18:19,服装服饰,运动鞋,2,569.15,1138.3,微信支付,福建省,0,已完成
ORD202506111715205817,USR32359,6/11/2025 17:15,家居用品,沙发,5,113.4,567.01,支付宝,山东省,0,待发货
ORD202507151903468598,USR12367,7/15/2025 19:03,数码家电,冰箱,5,1395.87,6979.33,微信支付,河南省,0,已完成
ORD202605071435252929,USR89559,5/7/2026 14:35,食品生鲜,水果,2,314.93,629.86,微信支付,江苏省,0,待发货
ORD202509101042078709,USR23174,9/10/2025 10:42,数码家电,智能手表,3,7508.15,22524.45,银行卡,湖北省,0,已完成
ORD202508090822211879,USR33230,8/9/2025 8:22,食品生鲜,饮料,4,111.2,444.81,花呗,上海市,0,已完成
ORD202601121129182166,USR48554,1/12/2026 11:29,美妆个护,口红,1,2213.03,2213.03,银行卡,北京市,0,已完成
ORD202509120219338736,USR26272,9/12/2025 2:19,服装服饰,连衣裙,1,1739.58,1739.58,银行卡,四川省,0,已完成
ORD202506152034584187,USR80078,6/15/2025 20:34,数码家电,无线耳机,1,4406.62,4406.62,花呗,江苏省,0,已完成
ORD202507130223059199,USR61229,7/13/2025 2:23,运动户外,足球,2,3379.4,5407.04,银行卡,四川省,1,已完成
ORD202601181626492963,USR32079,1/18/2026 16:26,运动户外,登山包,2,4093.58,6549.72,花呗,广东省,1,已完成
ORD202511161825407253,USR20169,11/16/2025 18:25,母婴用品,奶粉,3,558.32,1674.95,支付宝,四川省,0,待发货
ORD202510130602149680,USR98000,10/13/2025 6:02,家居用品,衣柜,1,904.75,904.75,花呗,福建省,0,已完成
ORD202603102231555888,USR11469,3/10/2026 22:31,美妆个护,口红,3,31.86,95.59,货到付款,四川省,0,已完成
ORD202604021002307768,USR98785,4/2/2026 10:02,数码家电,平板,1,7723.21,6178.56,花呗,山东省,1,待发货
ORD202509301941041885,USR45815,9/30/2025 19:41,运动户外,篮球,2,4595.97,9191.94,花呗,北京市,0,已完成
ORD202511171129083470,USR30119,11/17/2025 11:29,家居用品,垃圾桶,4,2298.41,9193.65,货到付款,湖北省,0,已完成
ORD202601221016333250,USR67757,1/22/2026 10:16,运动户外,瑜伽垫,4,487.47,1949.89,花呗,山东省,0,已完成
ORD202512161448304281,USR56935,12/16/2025 14:48,数码家电,冰箱,4,3856.27,15425.09,微信支付,广东省,0,已完成
ORD202507152153486614,USR33322,7/15/2025 21:53,食品生鲜,牛奶,4,59.93,239.71,银行卡,山东省,0,待发货
ORD202510281416537704,USR38399,10/28/2025 14:16,数码家电,智能手表,5,619.4,3097.01,银行卡,广东省,0,已完成
ORD202605160759308496,USR14514,5/16/2026 7:59,母婴用品,玩具,1,1251.56,1251.56,支付宝,山东省,0,已完成
ORD202601102211243346,USR98479,1/10/2026 22:11,数码家电,冰箱,4,7706.22,30824.88,支付宝,江苏省,0,已完成
ORD202508131939456183,USR79769,8/13/2025 19:39,数码家电,笔记本电脑,5,7271.51,36357.55,货到付款,山东省,0,已完成
ORD202509072211093954,USR38333,9/7/2025 22:11,母婴用品,奶瓶,5,1408.67,7043.36,微信支付,山东省,0,待发货
ORD202506180542442324,USR67941,6/18/2025 5:42,美妆个护,沐浴露,5,317.02,1585.11,支付宝,广东省,0,已完成
ORD202603030621278988,USR16259,3/3/2026 6:21,数码家电,智能手机,3,2556.23,6134.95,银行卡,湖北省,1,已完成
ORD202511170821026449,USR93203,11/17/2025 8:21,母婴用品,玩具,3,674.11,2022.33,支付宝,四川省,0,退款中
ORD202506011545493897,USR78534,6/1/2025 15:45,家居用品,拖把,5,2294.19,11470.94,支付宝,浙江省,0,已完成
ORD202512192200316134,USR94018,12/19/2025 22:00,食品生鲜,零食,4,403.1,1612.41,花呗,浙江省,0,已完成
ORD202605261059081950,USR96840,5/26/2026 10:59,食品生鲜,海鲜,1,198.7,198.7,支付宝,北京市,0,已完成
ORD202604100513341077,USR96512,4/10/2026 5:13,数码家电,冰箱,2,3634.13,7268.26,货到付款,福建省,0,已完成
ORD202512270244108406,USR23473,12/27/2025 2:44,美妆个护,沐浴露,3,162.19,486.58,银行卡,浙江省,0,已完成
ORD202602221758215481,USR61199,2/22/2026 17:58,美妆个护,粉底液,4,888.74,3554.94,货到付款,广东省,0,已完成
ORD202603070934244430,USR50412,3/7/2026 9:34,家居用品,衣柜,4,1364.83,5459.32,货到付款,浙江省,0,已完成
ORD202603160328333762,USR68194,3/16/2026 3:28,数码家电,空气净化器,2,1377.37,2754.75,微信支付,北京市,0,已完成
ORD202603140541213595,USR16870,3/14/2026 5:41,食品生鲜,面包,2,232.1,464.2,花呗,福建省,0,已完成
ORD202602161042389021,USR88407,2/16/2026 10:42,美妆个护,洗面奶,4,2563.93,10255.73,货到付款,河南省,0,已完成
ORD202508161230012442,USR10611,8/16/2025 12:30,数码家电,笔记本电脑,2,4859.91,9719.82,微信支付,北京市,0,已完成
ORD202510201047243120,USR16378,10/20/2025 10:47,运动户外,瑜伽垫,4,486.76,1947.03,银行卡,广东省,0,待发货
ORD202511151158598105,USR59465,11/15/2025 11:58,美妆个护,洗发水,2,599.26,1198.53,银行卡,河南省,0,待发货
ORD202506280412118035,USR36442,6/28/2025 4:12,母婴用品,辅食,2,975.36,1950.72,微信支付,山东省,0,已完成
ORD202602132308387609,USR42728,2/13/2026 23:08,运动户外,跑步鞋,4,1871.29,7485.15,货到付款,河南省,0,待发货
ORD202605241412238029,USR59105,5/24/2026 14:12,美妆个护,洗面奶,5,1095.42,5477.1,货到付款,浙江省,0,已完成
ORD202510070541148821,USR41265,10/7/2025 5:41,食品生鲜,肉类,4,269.34,861.89,花呗,北京市,1,已完成
ORD202601290013457280,USR36212,1/29/2026 0:13,服装服饰,运动鞋,1,1189.57,951.66,花呗,四川省,1,已完成
ORD202509302154211076,USR21978,9/30/2025 21:54,运动户外,跑步鞋,2,4004.62,8009.24,银行卡,河南省,0,已完成
ORD202602131513091618,USR12102,2/13/2026 15:13,家居用品,餐具,3,1036.08,3108.24,花呗,山东省,0,已完成
ORD202604260804319745,USR65270,4/26/2026 8:04,家居用品,茶几,2,2420.29,4840.58,微信支付,山东省,0,已完成
ORD202507190935314267,USR13662,7/19/2025 9:35,食品生鲜,肉类,1,175.92,175.92,银行卡,广东省,0,已完成
ORD202603071235457112,USR11908,3/7/2026 12:35,美妆个护,面霜,3,194.64,467.13,货到付款,广东省,1,已完成
ORD202605161302401230,USR54186,5/16/2026 13:02,数码家电,冰箱,3,4656.41,11175.38,银行卡,河南省,1,已完成
ORD202509251512236279,USR35185,9/25/2025 15:12,美妆个护,香水,4,1776.07,5683.42,支付宝,江苏省,1,已完成
ORD202512142243279700,USR99123,12/14/2025 22:43,食品生鲜,牛奶,5,467.92,2339.62,银行卡,山东省,0,已完成
ORD202509290244314122,USR97680,9/29/2025 2:44,家居用品,餐具,4,2183.66,8734.65,花呗,北京市,0,已完成
ORD202602142353321293,USR18280,2/14/2026 23:53,美妆个护,粉底液,3,2755.78,6613.88,微信支付,江苏省,1,已完成
ORD202511061429521067,USR38910,11/6/2025 14:29,家居用品,沙发,3,2726.87,8180.62,货到付款,山东省,0,已完成
ORD202510051614425076,USR22661,10/5/2025 16:14,运动户外,自行车,5,3062.41,12249.65,货到付款,江苏省,1,已完成
ORD202511040638364707,USR97046,11/4/2025 6:38,数码家电,智能手机,2,4458.22,8916.43,花呗,四川省,0,待发货
ORD202602261827126641,USR32004,2/26/2026 18:27,运动户外,足球,5,2831.46,14157.3,花呗,河南省,0,已完成
ORD202509231942226113,USR31895,9/23/2025 19:42,家居用品,拖把,4,2935.43,11741.7,花呗,湖北省,0,已完成
ORD202601020729553112,USR15768,1/2/2026 7:29,家居用品,垃圾桶,2,2324.04,4648.08,支付宝,北京市,0,待发货
ORD202507201024292682,USR64484,7/20/2025 10:24,服装服饰,连衣裙,4,257.22,1028.87,微信支付,广东省,0,已取消
ORD202508141204457284,USR77174,8/14/2025 12:04,服装服饰,休闲裤,5,1567.94,7839.68,支付宝,福建省,0,已完成
ORD202511110650379246,USR24114,11/11/2025 6:50,运动户外,跑步鞋,2,935.64,1871.27,花呗,四川省,0,已完成
ORD202602140535296015,USR52879,2/14/2026 5:35,母婴用品,婴儿床,5,922.33,4611.67,微信支付,浙江省,0,已完成
ORD202510260553243736,USR52294,10/26/2025 5:53,运动户外,帐篷,1,1131.25,1131.25,花呗,山东省,0,已完成
ORD202602190103382069,USR83669,2/19/2026 1:03,服装服饰,T恤,3,1394.69,4184.06,微信支付,广东省,0,已完成
ORD202603181307101749,USR92154,3/18/2026 13:07,家居用品,窗帘,2,2634.38,4215.01,货到付款,山东省,1,已完成
ORD202605171445275885,USR34844,5/17/2026 14:45,食品生鲜,饮料,3,152.28,456.83,支付宝,上海市,0,已完成
ORD202508071403085764,USR91877,8/7/2025 14:03,运动户外,登山包,1,501.85,501.85,花呗,北京市,0,已完成
ORD202601260100538469,USR37147,1/26/2026 1:00,家居用品,拖把,2,909.51,1455.22,花呗,福建省,1,已完成
ORD202601080026439524,USR81002,1/8/2026 0:26,食品生鲜,肉类,3,339.46,814.7,银行卡,河南省,1,已取消
ORD202509252103229587,USR61781,9/25/2025 21:03,食品生鲜,海鲜,3,171.09,513.28,货到付款,山东省,0,退款中
ORD202511051653416535,USR66083,11/5/2025 16:53,服装服饰,休闲裤,2,592.32,947.71,花呗,广东省,1,已完成
ORD202512301908418105,USR25834,12/30/2025 19:08,运动户外,足球,3,1003.73,3011.2,支付宝,湖北省,0,已完成
ORD202604201852543192,USR40462,4/20/2026 18:52,美妆个护,洗发水,3,1507.62,4522.87,货到付款,山东省,0,已取消
ORD202506010347016615,USR38020,6/1/2025 3:47,数码家电,洗衣机,2,2569.62,5139.23,花呗,山东省,0,已完成
ORD202509270019119031,USR23878,9/27/2025 0:19,服装服饰,衬衫,3,1475.47,4426.41,支付宝,湖北省,0,已完成
ORD202509201013466885,USR56737,9/20/2025 10:13,服装服饰,运动鞋,3,199.41,478.59,银行卡,福建省,1,已完成
ORD202508211502404087,USR52384,8/21/2025 15:02,美妆个护,洗面奶,4,2002.18,6406.97,银行卡,北京市,1,已完成
ORD202511142250523701,USR32756,11/14/2025 22:50,数码家电,冰箱,4,2281.7,7301.44,支付宝,山东省,1,已完成
ORD202604020348117609,USR11965,4/2/2026 3:48,家居用品,垃圾桶,1,1478.05,1182.44,货到付款,山东省,1,待发货
ORD202601120550591313,USR62709,1/12/2026 5:50,母婴用品,玩具,4,607.88,2431.5,支付宝,河南省,0,已完成
ORD202601221429444742,USR95720,1/22/2026 14:29,运动户外,瑜伽垫,4,3641.57,14566.27,支付宝,湖北省,0,待发货
ORD202602100617554675,USR51450,2/10/2026 6:17,母婴用品,玩具,1,1893.35,1514.68,银行卡,北京市,1,已完成
ORD202510040334493149,USR11570,10/4/2025 3:34,家居用品,餐具,3,2752.89,6606.93,银行卡,北京市,1,已完成
ORD202511281400144460,USR61011,11/28/2025 14:00,服装服饰,羽绒服,3,1187.68,2850.43,银行卡,上海市,1,已完成
ORD202511191344381359,USR37887,11/19/2025 13:44,数码家电,笔记本电脑,4,3969.58,12702.65,花呗,福建省,1,已完成
ORD202511191713409267,USR70132,11/19/2025 17:13,服装服饰,休闲裤,1,1645.69,1645.69,花呗,上海市,0,已完成
ORD202602180918083768,USR38848,2/18/2026 9:18,食品生鲜,零食,3,344.83,827.59,微信支付,四川省,1,待发货
ORD202508222350293017,USR18652,8/22/2025 23:50,服装服饰,休闲裤,5,407.95,1631.8,花呗,浙江省,1,已完成
ORD202512161229137006,USR96240,12/16/2025 12:29,服装服饰,T恤,2,1650.79,2641.27,货到付款,福建省,1,已完成
ORD202512011824531612,USR46497,12/1/2025 18:24,家居用品,餐具,2,1298.08,2596.15,货到付款,四川省,0,已完成
ORD202604050609007147,USR95189,4/5/2026 6:09,家居用品,床上四件套,2,583.18,1166.35,银行卡,浙江省,0,待发货
ORD202605162336505190,USR91777,5/16/2026 23:36,家居用品,餐具,4,859.76,3439.02,支付宝,广东省,0,已完成
ORD202604060329189761,USR58362,4/6/2026 3:29,母婴用品,婴儿车,2,571.68,1143.36,银行卡,福建省,0,已完成
ORD202603131939281796,USR15759,3/13/2026 19:39,食品生鲜,海鲜,2,264.41,528.82,支付宝,湖北省,0,已完成
ORD202508052138181785,USR18825,8/5/2025 21:38,家居用品,沙发,5,718.42,3592.11,银行卡,四川省,0,已完成
ORD202602112056022771,USR38647,2/11/2026 20:56,数码家电,无线耳机,3,1426.75,4280.25,银行卡,山东省,0,已完成
ORD202507032221061323,USR63883,7/3/2025 22:21,母婴用品,童装,5,291.2,1455.99,货到付款,上海市,0,已取消
ORD202509190504511790,USR49522,9/19/2025 5:04,美妆个护,爽肤水,4,1762.33,7049.32,支付宝,浙江省,0,已完成
ORD202512180421392897,USR88494,12/18/2025 4:21,数码家电,笔记本电脑,2,6010.69,12021.39,微信支付,四川省,0,已完成
ORD202602131933587828,USR75480,2/13/2026 19:33,运动户外,自行车,3,1675.51,5026.54,微信支付,江苏省,0,待发货
ORD202602011926108279,USR23344,2/1/2026 19:26,运动户外,足球,2,269.79,539.58,银行卡,福建省,0,待发货
ORD202601271155447230,USR80278,1/27/2026 11:55,数码家电,无线耳机,2,1454.19,2908.37,银行卡,上海市,0,已完成
ORD202510090410513024,USR84606,10/9/2025 4:10,家居用品,衣柜,4,2745.79,10983.16,货到付款,北京市,0,已完成
ORD202507070625549966,USR32473,7/7/2025 6:25,美妆个护,爽肤水,2,1495.82,2991.65,支付宝,上海市,0,退款中
ORD202604142015345140,USR43022,4/14/2026 20:15,美妆个护,洗面奶,1,1377.11,1377.11,银行卡,四川省,0,已完成
ORD202603191706538772,USR22418,3/19/2026 17:06,母婴用品,纸尿裤,3,124.2,298.07,微信支付,湖北省,1,待发货
ORD202508310508023508,USR88625,8/31/2025 5:08,美妆个护,口红,3,2194.05,6582.16,支付宝,广东省,0,已完成
ORD202602170654364366,USR52513,2/17/2026 6:54,运动户外,篮球,1,2687.53,2687.53,银行卡,浙江省,0,已完成
ORD202509291319081152,USR92689,9/29/2025 13:19,食品生鲜,零食,4,109.02,348.86,支付宝,上海市,1,已完成
ORD202508270548095933,USR60930,8/27/2025 5:48,家居用品,拖把,2,348.02,696.04,货到付款,广东省,0,待发货
ORD202604100542397895,USR98853,4/10/2026 5:42,美妆个护,洗发水,2,1168.66,1869.86,微信支付,山东省,1,退款中
ORD202508170801312654,USR27423,8/17/2025 8:01,母婴用品,婴儿床,3,1682.47,4037.92,支付宝,北京市,1,已完成
ORD202507280526189524,USR53522,7/28/2025 5:26,运动户外,帐篷,4,4339.94,17359.77,微信支付,河南省,0,已完成
ORD202506101139405423,USR32980,6/10/2025 11:39,食品生鲜,饮料,4,305.39,1221.58,银行卡,山东省,0,已完成
ORD202506182244353247,USR93277,6/18/2025 22:44,服装服饰,连衣裙,4,1468.7,5874.78,花呗,江苏省,0,已完成
ORD202509040205527862,USR51676,9/4/2025 2:05,服装服饰,休闲裤,2,274.55,549.11,支付宝,北京市,0,已完成
ORD202512021235302718,USR97342,12/2/2025 12:35,食品生鲜,饮料,4,298.18,1192.73,微信支付,江苏省,0,待发货
ORD202601240929109381,USR73193,1/24/2026 9:29,运动户外,帐篷,1,3368.13,3368.13,支付宝,湖北省,0,已完成
ORD202604270007452928,USR18849,4/27/2026 0:07,母婴用品,奶瓶,5,441.39,1765.56,银行卡,浙江省,1,已完成
ORD202603261050235631,USR53922,3/26/2026 10:50,食品生鲜,海鲜,4,441.28,1765.1,银行卡,山东省,0,已完成
ORD202506290648292867,USR12313,6/29/2025 6:48,家居用品,垃圾桶,5,601.09,3005.45,微信支付,湖北省,0,已完成
ORD202511242047102741,USR89761,11/24/2025 20:47,家居用品,茶几,2,954.16,1908.33,货到付款,福建省,0,已完成
ORD202511082252129154,USR86681,11/8/2025 22:52,服装服饰,运动鞋,4,1260.09,5040.34,支付宝,河南省,0,待发货
ORD202605110323404254,USR68839,5/11/2026 3:23,美妆个护,洗面奶,3,1925.9,5777.7,支付宝,北京市,0,已完成
ORD202601311350194272,USR60118,1/31/2026 13:50,母婴用品,婴儿床,2,1413.8,2827.6,银行卡,浙江省,0,已完成
ORD202601101338305308,USR76981,1/10/2026 13:38,服装服饰,T恤,1,268.42,268.42,支付宝,浙江省,0,待发货
ORD202508151216039571,USR93963,8/15/2025 12:16,美妆个护,香水,1,2552.91,2042.33,微信支付,上海市,1,待发货
ORD202603062328094304,USR40464,3/6/2026 23:28,美妆个护,洗面奶,5,1612.56,8062.78,花呗,福建省,0,已完成
ORD202602261029316864,USR75984,2/26/2026 10:29,家居用品,茶几,5,1424.54,7122.69,银行卡,浙江省,0,已完成
ORD202510280256197713,USR87000,10/28/2025 2:56,运动户外,篮球,3,4907.38,14722.14,花呗,四川省,0,已完成
ORD202512092355455839,USR11742,12/9/2025 23:55,数码家电,笔记本电脑,3,6052.84,18158.51,支付宝,福建省,0,已完成
ORD202511030502043627,USR40488,11/3/2025 5:02,运动户外,健身器材,1,678.23,678.23,货到付款,河南省,0,已完成
ORD202509031805591645,USR12780,9/3/2025 18:05,数码家电,冰箱,4,6174.04,19756.94,微信支付,河南省,1,已完成
ORD202507280727529980,USR90786,7/28/2025 7:27,食品生鲜,面包,1,56.67,45.34,支付宝,江苏省,1,已完成
ORD202602101854139132,USR26260,2/10/2026 18:54,家居用品,床上四件套,1,101.86,101.86,微信支付,河南省,0,待发货
ORD202602230106194402,USR50481,2/23/2026 1:06,美妆个护,粉底液,3,1228.77,3686.31,支付宝,四川省,0,已完成
ORD202506030340538875,USR40984,6/3/2025 3:40,母婴用品,纸尿裤,5,1987.48,9937.39,支付宝,北京市,0,退款中
ORD202605131611336416,USR66164,5/13/2026 16:11,数码家电,笔记本电脑,3,1811.63,5434.89,支付宝,广东省,0,待发货
ORD202603191529464842,USR41922,3/19/2026 15:29,运动户外,篮球,3,3395.96,10187.87,银行卡,广东省,0,已完成
ORD202605010353141044,USR91233,5/1/2026 3:53,美妆个护,粉底液,3,544.99,1634.96,花呗,上海市,0,已完成
ORD202603270121021208,USR20405,3/27/2026 1:21,数码家电,空气净化器,1,5935.9,5935.9,货到付款,浙江省,0,已完成
ORD202605102108022458,USR17854,5/10/2026 21:08,数码家电,智能手机,4,4290.15,17160.61,花呗,河南省,0,已完成
ORD202507120927562809,USR28029,7/12/2025 9:27,数码家电,笔记本电脑,1,5599.79,4479.83,花呗,江苏省,1,已完成
ORD202603300724149095,USR59089,3/30/2026 7:24,母婴用品,玩具,2,445.6,712.96,微信支付,上海市,1,已完成
ORD202511130238593443,USR75369,11/13/2025 2:38,家居用品,垃圾桶,3,2241.97,6725.92,银行卡,湖北省,0,待发货
ORD202508242344502475,USR48877,8/24/2025 23:44,母婴用品,婴儿床,3,1991.46,5974.37,银行卡,浙江省,0,已完成
ORD202508080722579383,USR36478,8/8/2025 7:22,服装服饰,运动鞋,2,1348.02,2156.83,支付宝,四川省,1,待发货
ORD202604090650492229,USR29879,4/9/2026 6:50,美妆个护,沐浴露,3,1495.64,4486.91,花呗,广东省,0,已完成
ORD202602260622042659,USR59250,2/26/2026 6:22,家居用品,床上四件套,3,2771.06,6650.54,货到付款,江苏省,1,已完成
ORD202512190342585192,USR36789,12/19/2025 3:42,家居用品,窗帘,3,67.24,201.72,微信支付,上海市,0,已完成
ORD202511280955074787,USR94153,11/28/2025 9:55,家居用品,垃圾桶,2,2195.17,4390.34,银行卡,山东省,0,已完成
ORD202506201204098483,USR14968,6/20/2025 12:04,运动户外,登山包,1,4454.86,4454.86,支付宝,广东省,0,已完成
ORD202601031123545850,USR41203,1/3/2026 11:23,家居用品,窗帘,3,203.79,489.1,货到付款,四川省,1,已完成
ORD202509051841465327,USR88390,9/5/2025 18:41,母婴用品,婴儿床,4,927.63,3710.5,花呗,浙江省,0,已完成
ORD202605230726258606,USR68160,5/23/2026 7:26,家居用品,垃圾桶,2,630.06,1260.13,货到付款,北京市,0,已完成
ORD202604261104041820,USR53082,4/26/2026 11:04,食品生鲜,海鲜,5,287.59,1437.97,银行卡,山东省,0,已完成
ORD202507180308382635,USR27598,7/18/2025 3:08,美妆个护,爽肤水,2,1959.14,3134.63,微信支付,四川省,1,已完成
ORD202511250631573862,USR46454,11/25/2025 6:31,家居用品,床上四件套,1,921.82,737.45,花呗,江苏省,1,已完成
ORD202507221848371646,USR51620,7/22/2025 18:48,美妆个护,洗发水,2,1396.15,2233.83,微信支付,湖北省,1,已完成
ORD202604080544385760,USR94358,4/8/2026 5:44,食品生鲜,肉类,5,146.88,587.51,货到付款,北京市,1,已完成
ORD202511281047196901,USR15191,11/28/2025 10:47,食品生鲜,肉类,4,191.0,764.01,货到付款,四川省,0,已完成
ORD202602150616316123,USR78271,2/15/2026 6:16,美妆个护,爽肤水,5,503.83,2519.17,支付宝,上海市,0,已完成
ORD202512240630287979,USR64380,12/24/2025 6:30,数码家电,智能手机,2,7141.7,14283.39,花呗,湖北省,0,已完成
ORD202601040133402898,USR94940,1/4/2026 1:33,服装服饰,连衣裙,5,69.52,347.6,货到付款,四川省,0,已完成
ORD202601180601042556,USR47808,1/18/2026 6:01,运动户外,自行车,2,4423.81,7078.09,银行卡,北京市,1,已完成
ORD202510020525521751,USR13105,10/2/2025 5:25,数码家电,笔记本电脑,4,4787.59,15320.29,银行卡,江苏省,1,已完成
ORD202603210726251158,USR40016,3/21/2026 7:26,数码家电,智能手机,4,2987.43,11949.74,微信支付,广东省,0,待发货
ORD202605130441303267,USR53420,5/13/2026 4:41,母婴用品,婴儿床,1,1459.96,1459.96,银行卡,北京市,0,已完成
ORD202511192104593793,USR54922,11/19/2025 21:04,运动户外,登山包,4,2587.99,8281.55,货到付款,北京市,1,待发货
ORD202601242220006384,USR41752,1/24/2026 22:20,运动户外,跑步鞋,3,2545.63,7636.9,银行卡,上海市,0,已完成
ORD202604131224406857,USR36976,4/13/2026 12:24,数码家电,智能手机,5,1326.07,6630.34,花呗,福建省,0,已完成
ORD202603070807098171,USR80688,3/7/2026 8:07,家居用品,餐具,5,1180.76,5903.79,微信支付,福建省,0,已完成
ORD202605131013545395,USR17087,5/13/2026 10:13,母婴用品,奶粉,2,520.08,1040.15,花呗,四川省,0,已完成
ORD202512140052242522,USR97163,12/14/2025 0:52,母婴用品,婴儿车,4,80.61,322.43,货到付款,江苏省,0,已取消
ORD202511131730437105,USR42550,11/13/2025 17:30,食品生鲜,牛奶,1,186.45,186.45,货到付款,福建省,0,已完成
ORD202604191327566615,USR39156,4/19/2026 13:27,运动户外,篮球,1,540.13,540.13,银行卡,湖北省,0,已完成
ORD202605190429553996,USR89700,5/19/2026 4:29,数码家电,智能手表,1,2426.23,1940.98,支付宝,江苏省,1,已完成
ORD202512301832122865,USR60002,12/30/2025 18:32,食品生鲜,水果,3,55.33,166.0,支付宝,上海市,0,退款中
ORD202511210412577566,USR78350,11/21/2025 4:12,美妆个护,洗发水,4,329.8,1319.19,货到付款,山东省,0,待发货
ORD202605151035087557,USR52157,5/15/2026 10:35,服装服饰,运动鞋,1,438.07,350.46,货到付款,湖北省,1,已完成
ORD202508011927338479,USR34057,8/1/2025 19:27,母婴用品,玩具,3,1999.71,5999.12,微信支付,福建省,0,已完成
ORD202603161922155453,USR67981,3/16/2026 19:22,美妆个护,面霜,5,36.49,182.43,货到付款,浙江省,0,已完成
ORD202605011342527319,USR92546,5/1/2026 13:42,美妆个护,沐浴露,2,1926.86,3082.97,货到付款,浙江省,1,已完成
ORD202512020817118835,USR10792,12/2/2025 8:17,家居用品,沙发,4,440.91,1763.62,微信支付,浙江省,0,已完成
ORD202511221857157909,USR18469,11/22/2025 18:57,服装服饰,羽绒服,4,1845.22,5904.72,花呗,北京市,1,已完成
ORD202509091550253732,USR74440,9/9/2025 15:50,美妆个护,沐浴露,5,308.09,1540.45,花呗,山东省,0,已完成
ORD202603192304032852,USR19173,3/19/2026 23:04,美妆个护,洗面奶,4,2866.54,11466.15,微信支付,江苏省,0,待发货
ORD202509050026283171,USR35226,9/5/2025 0:26,服装服饰,休闲裤,4,1241.31,4965.23,微信支付,江苏省,0,已完成
ORD202604230405221960,USR16829,4/23/2026 4:05,服装服饰,羽绒服,4,52.47,209.89,花呗,浙江省,0,已完成
ORD202602031526073611,USR93147,2/3/2026 15:26,美妆个护,洗面奶,4,2685.2,8592.64,花呗,山东省,1,已完成
ORD202509161643442699,USR28550,9/16/2025 16:43,服装服饰,卫衣,3,1067.34,3202.01,花呗,广东省,0,已取消
ORD202603250954037816,USR36767,3/25/2026 9:54,美妆个护,沐浴露,3,810.13,1944.31,花呗,湖北省,1,已完成
ORD202603300027178908,USR26457,3/30/2026 0:27,美妆个护,洗面奶,2,2308.82,3694.11,银行卡,福建省,1,已完成
ORD202512201051598178,USR22027,12/20/2025 10:51,家居用品,窗帘,4,2781.46,11125.85,微信支付,上海市,0,已完成
ORD202512060446173969,USR32764,12/6/2025 4:46,数码家电,智能手机,5,4127.68,16510.72,支付宝,浙江省,1,已完成
ORD202601300943077221,USR87677,1/30/2026 9:43,美妆个护,香水,1,967.19,967.19,银行卡,山东省,0,已完成
ORD202509012155596875,USR81938,9/1/2025 21:55,食品生鲜,海鲜,2,396.58,793.17,支付宝,北京市,0,已完成
ORD202509151526011472,USR36787,9/15/2025 15:26,母婴用品,奶粉,1,1379.48,1103.59,支付宝,江苏省,1,已完成
ORD202511181954353140,USR40973,11/18/2025 19:54,运动户外,篮球,1,4454.89,4454.89,货到付款,江苏省,0,已完成
ORD202507010211498914,USR76509,7/1/2025 2:11,数码家电,平板,4,5693.86,22775.42,微信支付,北京市,0,已完成
ORD202603050243128997,USR20245,3/5/2026 2:43,数码家电,无线耳机,5,2326.46,11632.31,银行卡,上海市,0,已完成
ORD202509192310452850,USR65868,9/19/2025 23:10,数码家电,空气净化器,1,7487.44,7487.44,微信支付,北京市,0,已完成
ORD202508310138187738,USR71220,8/31/2025 1:38,家居用品,床上四件套,1,332.41,332.41,花呗,浙江省,0,已完成
ORD202509141234068220,USR50824,9/14/2025 12:34,美妆个护,洗发水,2,825.79,1651.58,微信支付,广东省,0,已完成
ORD202510091019331753,USR31516,10/9/2025 10:19,家居用品,餐具,5,1570.18,7850.9,支付宝,北京市,0,已完成
ORD202510030354322037,USR35891,10/3/2025 3:54,美妆个护,粉底液,5,1710.25,8551.27,花呗,广东省,0,已完成
ORD202605131936485286,USR42102,5/13/2026 19:36,家居用品,茶几,1,65.63,65.63,微信支付,江苏省,0,已完成
ORD202512271835016148,USR65576,12/27/2025 18:35,家居用品,茶几,5,2346.11,11730.53,微信支付,四川省,0,已完成
ORD202507020702171202,USR33125,7/2/2025 7:02,母婴用品,纸尿裤,2,755.13,1510.27,支付宝,四川省,0,已完成
ORD202507241744239598,USR89410,7/24/2025 17:44,食品生鲜,牛奶,2,209.15,334.63,花呗,湖北省,1,已完成
ORD202507291350374669,USR42632,7/29/2025 13:50,家居用品,窗帘,2,2431.92,4863.84,支付宝,广东省,0,已完成
ORD202508291930476542,USR49728,8/29/2025 19:30,母婴用品,婴儿床,4,789.6,3158.41,微信支付,上海市,0,已完成
ORD202510271808519504,USR47401,10/27/2025 18:08,服装服饰,连衣裙,1,142.09,142.09,银行卡,山东省,0,退款中
ORD202602251204519570,USR85552,2/25/2026 12:04,食品生鲜,水果,5,96.46,482.28,银行卡,河南省,0,待发货
ORD202507300814532560,USR68755,7/30/2025 8:14,家居用品,窗帘,2,2868.59,5737.18,货到付款,北京市,0,已完成
ORD202603020818138091,USR93309,3/2/2026 8:18,运动户外,帐篷,1,444.99,355.99,银行卡,河南省,1,已完成
ORD202508230211075072,USR36398,8/23/2025 2:11,数码家电,空气净化器,1,3161.98,2529.59,花呗,福建省,1,待发货
ORD202506252239228895,USR45633,6/25/2025 22:39,服装服饰,T恤,4,1031.2,3299.84,货到付款,四川省,1,已完成
ORD202511090250566664,USR73068,11/9/2025 2:50,服装服饰,卫衣,5,1011.9,4047.59,花呗,福建省,1,已完成
ORD202511060706057305,USR20487,11/6/2025 7:06,母婴用品,纸尿裤,5,57.72,288.61,银行卡,山东省,0,已完成
ORD202510071202173435,USR57131,10/7/2025 12:02,服装服饰,连衣裙,2,1027.27,2054.53,银行卡,上海市,0,已完成
ORD202512281730081894,USR62198,12/28/2025 17:30,食品生鲜,海鲜,2,198.05,316.88,微信支付,广东省,1,已完成
ORD202511282243451190,USR59508,11/28/2025 22:43,家居用品,垃圾桶,1,2916.8,2916.8,花呗,北京市,0,已完成
ORD202511091117483571,USR31989,11/9/2025 11:17,家居用品,沙发,5,494.29,1977.18,支付宝,福建省,1,已完成
ORD202506250421309283,USR71697,6/25/2025 4:21,运动户外,健身器材,5,1835.36,7341.42,微信支付,福建省,1,已完成
ORD202508200750108688,USR67852,8/20/2025 7:50,数码家电,洗衣机,2,3646.11,5833.78,花呗,福建省,1,已完成
ORD202604201106309123,USR65403,4/20/2026 11:06,母婴用品,童装,3,811.85,2435.56,货到付款,上海市,0,已完成
ORD202511110401173709,USR76229,11/11/2025 4:01,数码家电,空气净化器,1,5493.73,4394.98,花呗,北京市,1,已完成
ORD202510300611132226,USR89874,10/30/2025 6:11,服装服饰,羽绒服,5,470.25,2351.25,货到付款,上海市,0,待发货
ORD202605180942219055,USR66810,5/18/2026 9:42,运动户外,自行车,4,1183.25,4733.0,货到付款,湖北省,0,已完成
ORD202603262300596253,USR30431,3/26/2026 23:00,数码家电,智能手机,4,5969.08,23876.33,银行卡,江苏省,0,已完成
ORD202601132000524946,USR73176,1/13/2026 20:00,食品生鲜,海鲜,3,255.14,612.34,支付宝,江苏省,1,已完成
ORD202602260244386421,USR12596,2/26/2026 2:44,家居用品,衣柜,2,1257.16,2011.46,花呗,福建省,1,已完成
ORD202506081403035557,USR59993,6/8/2025 14:03,服装服饰,衬衫,2,379.95,759.89,支付宝,河南省,0,已完成
ORD202604291719161824,USR66019,4/29/2026 17:19,运动户外,足球,2,1018.88,2037.77,货到付款,浙江省,0,已完成
ORD202605090018549305,USR20909,5/9/2026 0:18,数码家电,平板,4,579.14,2316.55,银行卡,湖北省,0,已取消
ORD202603250751314648,USR49351,3/25/2026 7:51,母婴用品,奶粉,2,228.28,365.25,支付宝,四川省,1,已完成
ORD202601101349227203,USR88011,1/10/2026 13:49,食品生鲜,牛奶,4,282.85,1131.4,微信支付,山东省,0,已完成
ORD202510261724297607,USR80411,10/26/2025 17:24,食品生鲜,肉类,3,447.02,1341.05,货到付款,湖北省,0,已完成
ORD202512030546244850,USR30027,12/3/2025 5:46,数码家电,笔记本电脑,1,2653.74,2653.74,微信支付,江苏省,0,已完成
ORD202506030657192291,USR82463,6/3/2025 6:57,家居用品,沙发,5,996.69,4983.43,支付宝,上海市,0,已完成
ORD202510151437468521,USR33029,10/15/2025 14:37,数码家电,智能手表,3,1367.04,4101.13,支付宝,河南省,0,已完成
ORD202509242316178277,USR43723,9/24/2025 23:16,服装服饰,运动鞋,4,807.83,3231.32,支付宝,广东省,0,待发货
ORD202603201453498341,USR59866,3/20/2026 14:53,数码家电,空气净化器,3,779.16,1869.99,花呗,广东省,1,待发货
ORD202510301056202442,USR70771,10/30/2025 10:56,食品生鲜,饮料,5,459.62,1838.5,货到付款,广东省,1,已完成
ORD202604281042419166,USR50088,4/28/2026 10:42,运动户外,足球,1,3398.25,3398.25,货到付款,四川省,0,已完成
ORD202605130642058324,USR69454,5/13/2026 6:42,数码家电,洗衣机,5,7930.62,31722.46,货到付款,山东省,1,已完成
ORD202604211333206178,USR47122,4/21/2026 13:33,家居用品,窗帘,4,2650.81,10603.25,花呗,江苏省,0,已完成
ORD202511101733412944,USR59171,11/10/2025 17:33,运动户外,篮球,5,2417.65,12088.27,支付宝,福建省,0,已完成
ORD202512270034459148,USR83681,12/27/2025 0:34,母婴用品,纸尿裤,3,1063.39,3190.16,支付宝,河南省,0,已完成
ORD202603180721031291,USR89432,3/18/2026 7:21,美妆个护,粉底液,2,596.01,1192.02,微信支付,山东省,0,已完成
ORD202603130717082681,USR73025,3/13/2026 7:17,数码家电,无线耳机,3,3965.3,9516.71,花呗,北京市,1,待发货
ORD202512300219197609,USR19429,12/30/2025 2:19,家居用品,茶几,4,2711.02,10844.09,银行卡,江苏省,0,已完成
ORD202604071518427755,USR53677,4/7/2026 15:18,运动户外,篮球,1,349.18,349.18,花呗,上海市,0,已完成
ORD202601210643171587,USR27911,1/21/2026 6:43,家居用品,餐具,5,2593.4,10373.6,微信支付,广东省,1,已完成
ORD202605151612299996,USR71506,5/15/2026 16:12,母婴用品,童装,1,714.85,714.85,微信支付,湖北省,0,已完成
ORD202508251534101002,USR35652,8/25/2025 15:34,食品生鲜,海鲜,4,450.76,1442.44,微信支付,北京市,1,已完成
ORD202512071437422489,USR30280,12/7/2025 14:37,家居用品,垃圾桶,5,2823.82,11295.29,支付宝,浙江省,1,已完成
ORD202508250509285990,USR34854,8/25/2025 5:09,运动户外,篮球,3,3387.24,10161.71,银行卡,湖北省,0,已完成
ORD202509142356299328,USR10547,9/14/2025 23:56,家居用品,拖把,3,1999.98,4799.96,微信支付,河南省,1,已完成
ORD202511170617084389,USR11682,11/17/2025 6:17,家居用品,餐具,4,1369.21,5476.83,货到付款,四川省,0,已完成
ORD202512061430418474,USR75627,12/6/2025 14:30,家居用品,衣柜,5,2509.91,12549.55,支付宝,江苏省,0,已完成
ORD202506120631516584,USR59054,6/12/2025 6:31,服装服饰,连衣裙,3,1925.14,5775.43,银行卡,河南省,0,已完成
ORD202510300024426953,USR74415,10/30/2025 0:24,服装服饰,羽绒服,4,1561.41,6245.64,货到付款,广东省,0,已完成
ORD202510091257151889,USR63025,10/9/2025 12:57,食品生鲜,蔬菜,4,314.75,1007.2,银行卡,山东省,1,已完成
ORD202602151821144652,USR64502,2/15/2026 18:21,数码家电,无线耳机,1,5050.95,5050.95,银行卡,福建省,0,已完成
ORD202602191803408445,USR61727,2/19/2026 18:03,家居用品,沙发,3,2551.42,7654.26,货到付款,山东省,0,已完成
ORD202604062313326439,USR58908,4/6/2026 23:13,母婴用品,婴儿床,5,1105.35,4421.39,花呗,福建省,1,已完成
ORD202511050030168751,USR60336,11/5/2025 0:30,数码家电,无线耳机,3,6528.95,19586.85,银行卡,山东省,0,已完成
ORD202603090551346952,USR74166,3/9/2026 5:51,母婴用品,辅食,3,1042.33,3126.98,花呗,江苏省,0,退款中
ORD202508040219428414,USR50345,8/4/2025 2:19,数码家电,无线耳机,3,968.33,2905.0,银行卡,山东省,0,已完成
ORD202604231004502868,USR94023,4/23/2026 10:04,食品生鲜,零食,4,198.13,634.03,货到付款,江苏省,1,已完成
ORD202511291223302596,USR87110,11/29/2025 12:23,家居用品,茶几,2,1344.43,2688.87,银行卡,福建省,0,已完成
ORD202605240244564633,USR19336,5/24/2026 2:44,家居用品,沙发,2,442.02,884.04,微信支付,湖北省,0,已完成
ORD202507201334381035,USR63580,7/20/2025 13:34,美妆个护,香水,1,334.41,334.41,微信支付,河南省,0,已完成
ORD202601281551186592,USR15089,1/28/2026 15:51,母婴用品,辅食,3,1094.16,3282.47,银行卡,上海市,0,已完成
ORD202512251023356818,USR26315,12/25/2025 10:23,数码家电,智能手机,2,1138.58,1821.72,货到付款,江苏省,1,已完成
ORD202506111120435783,USR60439,6/11/2025 11:20,数码家电,智能手机,1,2772.09,2772.09,货到付款,山东省,0,已完成
ORD202605190511229973,USR84135,5/19/2026 5:11,服装服饰,羽绒服,4,1501.96,6007.86,支付宝,湖北省,0,已完成
ORD202511010032059552,USR31281,11/1/2025 0:32,美妆个护,洗发水,3,2894.36,8683.09,货到付款,江苏省,0,已取消
ORD202601162050257125,USR35457,1/16/2026 20:50,运动户外,足球,5,3617.57,14470.26,花呗,四川省,1,已完成
ORD202601060430522741,USR67186,1/6/2026 4:30,运动户外,瑜伽垫,4,4963.87,15884.37,银行卡,山东省,1,已完成
ORD202602131136201750,USR43457,2/13/2026 11:36,服装服饰,运动鞋,1,1411.76,1411.76,微信支付,上海市,0,已完成
ORD202506111236333689,USR55688,6/11/2025 12:36,服装服饰,卫衣,4,622.9,2491.6,货到付款,北京市,0,已完成
ORD202507031426499067,USR76795,7/3/2025 14:26,服装服饰,衬衫,5,1360.5,6802.51,微信支付,江苏省,0,已完成
ORD202602051451393301,USR74044,2/5/2026 14:51,母婴用品,辅食,4,1419.21,5676.82,支付宝,浙江省,0,已完成
ORD202511141057387704,USR93228,11/14/2025 10:57,母婴用品,奶粉,1,774.87,774.87,银行卡,湖北省,0,已完成
ORD202507231648392752,USR58258,7/23/2025 16:48,食品生鲜,蔬菜,5,18.68,93.4,货到付款,江苏省,0,已完成
ORD202605031538245166,USR17563,5/3/2026 15:38,食品生鲜,海鲜,5,354.57,1772.84,微信支付,山东省,0,已完成
ORD202511270720294209,USR95315,11/27/2025 7:20,服装服饰,T恤,4,92.32,295.41,货到付款,北京市,1,已完成
ORD202508101350144072,USR60506,8/10/2025 13:50,美妆个护,爽肤水,5,1904.63,9523.14,支付宝,福建省,0,已完成
ORD202506201241122978,USR65579,6/20/2025 12:41,数码家电,笔记本电脑,4,1727.12,5526.8,微信支付,四川省,1,已完成
ORD202509100049577437,USR42347,9/10/2025 0:49,母婴用品,玩具,3,1152.93,3458.78,微信支付,北京市,0,已完成
ORD202510260530144532,USR41765,10/26/2025 5:30,美妆个护,沐浴露,5,1526.62,6106.49,银行卡,四川省,1,已完成
ORD202510060308528488,USR72616,10/6/2025 3:08,家居用品,窗帘,4,60.27,241.08,银行卡,北京市,0,已完成
ORD202508220449004122,USR14522,8/22/2025 4:49,母婴用品,童装,3,757.59,2272.77,微信支付,福建省,0,已完成
ORD202511241406176536,USR57371,11/24/2025 14:06,母婴用品,婴儿床,5,1222.13,4888.51,银行卡,山东省,1,待发货
ORD202510052225252765,USR92700,10/5/2025 22:25,食品生鲜,海鲜,3,425.82,1277.45,微信支付,北京市,0,已完成
ORD202510100143597790,USR98660,10/10/2025 1:43,数码家电,笔记本电脑,5,7164.82,35824.08,花呗,浙江省,0,已完成
ORD202603231510301761,USR13703,3/23/2026 15:10,数码家电,平板,1,4128.87,4128.87,货到付款,福建省,0,已完成
ORD202605081450203018,USR97251,5/8/2026 14:50,运动户外,跑步鞋,1,3669.27,2935.42,花呗,福建省,1,已完成
ORD202510260542448381,USR94585,10/26/2025 5:42,运动户外,篮球,4,1650.63,6602.51,花呗,山东省,0,已完成
ORD202509170132228493,USR29383,9/17/2025 1:32,运动户外,登山包,2,1776.71,2842.74,货到付款,河南省,1,已完成
ORD202603200114229260,USR44253,3/20/2026 1:14,运动户外,篮球,1,1052.87,1052.87,微信支付,江苏省,0,待发货
ORD202604200205463205,USR89355,4/20/2026 2:05,家居用品,垃圾桶,2,1694.61,3389.21,微信支付,江苏省,0,已完成
ORD202511111716089172,USR69699,11/11/2025 17:16,家居用品,衣柜,3,957.4,2872.2,银行卡,河南省,0,待发货
ORD202509062320271071,USR99268,9/6/2025 23:20,母婴用品,玩具,3,214.52,643.57,支付宝,福建省,0,已完成
ORD202604210556019689,USR29315,4/21/2026 5:56,服装服饰,连衣裙,2,1385.76,2771.52,微信支付,上海市,0,已完成
ORD202507021925171795,USR43330,7/2/2025 19:25,食品生鲜,饮料,4,356.8,1427.2,货到付款,浙江省,0,已完成
ORD202511301534388091,USR42429,11/30/2025 15:34,食品生鲜,蔬菜,5,186.4,931.98,支付宝,湖北省,0,已完成
ORD202506081239558912,USR88924,6/8/2025 12:39,运动户外,跑步鞋,2,475.94,951.89,货到付款,湖北省,0,已完成
ORD202603182124439328,USR85804,3/18/2026 21:24,母婴用品,婴儿床,2,881.28,1762.56,货到付款,山东省,0,已完成
ORD202512271144593903,USR96848,12/27/2025 11:44,美妆个护,口红,2,1343.74,2149.98,货到付款,浙江省,1,已完成
ORD202506210528223845,USR31158,6/21/2025 5:28,服装服饰,休闲裤,2,1353.91,2166.25,支付宝,江苏省,1,退款中
ORD202510142152003103,USR11617,10/14/2025 21:52,母婴用品,玩具,2,665.06,1064.1,花呗,北京市,1,已完成
ORD202508270154072696,USR25300,8/27/2025 1:54,服装服饰,牛仔裤,4,1381.07,5524.27,货到付款,北京市,0,已完成
ORD202602081146557347,USR22098,2/8/2026 11:46,服装服饰,T恤,1,1749.4,1399.52,银行卡,湖北省,1,已完成
ORD202506271534106273,USR94462,6/27/2025 15:34,服装服饰,卫衣,5,513.1,2565.49,微信支付,福建省,0,已取消
ORD202603310937119259,USR60377,3/31/2026 9:37,母婴用品,婴儿床,1,1958.89,1958.89,微信支付,江苏省,0,已取消
ORD202602090247377302,USR62122,2/9/2026 2:47,运动户外,自行车,2,1993.2,3189.13,微信支付,浙江省,1,已完成
ORD202506161513587859,USR86829,6/16/2025 15:13,食品生鲜,水果,1,140.96,112.77,支付宝,福建省,1,已完成
ORD202603202157465067,USR20531,3/20/2026 21:57,食品生鲜,肉类,4,216.54,866.16,银行卡,四川省,0,已完成
ORD202506130113135482,USR77965,6/13/2025 1:13,运动户外,健身器材,3,562.55,1687.64,银行卡,河南省,0,已完成
ORD202509050050507518,USR34749,9/5/2025 0:50,服装服饰,牛仔裤,1,295.13,295.13,银行卡,湖北省,0,已完成
ORD202508171010346617,USR65436,8/17/2025 10:10,美妆个护,口红,5,1260.87,6304.35,银行卡,江苏省,0,已完成
ORD202604222210475819,USR31734,4/22/2026 22:10,数码家电,笔记本电脑,4,6218.33,19898.67,银行卡,山东省,1,待发货
ORD202506082157198419,USR65950,6/8/2025 21:57,母婴用品,玩具,3,1805.61,5416.83,花呗,北京市,0,待发货
ORD202601280716053185,USR43144,1/28/2026 7:16,数码家电,智能手表,4,5486.13,17555.63,银行卡,北京市,1,已完成
ORD202507300418233263,USR49612,7/30/2025 4:18,运动户外,帐篷,2,615.58,1231.15,银行卡,福建省,0,已完成
ORD202509011524007762,USR75620,9/1/2025 15:24,美妆个护,香水,3,2025.9,4862.16,支付宝,四川省,1,已完成
ORD202507200027539393,USR79887,7/20/2025 0:27,母婴用品,纸尿裤,5,1289.08,5156.34,支付宝,广东省,1,已完成
ORD202512012154325897,USR96309,12/1/2025 21:54,运动户外,足球,3,4048.24,12144.73,银行卡,广东省,0,待发货
ORD202602152348319975,USR60172,2/15/2026 23:48,服装服饰,牛仔裤,5,1659.23,8296.17,花呗,江苏省,0,已完成
ORD202507151011126143,USR86818,7/15/2025 10:11,食品生鲜,肉类,2,435.42,696.67,银行卡,浙江省,1,已完成
ORD202601060034384560,USR50367,1/6/2026 0:34,数码家电,智能手表,5,3605.99,18029.93,银行卡,浙江省,0,已完成
ORD202508241534364291,USR63950,8/24/2025 15:34,家居用品,茶几,4,2099.64,8398.54,银行卡,浙江省,0,待发货
ORD202511281425514435,USR21648,11/28/2025 14:25,家居用品,餐具,1,819.39,819.39,货到付款,上海市,0,已完成
ORD202602271529095760,USR24322,2/27/2026 15:29,美妆个护,沐浴露,4,2998.03,11992.12,花呗,广东省,0,已完成
ORD202509081221516657,USR93385,9/8/2025 12:21,服装服饰,卫衣,4,391.9,1254.09,微信支付,福建省,1,已完成
ORD202603252000303173,USR85053,3/25/2026 20:00,数码家电,洗衣机,3,575.86,1727.57,银行卡,湖北省,0,已完成
ORD202510220621083913,USR55140,10/22/2025 6:21,服装服饰,连衣裙,2,340.18,544.28,微信支付,北京市,1,已完成
ORD202508050354299255,USR28705,8/5/2025 3:54,数码家电,智能手机,1,6319.04,6319.04,花呗,北京市,0,已完成
ORD202601220719459888,USR45261,1/22/2026 7:19,美妆个护,沐浴露,5,1356.95,5427.79,银行卡,湖北省,1,待发货
ORD202601221957246281,USR37462,1/22/2026 19:57,美妆个护,粉底液,3,1359.08,4077.23,微信支付,北京市,0,已完成
ORD202603181110202890,USR62162,3/18/2026 11:10,家居用品,茶几,2,2865.97,5731.94,微信支付,四川省,0,已完成
ORD202603062334286771,USR50383,3/6/2026 23:34,服装服饰,牛仔裤,1,1843.29,1843.29,花呗,广东省,0,已完成
ORD202507151131258870,USR10841,7/15/2025 11:31,母婴用品,童装,4,656.83,2101.86,银行卡,广东省,1,已完成
ORD202603300132447839,USR32072,3/30/2026 1:32,家居用品,餐具,2,642.99,1285.99,货到付款,上海市,0,已完成
ORD202604150426259747,USR74451,4/15/2026 4:26,服装服饰,羽绒服,2,1704.54,2727.26,花呗,四川省,1,已完成
ORD202508031424285684,USR10206,8/3/2025 14:24,家居用品,沙发,2,2719.94,5439.87,货到付款,江苏省,0,已完成
ORD202509291905347920,USR22697,9/29/2025 19:05,母婴用品,奶瓶,4,1106.11,4424.46,银行卡,广东省,0,已完成
ORD202507122333121209,USR19154,7/12/2025 23:33,食品生鲜,水果,5,318.42,1273.67,微信支付,湖北省,1,已完成
ORD202601111743579564,USR64767,1/11/2026 17:43,食品生鲜,饮料,3,135.89,407.66,花呗,湖北省,0,已完成
ORD202506102320242744,USR78807,6/10/2025 23:20,食品生鲜,海鲜,5,402.39,2011.97,花呗,湖北省,0,已完成
ORD202605271751211414,USR64636,5/27/2026 17:51,食品生鲜,牛奶,1,319.74,319.74,花呗,湖北省,0,已完成
ORD202509300339087240,USR95789,9/30/2025 3:39,运动户外,瑜伽垫,3,2567.22,7701.65,支付宝,浙江省,0,已完成
ORD202601101448523381,USR47793,1/10/2026 14:48,数码家电,笔记本电脑,1,950.81,950.81,银行卡,上海市,0,已完成
ORD202602190120031869,USR66485,2/19/2026 1:20,运动户外,瑜伽垫,4,4588.08,18352.33,支付宝,浙江省,0,待发货
ORD202605191525011927,USR32365,5/19/2026 15:25,运动户外,足球,5,3115.71,15578.56,花呗,河南省,0,已完成
ORD202510241806514275,USR33121,10/24/2025 18:06,运动户外,篮球,2,1044.19,1670.7,花呗,江苏省,1,已完成
ORD202511020105145374,USR59106,11/2/2025 1:05,食品生鲜,面包,3,307.13,737.11,货到付款,湖北省,1,已完成
ORD202603051625123636,USR34431,3/5/2026 16:25,母婴用品,婴儿床,2,1371.05,2742.11,支付宝,河南省,0,已完成
ORD202508170034035695,USR27607,8/17/2025 0:34,美妆个护,爽肤水,1,1591.54,1591.54,微信支付,四川省,0,已完成
ORD202506301220185105,USR35954,6/30/2025 12:20,美妆个护,香水,2,2162.76,4325.52,银行卡,湖北省,0,退款中
ORD202601162245073399,USR73762,1/16/2026 22:45,数码家电,洗衣机,2,4860.9,7777.45,微信支付,四川省,1,已完成
ORD202602240459342016,USR33853,2/24/2026 4:59,食品生鲜,牛奶,4,474.41,1897.63,微信支付,河南省,0,已完成
ORD202604191329195835,USR75878,4/19/2026 13:29,食品生鲜,海鲜,4,36.31,145.25,银行卡,湖北省,0,已完成
ORD202601301419224342,USR24449,1/30/2026 14:19,食品生鲜,零食,5,62.06,248.24,花呗,广东省,1,待发货
ORD202509030731139866,USR69069,9/3/2025 7:31,家居用品,餐具,1,537.54,537.54,货到付款,上海市,0,已完成
ORD202507101347201529,USR84329,7/10/2025 13:47,服装服饰,T恤,4,1395.83,4466.67,花呗,上海市,1,已完成
ORD202602261818356876,USR37862,2/26/2026 18:18,家居用品,拖把,4,1943.88,7775.5,花呗,北京市,0,已完成
ORD202603280002378415,USR34331,3/28/2026 0:02,服装服饰,连衣裙,5,1789.51,8947.57,支付宝,四川省,0,已完成
ORD202509260257152679,USR36337,9/26/2025 2:57,食品生鲜,零食,3,369.11,885.86,微信支付,福建省,1,已完成
ORD202604270518264675,USR17730,4/27/2026 5:18,食品生鲜,水果,5,259.09,1295.47,微信支付,广东省,0,已完成
ORD202602211745237371,USR33950,2/21/2026 17:45,家居用品,餐具,2,2975.66,4761.05,微信支付,山东省,1,已完成
ORD202601200414304892,USR35150,1/20/2026 4:14,家居用品,窗帘,2,813.0,1626.0,货到付款,湖北省,0,已完成
ORD202604092003539370,USR43993,4/9/2026 20:03,服装服饰,T恤,4,1674.72,5359.12,货到付款,福建省,1,已完成
ORD202507180018535712,USR63581,7/18/2025 0:18,美妆个护,香水,4,1297.57,5190.27,货到付款,四川省,0,已完成
ORD202604060522311769,USR67767,4/6/2026 5:22,服装服饰,运动鞋,5,1315.03,6575.17,银行卡,浙江省,0,已完成
ORD202601061852257251,USR92160,1/6/2026 18:52,家居用品,垃圾桶,5,2187.26,10936.3,货到付款,河南省,0,已完成
ORD202603312241247349,USR91844,3/31/2026 22:41,母婴用品,奶瓶,1,1285.82,1285.82,支付宝,北京市,0,待发货
ORD202506162247317825,USR24312,6/16/2025 22:47,家居用品,窗帘,2,438.71,877.42,支付宝,浙江省,0,已完成
ORD202510132010256122,USR93418,10/13/2025 20:10,母婴用品,纸尿裤,5,913.75,4568.77,花呗,广东省,0,已完成
ORD202512242132441881,USR31774,12/24/2025 21:32,数码家电,空气净化器,3,4710.79,14132.36,花呗,浙江省,0,已完成
ORD202511140846201212,USR20460,11/14/2025 8:46,家居用品,窗帘,1,2550.15,2550.15,花呗,福建省,0,已完成
ORD202602122149325117,USR48420,2/12/2026 21:49,数码家电,无线耳机,5,3827.34,19136.72,花呗,山东省,0,已完成
ORD202510222158154327,USR21233,10/22/2025 21:58,美妆个护,口红,4,2758.68,11034.72,支付宝,四川省,0,已完成
ORD202506271843248259,USR59509,6/27/2025 18:43,服装服饰,衬衫,5,908.73,4543.65,花呗,江苏省,0,已完成
ORD202512141153464695,USR26342,12/14/2025 11:53,母婴用品,童装,4,1120.12,3584.39,支付宝,北京市,1,已完成
ORD202602071132267025,USR46275,2/7/2026 11:32,服装服饰,牛仔裤,4,1602.76,6411.03,货到付款,浙江省,0,已完成
ORD202510111230189955,USR18423,10/11/2025 12:30,数码家电,冰箱,2,4873.01,9746.02,货到付款,四川省,0,已完成
ORD202506052155354218,USR54846,6/5/2025 21:55,母婴用品,玩具,2,1922.43,3844.85,银行卡,上海市,0,已完成
ORD202604262237074170,USR13888,4/26/2026 22:37,服装服饰,衬衫,5,1337.65,5350.62,花呗,福建省,1,已完成
ORD202511110313525819,USR86761,11/11/2025 3:13,家居用品,拖把,5,1577.67,7888.37,货到付款,山东省,0,已完成
ORD202604160840468353,USR40773,4/16/2026 8:40,食品生鲜,蔬菜,3,21.56,64.68,货到付款,江苏省,0,已完成
ORD202512080900393906,USR72638,12/8/2025 9:00,数码家电,洗衣机,1,3603.0,3603.0,微信支付,四川省,0,待发货
ORD202507112341362220,USR73595,7/11/2025 23:41,服装服饰,衬衫,1,633.53,633.53,微信支付,四川省,0,已完成
ORD202511160843514063,USR98185,11/16/2025 8:43,数码家电,冰箱,5,6110.79,24443.17,支付宝,江苏省,1,已完成
ORD202510191550133847,USR23213,10/19/2025 15:50,运动户外,帐篷,2,1120.56,2241.12,银行卡,湖北省,0,待发货
ORD202602022004579418,USR11246,2/2/2026 20:04,数码家电,洗衣机,3,2039.15,6117.45,微信支付,福建省,0,已完成
ORD202605130604532955,USR18002,5/13/2026 6:04,母婴用品,奶瓶,1,419.56,335.65,银行卡,北京市,1,已完成
ORD202604182006437180,USR44875,4/18/2026 20:06,运动户外,瑜伽垫,5,715.52,3577.58,货到付款,福建省,0,已完成
ORD202511261304521665,USR10947,11/26/2025 13:04,母婴用品,玩具,2,656.46,1050.34,支付宝,湖北省,1,已完成
ORD202603021635398020,USR97205,3/2/2026 16:35,食品生鲜,蔬菜,2,444.1,888.2,银行卡,河南省,0,已完成
ORD202507300958515572,USR86342,7/30/2025 9:58,运动户外,足球,2,3897.15,6235.44,微信支付,福建省,1,已完成
ORD202511170302035329,USR15486,11/17/2025 3:02,家居用品,床上四件套,4,2211.05,7075.36,货到付款,江苏省,1,已完成
ORD202508080942553131,USR22693,8/8/2025 9:42,数码家电,平板,2,6480.03,12960.05,花呗,山东省,0,待发货
ORD202603122328043636,USR37665,3/12/2026 23:28,服装服饰,卫衣,5,575.36,2301.46,货到付款,福建省,1,已完成
ORD202512201501555178,USR78463,12/20/2025 15:01,美妆个护,洗面奶,3,2665.7,7997.11,微信支付,浙江省,0,已完成
ORD202602081442091092,USR10951,2/8/2026 14:42,数码家电,智能手表,5,1529.78,7648.88,微信支付,山东省,0,已完成
ORD202509132121016415,USR59239,9/13/2025 21:21,数码家电,冰箱,2,3022.59,6045.19,花呗,北京市,0,已完成
ORD202601260443098640,USR89034,1/26/2026 4:43,食品生鲜,零食,3,297.51,892.52,货到付款,江苏省,0,已完成
ORD202604102057453536,USR78167,4/10/2026 20:57,家居用品,餐具,1,326.66,261.33,银行卡,河南省,1,已完成
ORD202605240327281654,USR44843,5/24/2026 3:27,美妆个护,粉底液,1,2198.49,2198.49,银行卡,上海市,0,已完成
ORD202512270008063518,USR73691,12/27/2025 0:08,运动户外,登山包,5,1997.51,7990.02,货到付款,山东省,1,已完成
ORD202603282010536285,USR72027,3/28/2026 20:10,运动户外,健身器材,3,3943.59,11830.76,银行卡,湖北省,0,已完成
ORD202512051831241833,USR54175,12/5/2025 18:31,运动户外,篮球,5,2515.19,12575.96,货到付款,山东省,0,已完成
ORD202511281256155934,USR89216,11/28/2025 12:56,母婴用品,婴儿床,3,402.71,1208.12,货到付款,上海市,0,待发货
ORD202511170350549037,USR66289,11/17/2025 3:50,母婴用品,玩具,3,1482.79,4448.36,微信支付,福建省,0,已完成
ORD202604171624156866,USR54112,4/17/2026 16:24,服装服饰,羽绒服,5,541.68,2166.72,支付宝,浙江省,1,退款中
ORD202603112139292194,USR58599,3/11/2026 21:39,美妆个护,沐浴露,3,1487.71,3570.5,微信支付,湖北省,1,已完成
ORD202601170215496207,USR99372,1/17/2026 2:15,运动户外,帐篷,2,470.11,752.18,银行卡,上海市,1,已完成
ORD202509130537399608,USR54967,9/13/2025 5:37,母婴用品,纸尿裤,3,1254.84,3011.62,支付宝,上海市,1,已完成
ORD202510040405474603,USR51317,10/4/2025 4:05,服装服饰,卫衣,3,1348.42,4045.27,货到付款,浙江省,0,已完成
ORD202604271832314012,USR41404,4/27/2026 18:32,家居用品,餐具,5,1148.45,5742.25,银行卡,北京市,0,已完成
ORD202509040810509529,USR57344,9/4/2025 8:10,服装服饰,T恤,1,1911.12,1911.12,花呗,山东省,0,已完成
ORD202604191458272117,USR97173,4/19/2026 14:58,母婴用品,辅食,4,1754.63,7018.52,银行卡,福建省,0,已完成
ORD202605292318269276,USR62228,5/29/2026 23:18,食品生鲜,零食,3,356.89,1070.67,支付宝,山东省,0,已完成
ORD202507041545243611,USR59602,7/4/2025 15:45,食品生鲜,水果,4,359.69,1438.76,支付宝,江苏省,0,已完成
ORD202509170747587814,USR90059,9/17/2025 7:47,运动户外,健身器材,3,1336.77,4010.31,货到付款,湖北省,0,待发货
ORD202605090923539897,USR17502,5/9/2026 9:23,食品生鲜,海鲜,5,331.84,1659.2,花呗,河南省,0,已完成
ORD202511230146459798,USR56665,11/23/2025 1:46,运动户外,自行车,5,1071.21,4284.84,货到付款,江苏省,1,已完成
ORD202509031658197609,USR53287,9/3/2025 16:58,运动户外,登山包,3,805.62,2416.85,花呗,上海市,0,已完成
ORD202603191056452506,USR23130,3/19/2026 10:56,母婴用品,婴儿床,5,1998.96,9994.81,花呗,河南省,0,已完成
ORD202511281123486724,USR10404,11/28/2025 11:23,食品生鲜,海鲜,5,314.96,1574.82,货到付款,四川省,0,已完成
ORD202601080723014624,USR69889,1/8/2026 7:23,运动户外,登山包,3,2211.84,5308.42,银行卡,山东省,1,已完成
ORD202601240042134495,USR62665,1/24/2026 0:42,美妆个护,香水,1,885.85,708.68,微信支付,上海市,1,已完成
ORD202602151158046437,USR28201,2/15/2026 11:58,家居用品,沙发,3,1819.68,5459.05,花呗,浙江省,0,待发货
ORD202510260426106424,USR13365,10/26/2025 4:26,服装服饰,牛仔裤,1,146.71,146.71,支付宝,福建省,0,已完成
ORD202510091526376911,USR88893,10/9/2025 15:26,服装服饰,卫衣,5,234.63,938.51,货到付款,四川省,1,已完成
ORD202506120330125809,USR26108,6/12/2025 3:30,母婴用品,婴儿车,1,114.07,114.07,银行卡,广东省,0,已完成
ORD202512092316134579,USR79550,12/9/2025 23:16,食品生鲜,牛奶,5,254.59,1018.37,花呗,湖北省,1,已完成
ORD202604271127199691,USR46630,4/27/2026 11:27,食品生鲜,零食,1,304.3,243.44,银行卡,四川省,1,已完成
ORD202510050521058780,USR42576,10/5/2025 5:21,运动户外,登山包,1,406.15,406.15,货到付款,江苏省,0,待发货
ORD202508101452131144,USR58290,8/10/2025 14:52,数码家电,洗衣机,3,5909.18,17727.55,支付宝,福建省,0,退款中
ORD202512070817412879,USR69233,12/7/2025 8:17,运动户外,帐篷,1,1228.94,1228.94,花呗,上海市,0,待发货
ORD202508220906016668,USR91048,8/22/2025 9:06,家居用品,垃圾桶,5,2061.9,10309.5,花呗,福建省,0,待发货
ORD202510161912308301,USR99939,10/16/2025 19:12,美妆个护,面霜,3,2946.23,7070.96,银行卡,上海市,1,退款中
ORD202604062020114937,USR96360,4/6/2026 20:20,服装服饰,羽绒服,1,1397.66,1118.13,货到付款,浙江省,1,待发货
ORD202509090801084994,USR72285,9/9/2025 8:01,运动户外,足球,3,4427.65,10626.35,微信支付,福建省,1,已完成
ORD202510110411161653,USR77490,10/11/2025 4:11,数码家电,无线耳机,4,7611.49,30445.96,花呗,北京市,0,已完成
ORD202509171436216258,USR64149,9/17/2025 14:36,数码家电,智能手表,3,4150.63,12451.9,支付宝,江苏省,0,已完成
ORD202605082110367248,USR96537,5/8/2026 21:10,运动户外,自行车,4,3541.39,14165.57,花呗,广东省,0,已完成
ORD202601181234022857,USR34633,1/18/2026 12:34,母婴用品,婴儿车,4,1711.34,6845.36,花呗,浙江省,0,已完成
ORD202602280730227322,USR10410,2/28/2026 7:30,服装服饰,卫衣,3,745.39,2236.16,微信支付,河南省,0,已完成
ORD202605081911425203,USR93633,5/8/2026 19:11,母婴用品,玩具,5,559.72,2798.62,微信支付,广东省,0,已完成
ORD202509160700359851,USR52229,9/16/2025 7:00,美妆个护,爽肤水,5,2841.4,14206.99,货到付款,浙江省,0,已完成
ORD202601022020525633,USR12179,1/2/2026 20:20,数码家电,无线耳机,5,5947.28,23789.11,花呗,福建省,1,已完成
ORD202506042236541404,USR93070,6/4/2025 22:36,数码家电,智能手表,2,2147.62,4295.23,花呗,河南省,0,已完成
ORD202512181518539468,USR57212,12/18/2025 15:18,家居用品,茶几,4,1358.27,4346.46,银行卡,广东省,1,已完成
ORD202508140446297143,USR15997,8/14/2025 4:46,美妆个护,面霜,3,2395.46,7186.39,银行卡,河南省,0,已完成
ORD202507040558149426,USR52667,7/4/2025 5:58,数码家电,冰箱,5,4602.97,23014.86,支付宝,四川省,0,已完成
ORD202509021736059335,USR98857,9/2/2025 17:36,美妆个护,洗发水,5,1960.36,7841.43,支付宝,浙江省,1,已完成
ORD202603071534568300,USR68236,3/7/2026 15:34,服装服饰,卫衣,3,1519.85,3647.64,银行卡,上海市,1,已完成
ORD202511052011048975,USR40612,11/5/2025 20:11,食品生鲜,肉类,4,314.78,1259.14,支付宝,河南省,0,已完成
ORD202512071752321718,USR89529,12/7/2025 17:52,数码家电,智能手表,3,4550.59,13651.78,花呗,广东省,0,已完成
ORD202601021437025856,USR73509,1/2/2026 14:37,家居用品,床上四件套,2,2253.85,4507.7,微信支付,山东省,0,已完成
ORD202603221036244154,USR62450,3/22/2026 10:36,服装服饰,连衣裙,2,1468.75,2937.5,花呗,北京市,0,已完成
ORD202509020758536248,USR90293,9/2/2025 7:58,运动户外,足球,3,3186.37,7647.3,银行卡,山东省,1,已完成
ORD202602240456449419,USR20665,2/24/2026 4:56,美妆个护,面霜,4,1098.57,4394.3,货到付款,四川省,0,已完成
ORD202512022130332349,USR55656,12/2/2025 21:30,运动户外,篮球,5,2088.48,10442.4,货到付款,广东省,0,已完成
ORD202602062015042572,USR66087,2/6/2026 20:15,母婴用品,玩具,2,1942.36,3107.77,银行卡,江苏省,1,待发货
ORD202603041051073742,USR72406,3/4/2026 10:51,服装服饰,连衣裙,2,269.15,538.31,花呗,湖北省,0,已完成
ORD202512081447119814,USR96289,12/8/2025 14:47,运动户外,帐篷,4,1415.67,5662.7,支付宝,四川省,0,已完成
ORD202511220117229736,USR23166,11/22/2025 1:17,数码家电,无线耳机,2,4193.01,8386.03,支付宝,上海市,0,待发货
ORD202604042240121120,USR60444,4/4/2026 22:40,美妆个护,香水,2,2515.09,5030.17,货到付款,福建省,0,待发货
ORD202506071643072072,USR48517,6/7/2025 16:43,食品生鲜,饮料,4,90.2,360.8,银行卡,湖北省,0,已完成
ORD202507070319124453,USR89583,7/7/2025 3:19,服装服饰,羽绒服,3,590.06,1770.18,银行卡,河南省,0,已完成
ORD202509230628274492,USR35569,9/23/2025 6:28,数码家电,洗衣机,5,993.49,4967.43,微信支付,浙江省,0,已完成
ORD202508260125417950,USR28764,8/26/2025 1:25,家居用品,窗帘,5,2123.84,8495.34,货到付款,广东省,1,已完成
ORD202511050117302702,USR78164,11/5/2025 1:17,母婴用品,婴儿车,2,514.51,823.21,银行卡,广东省,1,已完成
ORD202602241555254368,USR84959,2/24/2026 15:55,美妆个护,香水,5,1184.36,5921.82,微信支付,江苏省,0,已完成
ORD202509031146069810,USR76143,9/3/2025 11:46,服装服饰,休闲裤,3,915.22,2745.65,支付宝,福建省,0,已完成
ORD202509272202498130,USR14160,9/27/2025 22:02,服装服饰,衬衫,2,1788.06,3576.12,货到付款,浙江省,0,已完成
ORD202602132033212181,USR26759,2/13/2026 20:33,食品生鲜,零食,5,211.55,1057.76,货到付款,上海市,0,已完成
ORD202601122029273519,USR75264,1/12/2026 20:29,食品生鲜,海鲜,1,81.16,64.93,银行卡,四川省,1,待发货
ORD202510220731111389,USR21415,10/22/2025 7:31,家居用品,沙发,1,1582.46,1582.46,银行卡,北京市,0,已完成
ORD202512011906268523,USR49498,12/1/2025 19:06,母婴用品,奶粉,1,1927.77,1927.77,花呗,北京市,0,待发货
ORD202601012244306434,USR98219,1/1/2026 22:44,家居用品,垃圾桶,1,1830.9,1830.9,支付宝,山东省,0,已完成
ORD202512240433031620,USR81925,12/24/2025 4:33,数码家电,平板,1,7875.4,7875.4,支付宝,北京市,0,已完成
ORD202510121203042433,USR71184,10/12/2025 12:03,数码家电,洗衣机,2,6808.3,13616.61,微信支付,北京市,0,已完成
ORD202511130558582200,USR32027,11/13/2025 5:58,家居用品,拖把,4,127.18,406.97,微信支付,河南省,1,已完成
ORD202603171637191889,USR68495,3/17/2026 16:37,母婴用品,婴儿床,4,1333.88,4268.41,花呗,山东省,1,已完成
ORD202512311759323916,USR25162,12/31/2025 17:59,家居用品,垃圾桶,2,874.57,1399.3,支付宝,福建省,1,已完成
ORD202510071111545127,USR73198,10/7/2025 11:11,母婴用品,婴儿车,2,1141.25,1826.0,微信支付,浙江省,1,已完成
ORD202510151506422154,USR96853,10/15/2025 15:06,母婴用品,纸尿裤,3,594.72,1427.34,支付宝,广东省,1,已完成
ORD202602282304584729,USR80866,2/28/2026 23:04,运动户外,篮球,4,1809.47,7237.86,支付宝,广东省,0,已完成
ORD202511240512445237,USR41575,11/24/2025 5:12,美妆个护,面霜,1,2771.81,2771.81,微信支付,上海市,0,已完成
ORD202509140507267678,USR41897,9/14/2025 5:07,母婴用品,辅食,2,452.95,724.73,银行卡,浙江省,1,已完成
ORD202509280156007357,USR37740,9/28/2025 1:56,食品生鲜,肉类,1,438.31,438.31,银行卡,山东省,0,已完成
ORD202509061515078391,USR32338,9/6/2025 15:15,母婴用品,玩具,4,109.39,437.57,微信支付,湖北省,0,已完成
ORD202508291246137626,USR96474,8/29/2025 12:46,母婴用品,玩具,5,227.21,1136.05,花呗,福建省,0,已完成
ORD202507172035398094,USR21722,7/17/2025 20:35,母婴用品,纸尿裤,5,1716.62,8583.08,货到付款,福建省,0,已完成
ORD202603080251266183,USR23824,3/8/2026 2:51,运动户外,篮球,2,3189.72,6379.45,支付宝,四川省,0,已完成
ORD202508141900561276,USR67002,8/14/2025 19:00,运动户外,跑步鞋,3,3761.46,11284.37,货到付款,上海市,0,已完成
ORD202510011307127381,USR13830,10/1/2025 13:07,数码家电,平板,1,2070.63,2070.63,微信支付,浙江省,0,已完成
ORD202507171019512938,USR31002,7/17/2025 10:19,运动户外,登山包,2,2731.71,4370.73,支付宝,广东省,1,退款中
ORD202603161209129762,USR52795,3/16/2026 12:09,食品生鲜,肉类,3,371.24,1113.71,货到付款,河南省,0,已完成
ORD202512260236501096,USR60264,12/26/2025 2:36,食品生鲜,饮料,1,317.38,253.91,银行卡,福建省,1,已完成
ORD202603240007192036,USR46747,3/24/2026 0:07,运动户外,篮球,4,2411.32,9645.3,花呗,江苏省,0,已完成
ORD202602240047261745,USR38885,2/24/2026 0:47,家居用品,茶几,5,2880.16,14400.78,货到付款,山东省,0,已完成
ORD202508112143172189,USR43767,8/11/2025 21:43,美妆个护,爽肤水,3,2038.19,6114.56,花呗,北京市,0,待发货
ORD202508140917286860,USR97285,8/14/2025 9:17,运动户外,瑜伽垫,1,4547.98,4547.98,银行卡,北京市,0,已完成
ORD202508240051039238,USR72429,8/24/2025 0:51,母婴用品,玩具,2,1473.05,2946.1,货到付款,浙江省,0,已完成
ORD202603142017392738,USR97897,3/14/2026 20:17,服装服饰,连衣裙,1,1484.15,1187.32,微信支付,湖北省,1,待发货
ORD202512060103285748,USR26134,12/6/2025 1:03,美妆个护,洗面奶,2,267.65,428.25,支付宝,上海市,1,已完成
ORD202509160909475937,USR97225,9/16/2025 9:09,美妆个护,口红,5,1097.61,4390.44,银行卡,福建省,1,已完成
ORD202603090937182417,USR27793,3/9/2026 9:37,食品生鲜,海鲜,5,430.6,2153.01,花呗,广东省,0,已完成
ORD202601152320535612,USR80063,1/15/2026 23:20,美妆个护,面霜,1,720.83,720.83,花呗,浙江省,0,已完成
ORD202603230539048170,USR93040,3/23/2026 5:39,运动户外,自行车,1,665.98,665.98,银行卡,湖北省,0,已完成
ORD202512211758127249,USR74482,12/21/2025 17:58,母婴用品,辅食,2,685.91,1371.81,微信支付,河南省,0,待发货
ORD202601181829347473,USR21854,1/18/2026 18:29,母婴用品,婴儿车,2,479.85,959.71,微信支付,福建省,0,已完成
ORD202509182144201504,USR53620,9/18/2025 21:44,数码家电,空气净化器,3,7439.66,22318.98,花呗,浙江省,0,已完成
ORD202507100058168765,USR39334,7/10/2025 0:58,母婴用品,纸尿裤,3,1742.53,5227.6,银行卡,河南省,0,已完成
ORD202604200839313561,USR85493,4/20/2026 8:39,母婴用品,婴儿床,3,1024.38,3073.15,银行卡,上海市,0,已完成
ORD202508150918259740,USR88732,8/15/2025 9:18,食品生鲜,蔬菜,1,40.06,40.06,支付宝,福建省,0,已完成
ORD202509240113014602,USR18476,9/24/2025 1:13,母婴用品,玩具,3,1443.4,4330.19,花呗,浙江省,0,已完成
ORD202508280817483234,USR94408,8/28/2025 8:17,数码家电,冰箱,1,5175.59,5175.59,微信支付,上海市,0,已完成
ORD202510190339197406,USR54987,10/19/2025 3:39,服装服饰,连衣裙,5,1942.58,7770.33,货到付款,北京市,1,已完成
ORD202508091630599941,USR59415,8/9/2025 16:30,运动户外,登山包,4,2838.87,11355.48,微信支付,上海市,0,已完成
ORD202509260920175832,USR60023,9/26/2025 9:20,食品生鲜,水果,5,174.83,874.16,微信支付,江苏省,0,已完成
ORD202506061152203360,USR95710,6/6/2025 11:52,服装服饰,运动鞋,1,1062.09,1062.09,货到付款,山东省,0,已完成
ORD202603022312385883,USR94161,3/2/2026 23:12,食品生鲜,蔬菜,1,489.84,489.84,花呗,广东省,0,已完成
ORD202512251029597113,USR83649,12/25/2025 10:29,家居用品,沙发,4,2095.16,6704.51,支付宝,四川省,1,退款中
ORD202507200350191182,USR67273,7/20/2025 3:50,美妆个护,口红,2,2025.77,3241.23,微信支付,北京市,1,已完成
ORD202509151246003316,USR40587,9/15/2025 12:46,家居用品,餐具,2,737.23,1474.46,微信支付,四川省,0,已完成
ORD202506181614133019,USR39301,6/18/2025 16:14,母婴用品,奶粉,2,1500.02,3000.05,花呗,福建省,0,已完成
ORD202506220413091684,USR43959,6/22/2025 4:13,服装服饰,牛仔裤,3,1513.03,3631.27,花呗,上海市,1,已完成
ORD202601012140451082,USR25163,1/1/2026 21:40,母婴用品,奶瓶,2,668.71,1337.43,银行卡,上海市,0,已完成
ORD202509221054397456,USR48138,9/22/2025 10:54,美妆个护,香水,3,1466.63,3519.91,花呗,北京市,1,已完成
ORD202602262024049800,USR21492,2/26/2026 20:24,食品生鲜,牛奶,3,154.36,463.07,花呗,北京市,0,已完成
ORD202507200100369970,USR24599,7/20/2025 1:00,美妆个护,香水,2,798.35,1596.71,微信支付,山东省,0,已完成
ORD202602031722332394,USR21683,2/3/2026 17:22,数码家电,无线耳机,2,694.22,1110.75,支付宝,北京市,1,待发货
ORD202605040638425992,USR54595,5/4/2026 6:38,美妆个护,沐浴露,4,877.08,3508.32,微信支付,北京市,0,已完成
ORD202603200831534441,USR87620,3/20/2026 8:31,数码家电,无线耳机,4,4654.77,18619.1,花呗,四川省,0,待发货
ORD202512081519156633,USR34662,12/8/2025 15:19,美妆个护,粉底液,3,34.76,104.27,银行卡,山东省,0,待发货
ORD202507102011104469,USR25218,7/10/2025 20:11,运动户外,瑜伽垫,4,1487.77,5951.09,支付宝,浙江省,0,已完成
ORD202605052220157760,USR85083,5/5/2026 22:20,数码家电,无线耳机,3,7110.58,17065.39,银行卡,上海市,1,待发货
ORD202506051819189397,USR58200,6/5/2025 18:19,服装服饰,衬衫,1,1207.61,1207.61,货到付款,上海市,0,已完成
ORD202601092239583333,USR26700,1/9/2026 22:39,母婴用品,童装,3,1235.33,3706.0,银行卡,北京市,0,已取消
ORD202509191014043637,USR51074,9/19/2025 10:14,母婴用品,纸尿裤,3,836.56,2007.74,银行卡,山东省,1,已完成
ORD202511300705474014,USR59832,11/30/2025 7:05,家居用品,垃圾桶,4,2035.89,8143.55,花呗,北京市,0,已完成
ORD202512032156234617,USR85617,12/3/2025 21:56,母婴用品,婴儿床,1,420.37,420.37,花呗,山东省,0,已完成
ORD202511190128005140,USR10220,11/19/2025 1:28,食品生鲜,水果,5,411.19,1644.74,花呗,四川省,1,已完成
ORD202510110736344183,USR50737,10/11/2025 7:36,运动户外,登山包,5,671.78,2687.11,花呗,上海市,1,已完成
ORD202508111423382877,USR18111,8/11/2025 14:23,美妆个护,口红,5,1978.32,9891.62,花呗,江苏省,0,待发货
ORD202506202251563971,USR87340,6/20/2025 22:51,家居用品,窗帘,1,1036.62,1036.62,银行卡,湖北省,0,待发货
ORD202509070116081891,USR80202,9/7/2025 1:16,食品生鲜,饮料,2,376.28,602.05,货到付款,江苏省,1,已完成
ORD202605011550249992,USR34885,5/1/2026 15:50,食品生鲜,牛奶,1,279.38,223.51,花呗,四川省,1,已完成
ORD202512031245318557,USR60875,12/3/2025 12:45,数码家电,无线耳机,4,3892.65,12456.47,货到付款,福建省,1,已完成
ORD202507150722092198,USR65535,7/15/2025 7:22,母婴用品,婴儿床,3,380.37,1141.12,货到付款,北京市,0,已完成
ORD202604160640235762,USR51896,4/16/2026 6:40,服装服饰,T恤,3,1291.8,3875.41,微信支付,湖北省,0,已完成
ORD202506260902412103,USR57844,6/26/2025 9:02,服装服饰,T恤,4,1950.8,7803.2,微信支付,江苏省,0,已完成
ORD202511031451505107,USR99037,11/3/2025 14:51,家居用品,餐具,4,2480.3,7936.95,支付宝,福建省,1,已完成
ORD202512082324362608,USR26555,12/8/2025 23:24,运动户外,瑜伽垫,3,394.04,945.7,微信支付,福建省,1,已完成
ORD202506291829454234,USR78124,6/29/2025 18:29,服装服饰,休闲裤,2,783.65,1567.29,花呗,四川省,0,已完成
ORD202601110213378982,USR96998,1/11/2026 2:13,美妆个护,面霜,2,2778.98,5557.96,货到付款,河南省,0,已完成
ORD202601311051336420,USR88855,1/31/2026 10:51,服装服饰,T恤,2,1030.94,2061.87,支付宝,河南省,0,已完成
ORD202602221411146851,USR87434,2/22/2026 14:11,家居用品,垃圾桶,4,1993.09,6377.9,微信支付,福建省,1,已完成
ORD202506211940223100,USR39116,6/21/2025 19:40,服装服饰,衬衫,3,1829.57,5488.71,银行卡,湖北省,0,已完成
ORD202507292211534842,USR23970,7/29/2025 22:11,美妆个护,口红,3,2625.17,7875.51,支付宝,四川省,0,已完成
ORD202507282237202639,USR61814,7/28/2025 22:37,数码家电,智能手机,3,4263.65,12790.96,花呗,江苏省,0,已完成
ORD202604120023315671,USR11204,4/12/2026 0:23,运动户外,自行车,1,2244.47,2244.47,货到付款,山东省,0,已完成
ORD202601051402422143,USR80555,1/5/2026 14:02,家居用品,垃圾桶,1,1032.28,1032.28,花呗,山东省,0,已完成
ORD202509262357084170,USR70372,9/26/2025 23:57,数码家电,平板,5,5892.65,23570.58,花呗,北京市,1,已完成
ORD202507040156366206,USR51409,7/4/2025 1:56,数码家电,空气净化器,1,2652.4,2121.92,银行卡,江苏省,1,已完成
ORD202509050918268960,USR28966,9/5/2025 9:18,数码家电,空气净化器,2,2374.16,4748.31,银行卡,湖北省,0,已完成
ORD202507170002548383,USR48905,7/17/2025 0:02,食品生鲜,面包,2,184.56,369.12,货到付款,河南省,0,已完成
ORD202601031737036379,USR38692,1/3/2026 17:37,运动户外,自行车,2,968.35,1549.37,微信支付,上海市,1,待发货
ORD202603242107456008,USR75514,3/24/2026 21:07,母婴用品,奶粉,2,1405.48,2810.97,花呗,山东省,0,已完成
ORD202511091501223496,USR99126,11/9/2025 15:01,运动户外,登山包,5,3119.58,15597.9,微信支付,北京市,0,已完成
ORD202601221117246971,USR69740,1/22/2026 11:17,食品生鲜,零食,2,246.61,394.58,货到付款,广东省,1,已取消
ORD202601181218176182,USR29323,1/18/2026 12:18,母婴用品,童装,4,811.14,2595.63,花呗,浙江省,1,已完成
ORD202604040214198017,USR88835,4/4/2026 2:14,运动户外,瑜伽垫,4,4554.41,14574.1,微信支付,广东省,1,已完成
ORD202601270404363762,USR47144,1/27/2026 4:04,数码家电,平板,4,718.43,2873.71,花呗,湖北省,0,已完成
ORD202508271533231079,USR29119,8/27/2025 15:33,家居用品,沙发,1,2311.94,2311.94,银行卡,湖北省,0,已完成
ORD202603290559166131,USR97208,3/29/2026 5:59,母婴用品,辅食,3,1808.72,5426.17,银行卡,北京市,0,已完成
ORD202512202243445033,USR14501,12/20/2025 22:43,美妆个护,洗面奶,5,1355.67,6778.37,支付宝,四川省,0,已完成
ORD202510261722484629,USR88496,10/26/2025 17:22,美妆个护,洗发水,4,1665.55,5329.76,货到付款,福建省,1,已完成
ORD202511222305568145,USR51961,11/22/2025 23:05,服装服饰,连衣裙,4,1891.7,7566.82,微信支付,上海市,0,已完成
ORD202605191952285533,USR50487,5/19/2026 19:52,母婴用品,婴儿车,2,463.94,742.31,花呗,广东省,1,已完成
ORD202511192227316889,USR75847,11/19/2025 22:27,家居用品,拖把,4,1570.0,6280.01,支付宝,上海市,0,已完成
ORD202509241131553200,USR26182,9/24/2025 11:31,食品生鲜,蔬菜,2,242.61,485.23,货到付款,河南省,0,已完成
ORD202605010120036432,USR45841,5/1/2026 1:20,数码家电,洗衣机,2,2437.94,3900.71,货到付款,浙江省,1,已完成
ORD202601151327068863,USR85231,1/15/2026 13:27,服装服饰,休闲裤,3,1646.26,4938.77,货到付款,浙江省,0,已完成
ORD202511141259018583,USR72689,11/14/2025 12:59,美妆个护,口红,1,2701.81,2701.81,微信支付,山东省,0,已完成
ORD202509271421008296,USR92716,9/27/2025 14:21,食品生鲜,零食,2,393.15,786.29,银行卡,湖北省,0,已完成
ORD202601072000386877,USR38272,1/7/2026 20:00,食品生鲜,零食,2,105.73,211.45,支付宝,江苏省,0,已完成
ORD202601280423396004,USR74883,1/28/2026 4:23,数码家电,无线耳机,3,1150.61,3451.84,微信支付,河南省,0,已完成
ORD202506240923138978,USR48206,6/24/2025 9:23,母婴用品,奶瓶,2,1230.62,2461.23,花呗,福建省,0,已完成
ORD202601231810182783,USR59375,1/23/2026 18:10,美妆个护,沐浴露,5,199.57,997.86,微信支付,湖北省,0,已完成
ORD202603151007563879,USR17708,3/15/2026 10:07,家居用品,沙发,1,2025.02,1620.02,花呗,湖北省,1,已完成
ORD202507091255262343,USR53665,7/9/2025 12:55,食品生鲜,零食,5,269.91,1349.54,花呗,上海市,0,已完成
ORD202603240513305597,USR30014,3/24/2026 5:13,数码家电,智能手表,4,5470.89,21883.57,货到付款,浙江省,0,已完成
ORD202508201643253293,USR37605,8/20/2025 16:43,家居用品,窗帘,1,1778.71,1778.71,微信支付,广东省,0,已完成
ORD202601292213219824,USR39500,1/29/2026 22:13,母婴用品,纸尿裤,4,874.27,3497.08,银行卡,山东省,0,已完成
ORD202508212253504218,USR16889,8/21/2025 22:53,美妆个护,粉底液,2,626.61,1253.21,花呗,北京市,0,已完成
ORD202509111840505312,USR33464,9/11/2025 18:40,母婴用品,奶粉,3,646.12,1938.36,货到付款,山东省,0,已取消
ORD202602121138112252,USR73898,2/12/2026 11:38,食品生鲜,零食,5,267.01,1335.03,银行卡,河南省,0,已完成
ORD202507021243192235,USR61355,7/2/2025 12:43,家居用品,沙发,4,1962.57,6280.21,微信支付,湖北省,1,已完成
ORD202507312352411305,USR49203,7/31/2025 23:52,家居用品,衣柜,2,2342.86,3748.58,银行卡,福建省,1,已完成
ORD202509020342199309,USR96409,9/2/2025 3:42,家居用品,餐具,5,2306.17,9224.67,微信支付,福建省,1,已完成
ORD202508071203341511,USR30865,8/7/2025 12:03,食品生鲜,面包,5,486.62,2433.09,花呗,山东省,0,已完成
ORD202601010856267637,USR12826,1/1/2026 8:56,食品生鲜,水果,4,150.06,600.25,支付宝,山东省,0,已完成
ORD202506300339194485,USR81819,6/30/2025 3:39,母婴用品,辅食,2,188.67,301.87,支付宝,江苏省,1,已完成
ORD202507311859231600,USR61417,7/31/2025 18:59,服装服饰,羽绒服,3,724.03,2172.09,花呗,四川省,0,已完成
ORD202506020056225269,USR54225,6/2/2025 0:56,母婴用品,辅食,4,1499.42,4798.16,银行卡,湖北省,1,已完成
ORD202511061539359904,USR65369,11/6/2025 15:39,美妆个护,面霜,5,1331.19,6655.96,微信支付,广东省,0,已完成
ORD202511222259559842,USR98853,11/22/2025 22:59,数码家电,空气净化器,5,6633.41,33167.07,支付宝,山东省,0,已完成
ORD202602231724168734,USR72052,2/23/2026 17:24,家居用品,衣柜,1,1656.99,1325.59,微信支付,河南省,1,已完成
ORD202601171443173435,USR55653,1/17/2026 14:43,服装服饰,卫衣,2,1863.09,2980.95,花呗,四川省,1,已完成
ORD202511301154066993,USR61296,11/30/2025 11:54,数码家电,智能手表,1,7608.98,6087.18,银行卡,福建省,1,待发货
ORD202509220244007430,USR61257,9/22/2025 2:44,服装服饰,卫衣,3,185.14,444.35,微信支付,四川省,1,待发货
ORD202506131613314658,USR19414,6/13/2025 16:13,运动户外,瑜伽垫,4,2336.43,9345.7,银行卡,河南省,0,已完成
ORD202508292130535767,USR79185,8/29/2025 21:30,母婴用品,童装,5,1238.89,6194.47,支付宝,四川省,0,已完成
ORD202509202119553193,USR47098,9/20/2025 21:19,食品生鲜,牛奶,2,135.38,216.6,微信支付,湖北省,1,已完成
ORD202603021318218613,USR47010,3/2/2026 13:18,家居用品,垃圾桶,5,1233.09,6165.44,货到付款,福建省,0,待发货
ORD202509181907349210,USR35571,9/18/2025 19:07,母婴用品,奶瓶,1,1371.48,1371.48,支付宝,河南省,0,待发货
ORD202603010019089362,USR81828,3/1/2026 0:19,数码家电,平板,1,2200.51,2200.51,银行卡,江苏省,0,已完成
ORD202604302006552483,USR61612,4/30/2026 20:06,运动户外,自行车,4,3049.71,12198.83,花呗,湖北省,0,已完成
ORD202511240752437500,USR22755,11/24/2025 7:52,运动户外,健身器材,2,3517.49,7034.99,货到付款,广东省,0,已完成
ORD202506281526366961,USR27157,6/28/2025 15:26,运动户外,帐篷,2,543.43,1086.86,微信支付,四川省,0,已完成
ORD202602222253309227,USR52391,2/22/2026 22:53,数码家电,空气净化器,4,4231.47,13540.7,支付宝,山东省,1,已取消
ORD202508301540031173,USR86072,8/30/2025 15:40,数码家电,无线耳机,1,2473.1,1978.48,微信支付,江苏省,1,已完成
ORD202605251928304913,USR17094,5/25/2026 19:28,数码家电,冰箱,1,5932.9,5932.9,微信支付,湖北省,0,已完成
ORD202509111749403717,USR49855,9/11/2025 17:49,数码家电,洗衣机,1,1921.67,1921.67,货到付款,山东省,0,已完成
ORD202604022305219423,USR69969,4/2/2026 23:05,运动户外,登山包,5,4471.97,22359.83,货到付款,河南省,0,已完成
ORD202604040657483299,USR95804,4/4/2026 6:57,运动户外,篮球,3,2211.61,6634.84,货到付款,浙江省,0,已完成
ORD202601291757468310,USR31455,1/29/2026 17:57,服装服饰,衬衫,1,436.11,436.11,货到付款,广东省,0,已完成
ORD202601160114143608,USR85649,1/16/2026 1:14,母婴用品,辅食,3,904.14,2712.43,花呗,广东省,0,已完成
ORD202602121840213935,USR28030,2/12/2026 18:40,家居用品,垃圾桶,3,1238.06,3714.17,银行卡,江苏省,0,已完成
ORD202604090456383395,USR67918,4/9/2026 4:56,食品生鲜,水果,2,220.17,440.34,货到付款,江苏省,0,已取消
ORD202605291425148921,USR73234,5/29/2026 14:25,运动户外,登山包,4,2969.25,11877.0,支付宝,四川省,0,待发货
ORD202508161948316878,USR48152,8/16/2025 19:48,食品生鲜,饮料,5,265.38,1326.88,微信支付,河南省,0,已完成
ORD202511130234561662,USR28982,11/13/2025 2:34,母婴用品,辅食,3,342.07,1026.2,货到付款,福建省,0,已完成
ORD202507151347334585,USR37494,7/15/2025 13:47,母婴用品,辅食,5,177.88,889.4,支付宝,四川省,0,已完成
ORD202512291141218989,USR38591,12/29/2025 11:41,食品生鲜,饮料,2,367.41,734.83,花呗,广东省,0,已完成
ORD202508270722334796,USR35644,8/27/2025 7:22,运动户外,跑步鞋,1,2842.62,2274.09,支付宝,上海市,1,已完成
ORD202602071223352029,USR95359,2/7/2026 12:23,食品生鲜,水果,3,185.91,557.73,支付宝,四川省,0,已完成
ORD202507282040545331,USR11197,7/28/2025 20:40,服装服饰,连衣裙,4,1626.3,5204.15,花呗,福建省,1,已完成
ORD202605191900307052,USR57477,5/19/2026 19:00,美妆个护,口红,2,1182.53,2365.07,花呗,浙江省,0,已完成
ORD202509120352264834,USR85455,9/12/2025 3:52,运动户外,登山包,5,4000.23,16000.92,微信支付,河南省,1,已完成
ORD202604180045391701,USR23362,4/18/2026 0:45,运动户外,瑜伽垫,1,1598.21,1598.21,货到付款,四川省,0,已完成
ORD202507260544174387,USR98908,7/26/2025 5:44,家居用品,床上四件套,5,237.08,948.32,支付宝,湖北省,1,待发货
ORD202506281735169485,USR29346,6/28/2025 17:35,数码家电,冰箱,4,7494.8,29979.19,银行卡,河南省,0,已完成
ORD202506240352006918,USR59355,6/24/2025 3:52,美妆个护,洗发水,3,1201.82,2884.36,银行卡,湖北省,1,已取消
ORD202508041030447358,USR65982,8/4/2025 10:30,母婴用品,婴儿床,4,1595.75,6383.0,微信支付,浙江省,0,已完成
ORD202604041950018695,USR99056,4/4/2026 19:50,运动户外,跑步鞋,5,1467.81,7339.03,银行卡,广东省,0,已完成
ORD202509281108598448,USR32049,9/28/2025 11:08,食品生鲜,海鲜,5,326.72,1306.88,微信支付,广东省,1,已完成
ORD202601180212441760,USR17383,1/18/2026 2:12,美妆个护,洗发水,4,2623.73,10494.93,货到付款,上海市,0,已完成
ORD202603182047301653,USR22589,3/18/2026 20:47,家居用品,拖把,4,144.1,461.12,微信支付,广东省,1,已完成
ORD202604170228356309,USR56607,4/17/2026 2:28,母婴用品,玩具,4,1669.74,6678.96,花呗,河南省,0,已完成
ORD202601080123392691,USR72111,1/8/2026 1:23,数码家电,空气净化器,1,4785.0,4785.0,花呗,四川省,0,已完成
ORD202605241808129542,USR33544,5/24/2026 18:08,数码家电,空气净化器,5,5056.04,20224.15,花呗,江苏省,1,已完成
ORD202509210202445480,USR16877,9/21/2025 2:02,家居用品,衣柜,2,1579.01,3158.02,花呗,广东省,0,已完成
ORD202511181312245314,USR25380,11/18/2025 13:12,家居用品,衣柜,1,2625.94,2625.94,花呗,江苏省,0,已完成
ORD202507190703369918,USR77559,7/19/2025 7:03,食品生鲜,饮料,1,31.28,25.03,花呗,浙江省,1,已完成
ORD202511300034543848,USR95209,11/30/2025 0:34,运动户外,登山包,1,1379.04,1103.23,花呗,山东省,1,退款中
ORD202602231056387171,USR54366,2/23/2026 10:56,数码家电,冰箱,2,7068.22,11309.15,花呗,河南省,1,已完成
ORD202509270220077201,USR87777,9/27/2025 2:20,母婴用品,奶瓶,4,1517.07,6068.3,花呗,湖北省,0,已完成
ORD202602271759266985,USR66861,2/27/2026 17:59,美妆个护,洗面奶,5,82.41,412.03,货到付款,北京市,0,已完成
ORD202511040739042275,USR29473,11/4/2025 7:39,母婴用品,奶粉,3,1058.16,3174.49,花呗,上海市,0,已完成
ORD202509141731069465,USR92178,9/14/2025 17:31,服装服饰,卫衣,3,1082.67,3248.0,微信支付,广东省,0,已完成
ORD202512120844195121,USR62952,12/12/2025 8:44,服装服饰,牛仔裤,5,831.72,3326.88,货到付款,山东省,1,已完成
ORD202512271659347165,USR42112,12/27/2025 16:59,家居用品,餐具,2,906.23,1812.46,银行卡,四川省,0,已完成
ORD202512091830184651,USR14455,12/9/2025 18:30,食品生鲜,肉类,3,344.05,1032.14,支付宝,上海市,0,已完成
ORD202511180012309460,USR25571,11/18/2025 0:12,服装服饰,连衣裙,1,455.19,455.19,货到付款,广东省,0,已完成
ORD202507020546207649,USR41569,7/2/2025 5:46,数码家电,空气净化器,3,6492.11,15581.07,花呗,北京市,1,已完成
ORD202601190606206781,USR61989,1/19/2026 6:06,母婴用品,婴儿车,5,1615.92,6463.69,货到付款,福建省,1,已完成
ORD202506161131456653,USR74045,6/16/2025 11:31,母婴用品,纸尿裤,1,859.76,859.76,支付宝,北京市,0,已完成
ORD202605121001198976,USR49674,5/12/2026 10:01,家居用品,沙发,3,864.97,2594.92,支付宝,浙江省,0,已完成
ORD202511151847568898,USR88139,11/15/2025 18:47,运动户外,自行车,5,1491.0,5964.01,花呗,山东省,1,已取消
ORD202603130621081108,USR32608,3/13/2026 6:21,运动户外,足球,2,2463.23,4926.45,花呗,福建省,0,已完成
ORD202510040415179222,USR95563,10/4/2025 4:15,美妆个护,爽肤水,5,2167.15,10835.75,微信支付,湖北省,0,已完成
ORD202601211101083276,USR59200,1/21/2026 11:01,家居用品,沙发,2,1089.43,2178.86,支付宝,山东省,0,待发货
ORD202509060535528207,USR97914,9/6/2025 5:35,美妆个护,面霜,1,1841.83,1841.83,花呗,四川省,0,待发货
ORD202506110104413713,USR96313,6/11/2025 1:04,运动户外,足球,5,1974.17,9870.87,支付宝,福建省,0,已完成
ORD202507061113414768,USR21745,7/6/2025 11:13,家居用品,沙发,4,927.48,2967.93,微信支付,江苏省,1,待发货
ORD202508282143482263,USR70774,8/28/2025 21:43,家居用品,餐具,4,94.08,376.33,银行卡,福建省,0,已完成
ORD202602172054589430,USR95237,2/17/2026 20:54,家居用品,垃圾桶,4,31.66,126.66,支付宝,浙江省,0,待发货
ORD202604211541565600,USR60082,4/21/2026 15:41,运动户外,瑜伽垫,4,1213.32,3882.62,微信支付,上海市,1,已完成
ORD202605010435544465,USR46073,5/1/2026 4:35,美妆个护,沐浴露,4,1237.03,3958.49,微信支付,湖北省,1,已完成
ORD202601100914393461,USR92881,1/10/2026 9:14,美妆个护,口红,2,2558.25,5116.49,微信支付,湖北省,0,已完成
ORD202601150022564062,USR95615,1/15/2026 0:22,家居用品,拖把,5,2399.48,11997.42,货到付款,江苏省,0,退款中
ORD202506090121413578,USR68342,6/9/2025 1:21,服装服饰,运动鞋,1,570.97,570.97,花呗,广东省,0,已完成
ORD202603250005006934,USR58145,3/25/2026 0:05,食品生鲜,蔬菜,4,129.82,519.3,支付宝,广东省,0,已完成
ORD202602170207062938,USR11520,2/17/2026 2:07,运动户外,篮球,4,1213.88,4855.51,货到付款,上海市,0,已完成
ORD202604160012034773,USR25728,4/16/2026 0:12,食品生鲜,肉类,1,176.23,176.23,支付宝,上海市,0,已完成
ORD202509131601297793,USR25286,9/13/2025 16:01,食品生鲜,零食,1,254.12,254.12,货到付款,福建省,0,已完成
ORD202601101900406410,USR20831,1/10/2026 19:00,美妆个护,洗面奶,4,1332.84,5331.37,花呗,山东省,0,已完成
ORD202506161459102856,USR25997,6/16/2025 14:59,美妆个护,沐浴露,2,678.27,1356.54,微信支付,北京市,0,已完成
ORD202603240841298889,USR74122,3/24/2026 8:41,服装服饰,卫衣,1,304.38,304.38,支付宝,山东省,0,已完成
ORD202603211656118844,USR94070,3/21/2026 16:56,食品生鲜,海鲜,5,16.16,80.82,微信支付,福建省,0,已完成
ORD202508080053458848,USR97659,8/8/2025 0:53,食品生鲜,蔬菜,5,85.44,427.21,花呗,河南省,0,已完成
ORD202511301723074452,USR76813,11/30/2025 17:23,家居用品,垃圾桶,2,2121.96,4243.92,支付宝,河南省,0,已取消
ORD202512191305363641,USR39482,12/19/2025 13:05,美妆个护,洗发水,3,753.61,2260.82,银行卡,福建省,0,已完成
ORD202602090030307732,USR13018,2/9/2026 0:30,食品生鲜,海鲜,2,239.61,479.23,银行卡,福建省,0,已完成
ORD202511191752361367,USR86919,11/19/2025 17:52,母婴用品,婴儿车,4,1203.04,4812.15,银行卡,湖北省,0,已完成
ORD202605221825024992,USR85101,5/22/2026 18:25,服装服饰,休闲裤,3,1779.34,5338.02,花呗,山东省,0,已完成
ORD202509170036251706,USR85055,9/17/2025 0:36,母婴用品,辅食,4,1783.27,5706.46,银行卡,四川省,1,已完成
ORD202508101136053095,USR72848,8/10/2025 11:36,母婴用品,辅食,5,1504.18,6016.72,支付宝,浙江省,1,已完成
ORD202601140740033639,USR45877,1/14/2026 7:40,运动户外,登山包,1,272.27,272.27,银行卡,四川省,0,已完成
ORD202511170644333207,USR22393,11/17/2025 6:44,运动户外,帐篷,4,2917.85,9337.1,支付宝,湖北省,1,已完成
ORD202602021237209399,USR87709,2/2/2026 12:37,服装服饰,卫衣,5,1583.84,7919.19,花呗,上海市,0,已完成
ORD202604130518461642,USR33736,4/13/2026 5:18,母婴用品,奶瓶,2,83.71,167.42,微信支付,北京市,0,已完成
ORD202512082312593406,USR60326,12/8/2025 23:12,食品生鲜,面包,4,279.35,893.91,货到付款,北京市,1,待发货
ORD202507061026271916,USR73463,7/6/2025 10:26,美妆个护,洗发水,5,2577.56,12887.8,银行卡,浙江省,0,已完成
ORD202511301248513725,USR94488,11/30/2025 12:48,服装服饰,羽绒服,1,974.5,974.5,货到付款,北京市,0,已完成
ORD202510140313555231,USR66840,10/14/2025 3:13,家居用品,床上四件套,4,32.24,128.95,微信支付,湖北省,0,待发货
ORD202511061404483949,USR49107,11/6/2025 14:04,母婴用品,奶瓶,5,71.48,357.38,花呗,上海市,0,已完成
ORD202510081039339464,USR84897,10/8/2025 10:39,服装服饰,运动鞋,4,862.44,3449.76,花呗,福建省,0,已完成
ORD202510031628477642,USR26414,10/3/2025 16:28,数码家电,智能手表,1,1662.57,1662.57,微信支付,江苏省,0,已完成
ORD202602160605491305,USR23033,2/16/2026 6:05,数码家电,洗衣机,4,5483.38,21933.52,货到付款,河南省,0,已完成
ORD202507111456295644,USR52628,7/11/2025 14:56,运动户外,足球,4,3573.12,14292.47,银行卡,四川省,0,已完成
ORD202604300239062404,USR18322,4/30/2026 2:39,美妆个护,粉底液,5,558.3,2791.51,支付宝,福建省,0,已完成
ORD202508021059464548,USR80452,8/2/2025 10:59,食品生鲜,面包,3,445.38,1068.92,花呗,山东省,1,已完成
ORD202510070159348359,USR34233,10/7/2025 1:59,美妆个护,香水,4,1342.47,4295.89,微信支付,山东省,1,已完成
ORD202511072048378723,USR63127,11/7/2025 20:48,美妆个护,口红,3,454.25,1362.76,货到付款,北京市,0,已完成
ORD202602250930268891,USR12588,2/25/2026 9:30,美妆个护,洗发水,2,2299.83,4599.65,银行卡,山东省,0,已完成
ORD202512101006213794,USR61615,12/10/2025 10:06,美妆个护,爽肤水,4,2376.22,7603.92,货到付款,湖北省,1,已完成
ORD202509202223044594,USR82883,9/20/2025 22:23,家居用品,垃圾桶,3,1925.1,5775.3,银行卡,浙江省,0,已完成
ORD202602130743347730,USR80309,2/13/2026 7:43,家居用品,餐具,2,2563.33,5126.65,支付宝,福建省,0,已取消
ORD202511031229073338,USR79479,11/3/2025 12:29,运动户外,自行车,5,3713.13,18565.64,支付宝,江苏省,0,已完成
ORD202604122259063979,USR74036,4/12/2026 22:59,服装服饰,卫衣,4,1770.3,5664.96,微信支付,广东省,1,已完成
ORD202603230822179369,USR18379,3/23/2026 8:22,数码家电,冰箱,5,3754.16,18770.8,微信支付,上海市,0,已完成
ORD202512311516195333,USR78013,12/31/2025 15:16,美妆个护,沐浴露,2,2250.36,4500.73,银行卡,浙江省,0,已完成
ORD202506150602313747,USR86640,6/15/2025 6:02,运动户外,自行车,5,4998.78,24993.91,银行卡,山东省,0,待发货
ORD202511241517056614,USR80645,11/24/2025 15:17,服装服饰,休闲裤,5,1463.62,7318.08,银行卡,广东省,0,待发货
ORD202507050446368429,USR95419,7/5/2025 4:46,数码家电,笔记本电脑,1,1356.38,1356.38,银行卡,四川省,0,已完成
ORD202510010330442127,USR26264,10/1/2025 3:30,母婴用品,婴儿床,2,1060.72,2121.44,支付宝,福建省,0,已完成
ORD202509070031404765,USR37192,9/7/2025 0:31,食品生鲜,饮料,5,297.8,1489.0,微信支付,山东省,0,已完成
ORD202510041307487196,USR96321,10/4/2025 13:07,家居用品,茶几,3,539.15,1617.44,微信支付,湖北省,0,已完成
ORD202507160028037315,USR25378,7/16/2025 0:28,母婴用品,奶瓶,2,1927.64,3855.28,花呗,山东省,0,已完成
ORD202603280040063166,USR33680,3/28/2026 0:40,数码家电,空气净化器,1,1816.85,1453.48,微信支付,福建省,1,已完成
ORD202511042311042778,USR88525,11/4/2025 23:11,母婴用品,辅食,4,396.24,1267.96,微信支付,河南省,1,已完成
ORD202605022133031271,USR33584,5/2/2026 21:33,食品生鲜,零食,5,458.43,2292.16,货到付款,北京市,0,待发货
ORD202512172023044315,USR10697,12/17/2025 20:23,运动户外,登山包,3,2379.51,7138.52,货到付款,四川省,0,已完成
ORD202604170852439564,USR82708,4/17/2026 8:52,数码家电,洗衣机,1,973.91,973.91,花呗,四川省,0,已完成
ORD202506011043439263,USR68619,6/1/2025 10:43,母婴用品,童装,2,1216.47,2432.93,银行卡,福建省,0,已完成
ORD202602110950207877,USR51195,2/11/2026 9:50,家居用品,沙发,5,1813.44,7253.77,花呗,湖北省,1,已完成
ORD202605041505323450,USR26127,5/4/2026 15:05,家居用品,垃圾桶,1,212.21,212.21,花呗,山东省,0,已完成
ORD202512281720192577,USR15130,12/28/2025 17:20,服装服饰,卫衣,1,1946.42,1946.42,支付宝,广东省,0,已完成
ORD202511270955533906,USR26884,11/27/2025 9:55,母婴用品,童装,3,1110.86,2666.06,微信支付,湖北省,1,已完成
ORD202511081144478796,USR85377,11/8/2025 11:44,美妆个护,沐浴露,4,1692.59,5416.3,支付宝,江苏省,1,已完成
ORD202506220113071639,USR37030,6/22/2025 1:13,母婴用品,婴儿车,4,1064.23,4256.9,微信支付,湖北省,0,已完成
ORD202508122023459706,USR95542,8/12/2025 20:23,运动户外,足球,4,3092.59,12370.34,花呗,河南省,0,已完成
ORD202512190812199246,USR31130,12/19/2025 8:12,数码家电,洗衣机,2,2482.25,4964.5,微信支付,江苏省,0,待发货
ORD202510191201402925,USR21510,10/19/2025 12:01,数码家电,平板,1,2654.31,2123.45,银行卡,湖北省,1,已完成
ORD202601281922052526,USR83727,1/28/2026 19:22,运动户外,帐篷,2,2605.56,4168.9,银行卡,河南省,1,已完成
ORD202603211833408901,USR43654,3/21/2026 18:33,母婴用品,婴儿床,1,1623.04,1623.04,花呗,河南省,0,已完成
ORD202512111417323135,USR14588,12/11/2025 14:17,运动户外,跑步鞋,3,344.34,1033.01,货到付款,河南省,0,已完成
ORD202601292113559835,USR21090,1/29/2026 21:13,食品生鲜,牛奶,3,305.67,917.0,银行卡,浙江省,0,已完成
ORD202511191607131019,USR26346,11/19/2025 16:07,运动户外,自行车,2,4053.21,8106.43,花呗,上海市,0,待发货
ORD202603230337308069,USR76341,3/23/2026 3:37,家居用品,拖把,2,487.61,975.23,支付宝,福建省,0,已完成
ORD202506210103239553,USR49135,6/21/2025 1:03,运动户外,自行车,3,173.61,520.83,货到付款,四川省,0,已完成
ORD202508190118017892,USR57652,8/19/2025 1:18,数码家电,笔记本电脑,5,2845.35,14226.75,银行卡,浙江省,0,已完成
ORD202509121708407068,USR81359,9/12/2025 17:08,家居用品,床上四件套,4,1772.67,5672.54,花呗,上海市,1,已完成
ORD202512310705531711,USR32492,12/31/2025 7:05,数码家电,冰箱,4,1537.12,6148.5,花呗,福建省,0,已完成
ORD202507212107549680,USR65450,7/21/2025 21:07,服装服饰,牛仔裤,3,880.94,2642.82,支付宝,四川省,0,已完成
ORD202605270632128028,USR96266,5/27/2026 6:32,美妆个护,粉底液,4,1670.39,6681.58,支付宝,江苏省,0,已完成
ORD202509202037344759,USR10011,9/20/2025 20:37,数码家电,洗衣机,5,4991.62,19966.49,货到付款,山东省,1,已完成
ORD202511180332168899,USR42550,11/18/2025 3:32,家居用品,沙发,5,837.75,4188.73,银行卡,浙江省,0,已完成
ORD202605090205077246,USR49400,5/9/2026 2:05,服装服饰,T恤,1,830.06,664.05,花呗,四川省,1,待发货
ORD202602270409436742,USR16051,2/27/2026 4:09,数码家电,空气净化器,2,6337.54,12675.09,货到付款,四川省,0,已完成
ORD202512060550292600,USR78084,12/6/2025 5:50,食品生鲜,肉类,4,471.2,1507.82,货到付款,广东省,1,已完成
ORD202507180346237971,USR48456,7/18/2025 3:46,运动户外,跑步鞋,5,4323.21,17292.85,支付宝,江苏省,1,已完成
ORD202506120504573193,USR96397,6/12/2025 5:04,美妆个护,沐浴露,2,1705.92,3411.84,花呗,浙江省,0,待发货
ORD202601311613595170,USR80005,1/31/2026 16:13,数码家电,笔记本电脑,2,3577.2,5723.51,微信支付,河南省,1,已完成
ORD202601231105428817,USR68316,1/23/2026 11:05,服装服饰,连衣裙,1,699.27,699.27,支付宝,河南省,0,待发货
ORD202604071008384809,USR28331,4/7/2026 10:08,食品生鲜,蔬菜,2,71.23,142.46,花呗,上海市,0,已完成
ORD202509012224502373,USR85637,9/1/2025 22:24,母婴用品,辅食,2,257.77,515.55,货到付款,四川省,0,已完成
ORD202603031539195641,USR74283,3/3/2026 15:39,服装服饰,T恤,3,1392.3,4176.89,货到付款,江苏省,0,已完成
ORD202508011211299908,USR51017,8/1/2025 12:11,运动户外,自行车,1,1372.99,1098.39,银行卡,湖北省,1,已取消
ORD202509291624047695,USR78506,9/29/2025 16:24,服装服饰,牛仔裤,1,546.59,437.27,微信支付,北京市,1,已完成
ORD202512312211305223,USR56152,12/31/2025 22:11,食品生鲜,饮料,4,499.12,1996.46,支付宝,浙江省,0,已完成
ORD202506060727184096,USR89452,6/6/2025 7:27,服装服饰,衬衫,2,416.46,832.91,银行卡,湖北省,0,已完成
ORD202601011121221089,USR80544,1/1/2026 11:21,食品生鲜,饮料,4,82.55,330.2,银行卡,广东省,0,已完成
ORD202511061044551116,USR76924,11/6/2025 10:44,数码家电,冰箱,5,1240.14,6200.7,微信支付,四川省,0,退款中
ORD202507070446219561,USR37504,7/7/2025 4:46,食品生鲜,饮料,2,294.1,588.21,支付宝,山东省,0,已完成
ORD202508270621422930,USR22977,8/27/2025 6:21,食品生鲜,肉类,5,317.65,1270.61,支付宝,广东省,1,已完成
ORD202604231828099515,USR96850,4/23/2026 18:28,美妆个护,洗面奶,3,1114.73,3344.18,货到付款,上海市,0,已完成
ORD202605211307231117,USR15863,5/21/2026 13:07,食品生鲜,海鲜,2,272.35,544.71,支付宝,江苏省,0,已完成
ORD202507150132037144,USR41077,7/15/2025 1:32,食品生鲜,牛奶,4,396.32,1268.21,银行卡,河南省,1,已完成
ORD202511270500214365,USR14814,11/27/2025 5:00,母婴用品,辅食,4,1645.3,6581.21,货到付款,河南省,0,已完成
ORD202507161451496175,USR34651,7/16/2025 14:51,数码家电,平板,2,7684.34,15368.68,支付宝,山东省,0,已完成
ORD202602071305307698,USR28568,2/7/2026 13:05,运动户外,瑜伽垫,4,4138.91,16555.65,微信支付,福建省,0,已完成
ORD202604200408116935,USR49283,4/20/2026 4:08,美妆个护,面霜,2,1707.58,3415.16,银行卡,福建省,0,已完成
ORD202507301906532746,USR38208,7/30/2025 19:06,母婴用品,玩具,1,400.33,320.26,花呗,四川省,1,待发货
ORD202512111311463535,USR27590,12/11/2025 13:11,家居用品,沙发,4,317.3,1269.18,微信支付,河南省,0,已完成
ORD202605290457237980,USR88924,5/29/2026 4:57,数码家电,智能手表,2,908.84,1817.68,微信支付,上海市,0,已完成
ORD202603060713375155,USR82361,3/6/2026 7:13,数码家电,洗衣机,2,5498.94,10997.89,支付宝,河南省,0,待发货
ORD202509220820485281,USR38316,9/22/2025 8:20,家居用品,床上四件套,4,2426.46,9705.83,货到付款,广东省,0,已完成
ORD202512151501519783,USR87566,12/15/2025 15:01,运动户外,自行车,1,2592.55,2074.04,货到付款,江苏省,1,已完成
ORD202603012254467939,USR57063,3/1/2026 22:54,食品生鲜,蔬菜,4,36.81,117.79,银行卡,浙江省,1,已完成
ORD202509150430176990,USR46358,9/15/2025 4:30,母婴用品,奶瓶,2,1094.17,1750.67,支付宝,河南省,1,已完成
ORD202511090839025514,USR26841,11/9/2025 8:39,服装服饰,休闲裤,1,1874.71,1874.71,货到付款,湖北省,0,已完成
ORD202604210411277511,USR91567,4/21/2026 4:11,美妆个护,面霜,5,1804.91,9024.56,花呗,北京市,0,已完成
ORD202512050913194337,USR65314,12/5/2025 9:13,服装服饰,羽绒服,3,1628.38,4885.15,支付宝,湖北省,0,已完成
ORD202512010924267770,USR19746,12/1/2025 9:24,家居用品,拖把,4,2404.45,9617.82,支付宝,四川省,0,已完成
ORD202509031544128904,USR82069,9/3/2025 15:44,数码家电,智能手机,2,7490.97,14981.94,货到付款,广东省,0,已完成
ORD202511250933303928,USR43419,11/25/2025 9:33,运动户外,篮球,1,3874.12,3874.12,微信支付,浙江省,0,已完成
ORD202601010209467065,USR44167,1/1/2026 2:09,数码家电,洗衣机,1,6107.75,4886.2,支付宝,山东省,1,已完成
ORD202507270409398925,USR60040,7/27/2025 4:09,美妆个护,爽肤水,5,725.28,3626.42,微信支付,北京市,0,已完成
ORD202510272316505157,USR95166,10/27/2025 23:16,数码家电,洗衣机,4,949.44,3797.75,银行卡,河南省,0,待发货
ORD202508140037026024,USR31406,8/14/2025 0:37,数码家电,冰箱,1,4382.0,4382.0,银行卡,湖北省,0,已完成
ORD202605250026026641,USR62436,5/25/2026 0:26,美妆个护,洗发水,5,399.57,1997.85,货到付款,上海市,0,已完成
ORD202601191836147522,USR69777,1/19/2026 18:36,母婴用品,奶瓶,2,1926.28,3852.56,银行卡,四川省,0,已完成
ORD202512150908543262,USR20912,12/15/2025 9:08,母婴用品,婴儿车,5,615.35,3076.77,货到付款,上海市,0,已完成
ORD202603171957022951,USR43315,3/17/2026 19:57,美妆个护,洗面奶,4,2563.24,10252.98,货到付款,江苏省,0,已完成
ORD202605081154534764,USR98673,5/8/2026 11:54,运动户外,健身器材,5,1999.36,9996.8,微信支付,浙江省,0,已完成
ORD202507240020598317,USR65750,7/24/2025 0:20,家居用品,餐具,1,983.12,786.5,微信支付,四川省,1,已完成
ORD202605021318533650,USR28775,5/2/2026 13:18,数码家电,洗衣机,1,7513.69,7513.69,银行卡,四川省,0,待发货
ORD202506280240372642,USR80242,6/28/2025 2:40,运动户外,登山包,3,1880.28,5640.84,微信支付,江苏省,0,已完成
ORD202509160648444513,USR36707,9/16/2025 6:48,数码家电,智能手表,5,3427.16,17135.8,支付宝,广东省,0,待发货
ORD202603280151159328,USR19248,3/28/2026 1:51,家居用品,床上四件套,2,336.15,672.31,花呗,山东省,0,退款中
ORD202604031923287562,USR92518,4/3/2026 19:23,母婴用品,奶粉,4,1357.37,4343.59,支付宝,北京市,1,已完成
ORD202604281942026544,USR45310,4/28/2026 19:42,运动户外,登山包,3,1515.31,4545.94,支付宝,四川省,0,待发货
ORD202511090332371852,USR92984,11/9/2025 3:32,食品生鲜,零食,5,296.95,1484.73,货到付款,山东省,0,已完成
ORD202510102352003633,USR94616,10/10/2025 23:52,食品生鲜,水果,2,299.76,479.62,花呗,上海市,1,已完成
ORD202605291949347375,USR35248,5/29/2026 19:49,食品生鲜,肉类,3,362.41,1087.22,货到付款,福建省,0,已完成
ORD202604022203301086,USR58777,4/2/2026 22:03,母婴用品,奶粉,1,1503.22,1503.22,微信支付,福建省,0,已完成
ORD202512150427292492,USR83877,12/15/2025 4:27,母婴用品,奶瓶,4,1053.18,4212.73,微信支付,浙江省,0,待发货
ORD202509121813463381,USR96155,9/12/2025 18:13,家居用品,沙发,5,1006.36,5031.78,花呗,四川省,0,已完成
ORD202604151604318727,USR94904,4/15/2026 16:04,数码家电,空气净化器,2,6780.88,10849.41,银行卡,北京市,1,已完成
ORD202506012354358133,USR77033,6/1/2025 23:54,家居用品,拖把,1,943.4,943.4,微信支付,四川省,0,已完成
ORD202509182015012444,USR89291,9/18/2025 20:15,家居用品,餐具,3,1532.38,4597.13,支付宝,北京市,0,已完成
ORD202603092317082049,USR31501,3/9/2026 23:17,母婴用品,奶瓶,4,832.44,3329.77,花呗,山东省,0,已完成
ORD202509242244315310,USR65009,9/24/2025 22:44,食品生鲜,蔬菜,3,428.99,1286.97,花呗,福建省,0,待发货
ORD202604220550284633,USR30118,4/22/2026 5:50,服装服饰,衬衫,3,892.24,2676.72,微信支付,北京市,0,待发货
ORD202601142239217075,USR51465,1/14/2026 22:39,数码家电,洗衣机,2,3395.74,6791.49,微信支付,江苏省,0,已完成
ORD202601120516392311,USR66836,1/12/2026 5:16,母婴用品,奶粉,1,1395.16,1395.16,货到付款,福建省,0,已完成
ORD202602120705371618,USR59668,2/12/2026 7:05,食品生鲜,肉类,5,305.2,1525.98,货到付款,四川省,0,已完成
ORD202512080346437296,USR13396,12/8/2025 3:46,运动户外,健身器材,2,625.51,1000.82,支付宝,江苏省,1,已完成
ORD202605030048477564,USR89116,5/3/2026 0:48,服装服饰,连衣裙,4,1040.93,4163.72,花呗,上海市,0,已完成
ORD202507281700349536,USR42440,7/28/2025 17:00,服装服饰,休闲裤,3,1484.18,4452.55,银行卡,山东省,0,已完成
ORD202511211007245693,USR20161,11/21/2025 10:07,母婴用品,婴儿床,4,1984.55,7938.18,银行卡,浙江省,0,已完成
ORD202512270356051941,USR45405,12/27/2025 3:56,美妆个护,香水,2,1898.57,3037.71,花呗,河南省,1,已完成
ORD202512060223203871,USR26334,12/6/2025 2:23,数码家电,洗衣机,2,3277.2,5243.52,支付宝,北京市,1,已完成
ORD202510130047179099,USR79660,10/13/2025 0:47,服装服饰,羽绒服,5,491.0,1963.98,货到付款,福建省,1,已完成
ORD202510080233538192,USR24416,10/8/2025 2:33,母婴用品,玩具,3,1752.02,5256.06,货到付款,北京市,0,已完成
ORD202601010814351175,USR99650,1/1/2026 8:14,母婴用品,童装,2,1638.4,2621.44,货到付款,北京市,1,已取消
ORD202603240629194304,USR81875,3/24/2026 6:29,食品生鲜,水果,4,124.62,498.49,银行卡,浙江省,0,已完成
ORD202512290108079489,USR63317,12/29/2025 1:08,运动户外,足球,5,1083.1,5415.49,银行卡,福建省,0,已完成
ORD202510251151095685,USR18645,10/25/2025 11:51,美妆个护,面霜,4,2153.96,8615.82,支付宝,湖北省,0,已完成
ORD202511242007094190,USR53169,11/24/2025 20:07,数码家电,智能手表,3,2862.14,6869.14,银行卡,江苏省,1,已完成
ORD202605290648471550,USR93909,5/29/2026 6:48,家居用品,餐具,5,933.07,3732.27,微信支付,河南省,1,已完成
ORD202510032310569364,USR21662,10/3/2025 23:10,运动户外,瑜伽垫,5,846.22,3384.89,银行卡,北京市,1,已完成
ORD202605041716309451,USR57555,5/4/2026 17:16,运动户外,健身器材,5,1393.48,5573.92,货到付款,福建省,1,已完成
ORD202508130622034795,USR53714,8/13/2025 6:22,食品生鲜,零食,1,219.48,219.48,支付宝,福建省,0,已完成
ORD202602262109233776,USR45815,2/26/2026 21:09,服装服饰,卫衣,5,1479.03,7395.17,花呗,北京市,0,已完成
ORD202509011749441590,USR29179,9/1/2025 17:49,服装服饰,运动鞋,4,705.8,2823.2,花呗,上海市,0,待发货
ORD202601090132256893,USR39591,1/9/2026 1:32,食品生鲜,零食,4,171.02,547.25,支付宝,福建省,1,已完成
ORD202510271732494919,USR45867,10/27/2025 17:32,母婴用品,辅食,3,605.58,1816.74,微信支付,山东省,0,已完成
ORD202508301657351004,USR11292,8/30/2025 16:57,服装服饰,衬衫,2,982.65,1572.25,花呗,河南省,1,已完成
ORD202604291037093579,USR22838,4/29/2026 10:37,美妆个护,沐浴露,2,566.49,1132.98,货到付款,河南省,0,已完成
ORD202603290435542422,USR59434,3/29/2026 4:35,数码家电,空气净化器,1,4142.23,4142.23,花呗,四川省,0,已完成
ORD202511071242055520,USR39127,11/7/2025 12:42,运动户外,跑步鞋,5,3550.46,17752.3,花呗,北京市,0,已完成
ORD202506172249207544,USR59628,6/17/2025 22:49,运动户外,帐篷,1,245.97,245.97,货到付款,河南省,0,已完成
ORD202510021337056785,USR23762,10/2/2025 13:37,美妆个护,香水,3,59.04,141.71,银行卡,上海市,1,已完成
ORD202603170509187474,USR26187,3/17/2026 5:09,服装服饰,卫衣,3,196.49,589.47,微信支付,湖北省,0,待发货
ORD202512011627297642,USR33033,12/1/2025 16:27,运动户外,篮球,2,2724.73,5449.47,货到付款,北京市,0,已完成
ORD202603012112004281,USR79006,3/1/2026 21:12,家居用品,沙发,3,2566.28,7698.83,货到付款,江苏省,0,已完成
ORD202605211747109482,USR50180,5/21/2026 17:47,数码家电,无线耳机,5,536.63,2683.17,支付宝,北京市,0,已完成
ORD202604120252441251,USR87178,4/12/2026 2:52,数码家电,洗衣机,4,7524.96,30099.84,微信支付,湖北省,0,已完成
ORD202510270119542124,USR74175,10/27/2025 1:19,运动户外,篮球,3,620.76,1862.29,银行卡,四川省,0,已完成
ORD202510282230532477,USR22522,10/28/2025 22:30,食品生鲜,蔬菜,1,422.57,338.06,货到付款,广东省,1,已完成
ORD202602131801415661,USR79331,2/13/2026 18:01,运动户外,跑步鞋,5,2465.99,12329.94,银行卡,北京市,0,已完成
ORD202604041738396703,USR55731,4/4/2026 17:38,食品生鲜,水果,3,333.09,999.26,货到付款,山东省,0,已完成
ORD202604151755176693,USR84993,4/15/2026 17:55,运动户外,自行车,3,2602.35,7807.04,货到付款,福建省,0,已完成
ORD202602090515275530,USR46961,2/9/2026 5:15,家居用品,窗帘,5,1441.6,7208.02,支付宝,浙江省,0,已完成
ORD202507300143274707,USR82291,7/30/2025 1:43,母婴用品,婴儿床,3,1678.05,5034.16,花呗,山东省,0,已完成
ORD202512100847514187,USR45527,12/10/2025 8:47,数码家电,智能手表,4,6169.15,24676.59,微信支付,湖北省,0,待发货
ORD202506150902528450,USR89621,6/15/2025 9:02,运动户外,帐篷,2,2468.67,4937.34,支付宝,上海市,0,已完成
ORD202507200042017618,USR22984,7/20/2025 0:42,家居用品,衣柜,5,352.68,1763.38,银行卡,江苏省,0,已完成
ORD202512130141341076,USR16286,12/13/2025 1:41,食品生鲜,牛奶,1,66.55,66.55,货到付款,湖北省,0,已完成
ORD202601160452495277,USR32380,1/16/2026 4:52,食品生鲜,饮料,3,402.75,966.61,货到付款,浙江省,1,已完成
ORD202510072224533867,USR51680,10/7/2025 22:24,数码家电,智能手机,2,4470.43,7152.69,微信支付,湖北省,1,已完成
ORD202605041811407670,USR61060,5/4/2026 18:11,美妆个护,洗发水,1,1460.32,1460.32,支付宝,福建省,0,已完成
ORD202507092327579294,USR33681,7/9/2025 23:27,运动户外,帐篷,1,3434.78,3434.78,支付宝,浙江省,0,待发货
ORD202605061202412744,USR55242,5/6/2026 12:02,服装服饰,运动鞋,4,1724.74,6898.96,银行卡,福建省,0,已完成
ORD202604250420172185,USR98842,4/25/2026 4:20,食品生鲜,面包,2,318.15,636.3,支付宝,江苏省,0,已完成
ORD202511182357049243,USR79688,11/18/2025 23:57,母婴用品,奶瓶,5,1537.55,6150.21,支付宝,河南省,1,已完成
ORD202507091722495821,USR82308,7/9/2025 17:22,母婴用品,婴儿床,2,1542.28,2467.64,花呗,浙江省,1,待发货
ORD202512220613096570,USR87937,12/22/2025 6:13,食品生鲜,饮料,2,184.57,369.14,微信支付,广东省,0,已完成
ORD202605201355532917,USR62776,5/20/2026 13:55,美妆个护,香水,1,844.03,844.03,支付宝,湖北省,0,已完成
ORD202511251052429409,USR72503,11/25/2025 10:52,美妆个护,口红,4,2409.46,9637.83,银行卡,山东省,0,已完成
ORD202506062302595222,USR87635,6/6/2025 23:02,家居用品,窗帘,4,1143.99,4575.97,货到付款,湖北省,0,已完成
ORD202603081339529813,USR26721,3/8/2026 13:39,母婴用品,玩具,2,1811.51,2898.41,支付宝,江苏省,1,已完成
ORD202507262337335098,USR43955,7/26/2025 23:37,家居用品,拖把,2,227.68,455.36,支付宝,江苏省,0,已完成
ORD202511070516398254,USR11244,11/7/2025 5:16,母婴用品,纸尿裤,3,163.52,490.57,货到付款,福建省,0,已完成
ORD202605050541017178,USR77314,5/5/2026 5:41,运动户外,瑜伽垫,1,4642.32,4642.32,花呗,江苏省,0,待发货
ORD202602100700158923,USR30380,2/10/2026 7:00,运动户外,跑步鞋,5,3277.43,16387.15,微信支付,浙江省,0,已完成
ORD202507302245034985,USR96188,7/30/2025 22:45,服装服饰,羽绒服,5,790.22,3951.09,花呗,山东省,0,已完成
ORD202506300126596565,USR26563,6/30/2025 1:26,运动户外,足球,4,3799.8,15199.18,银行卡,江苏省,0,已完成
ORD202511300758108517,USR28700,11/30/2025 7:58,服装服饰,运动鞋,1,1361.04,1361.04,支付宝,北京市,0,已完成
ORD202603311220378548,USR59650,3/31/2026 12:20,运动户外,跑步鞋,4,2702.89,8649.23,花呗,北京市,1,已完成
ORD202509112211281448,USR84391,9/11/2025 22:11,数码家电,空气净化器,5,1241.55,4966.2,微信支付,福建省,1,已完成
ORD202510101137098896,USR45044,10/10/2025 11:37,运动户外,足球,2,4079.68,8159.36,银行卡,江苏省,0,待发货
ORD202601290111552904,USR16929,1/29/2026 1:11,家居用品,床上四件套,1,2600.75,2080.6,花呗,江苏省,1,已完成
ORD202602250028295224,USR93780,2/25/2026 0:28,食品生鲜,牛奶,1,94.36,94.36,支付宝,广东省,0,已完成
ORD202511020848472106,USR58516,11/2/2025 8:48,家居用品,拖把,3,2554.52,6130.86,微信支付,山东省,1,已完成
ORD202602080854597269,USR42651,2/8/2026 8:54,食品生鲜,肉类,2,440.15,704.23,支付宝,江苏省,1,已完成
ORD202507020435344610,USR98895,7/2/2025 4:35,美妆个护,洗面奶,2,1661.8,3323.61,支付宝,广东省,0,已完成
ORD202604271901404767,USR89783,4/27/2026 19:01,家居用品,垃圾桶,4,1975.41,6321.32,银行卡,福建省,1,已完成
ORD202510061427116172,USR64820,10/6/2025 14:27,美妆个护,爽肤水,1,1165.24,1165.24,微信支付,湖北省,0,已完成
ORD202604280023497757,USR70003,4/28/2026 0:23,服装服饰,卫衣,4,599.49,2397.97,货到付款,广东省,0,已完成
ORD202602172128026785,USR33999,2/17/2026 21:28,服装服饰,牛仔裤,2,1457.87,2915.73,支付宝,北京市,0,已完成
ORD202604301738589462,USR67535,4/30/2026 17:38,数码家电,无线耳机,3,6964.06,16713.75,微信支付,北京市,1,已完成
ORD202512250543139776,USR56399,12/25/2025 5:43,运动户外,登山包,1,3304.98,2643.98,支付宝,浙江省,1,已完成
ORD202510261356391159,USR71428,10/26/2025 13:56,家居用品,拖把,2,1544.54,3089.08,花呗,广东省,0,待发货
ORD202510012329455314,USR75828,10/1/2025 23:29,美妆个护,香水,3,502.01,1506.02,花呗,山东省,0,已完成
ORD202601301011305067,USR47594,1/30/2026 10:11,食品生鲜,海鲜,5,36.19,180.97,微信支付,河南省,0,已取消
ORD202603070255545706,USR46152,3/7/2026 2:55,服装服饰,卫衣,2,919.1,1470.56,银行卡,湖北省,1,已完成
ORD202605111531402523,USR66068,5/11/2026 15:31,运动户外,篮球,5,341.81,1709.06,货到付款,四川省,0,待发货
ORD202603222208167536,USR78235,3/22/2026 22:08,服装服饰,牛仔裤,4,1160.2,3712.65,花呗,福建省,1,已完成
ORD202512071200006603,USR39984,12/7/2025 12:00,食品生鲜,饮料,5,197.54,987.69,银行卡,江苏省,0,已完成
ORD202605051911562245,USR50001,5/5/2026 19:11,运动户外,篮球,2,3810.23,7620.45,货到付款,湖北省,0,已取消
ORD202512280238053924,USR93313,12/28/2025 2:38,运动户外,登山包,5,1597.68,7988.39,花呗,广东省,0,已完成
ORD202506142236138807,USR21395,6/14/2025 22:36,美妆个护,洗发水,1,1791.16,1432.93,货到付款,山东省,1,已完成
ORD202601261908216142,USR50063,1/26/2026 19:08,美妆个护,粉底液,2,1626.92,3253.84,支付宝,福建省,0,待发货
ORD202506271343396792,USR63282,6/27/2025 13:43,家居用品,床上四件套,3,34.04,81.7,微信支付,浙江省,1,已完成
ORD202508310413024580,USR50991,8/31/2025 4:13,家居用品,衣柜,5,235.72,1178.6,花呗,福建省,0,已完成
ORD202602010250495408,USR21814,2/1/2026 2:50,母婴用品,奶粉,1,616.22,616.22,花呗,湖北省,0,已完成
ORD202602211903583994,USR93188,2/21/2026 19:03,母婴用品,玩具,4,1770.36,5665.15,支付宝,湖北省,1,已完成
ORD202605241540524115,USR20416,5/24/2026 15:40,数码家电,洗衣机,4,1602.61,5128.36,花呗,四川省,1,待发货
ORD202509201433599175,USR20052,9/20/2025 14:33,服装服饰,衬衫,5,1436.24,5744.98,花呗,河南省,1,已完成
ORD202508280819324271,USR41462,8/28/2025 8:19,家居用品,沙发,4,2920.63,11682.53,花呗,山东省,0,已完成
ORD202603180022014847,USR22272,3/18/2026 0:22,美妆个护,香水,3,2377.99,7133.96,花呗,浙江省,0,已完成
ORD202507060223474965,USR31641,7/6/2025 2:23,食品生鲜,面包,2,129.04,258.09,花呗,上海市,0,已取消
ORD202511161254265348,USR85407,11/16/2025 12:54,美妆个护,洗发水,1,2727.84,2727.84,银行卡,福建省,0,已完成
ORD202507090533234387,USR17525,7/9/2025 5:33,服装服饰,T恤,5,231.56,926.24,花呗,河南省,1,已完成
ORD202603230709334755,USR21086,3/23/2026 7:09,母婴用品,童装,4,962.88,3851.51,支付宝,山东省,0,已完成
ORD202602020257284322,USR47467,2/2/2026 2:57,美妆个护,洗发水,2,2666.0,5332.0,花呗,湖北省,0,待发货
ORD202603010844165091,USR82634,3/1/2026 8:44,数码家电,智能手表,3,5309.49,15928.48,货到付款,北京市,0,已完成
ORD202605052101406833,USR74598,5/5/2026 21:01,服装服饰,卫衣,4,856.61,3426.43,货到付款,山东省,0,待发货
ORD202507100047433555,USR11401,7/10/2025 0:47,母婴用品,纸尿裤,4,620.99,2483.94,支付宝,福建省,0,退款中
ORD202511200723012747,USR65572,11/20/2025 7:23,食品生鲜,肉类,1,193.8,193.8,银行卡,山东省,0,已完成
ORD202508041437552964,USR98740,8/4/2025 14:37,母婴用品,童装,3,1042.44,3127.31,支付宝,四川省,0,已完成
ORD202602251233342285,USR76674,2/25/2026 12:33,运动户外,帐篷,3,1663.32,4989.95,银行卡,四川省,0,已完成
ORD202509250713349071,USR27881,9/25/2025 7:13,数码家电,笔记本电脑,5,7767.26,31069.04,微信支付,山东省,1,已完成
ORD202605172031211108,USR72869,5/17/2026 20:31,服装服饰,运动鞋,1,1869.5,1869.5,货到付款,四川省,0,已完成
ORD202506120548289871,USR75248,6/12/2025 5:48,食品生鲜,水果,5,436.63,2183.15,货到付款,河南省,0,已完成
ORD202506182040001692,USR77503,6/18/2025 20:40,数码家电,智能手表,1,3663.72,2930.98,货到付款,广东省,1,已完成
ORD202510042323278901,USR99800,10/4/2025 23:23,母婴用品,童装,3,1398.04,3355.29,银行卡,北京市,1,已取消
ORD202604060435417081,USR98706,4/6/2026 4:35,数码家电,智能手表,1,7271.22,5816.98,支付宝,福建省,1,已完成
ORD202506221904086167,USR79783,6/22/2025 19:04,服装服饰,卫衣,1,1708.34,1366.67,银行卡,福建省,1,已完成
ORD202509222223099066,USR26343,9/22/2025 22:23,家居用品,拖把,1,1254.69,1254.69,货到付款,福建省,0,已完成
ORD202510180507135501,USR63145,10/18/2025 5:07,数码家电,智能手机,2,1342.9,2685.79,货到付款,北京市,0,已完成
ORD202510241346199041,USR11821,10/24/2025 13:46,运动户外,健身器材,2,470.59,941.18,货到付款,福建省,0,已完成
ORD202511150617303996,USR90777,11/15/2025 6:17,数码家电,无线耳机,3,4827.98,14483.94,货到付款,湖北省,0,已完成
ORD202507271248319374,USR34927,7/27/2025 12:48,母婴用品,奶瓶,1,1303.12,1042.5,微信支付,河南省,1,待发货
ORD202509032005065591,USR10955,9/3/2025 20:05,母婴用品,婴儿床,3,1707.19,5121.58,货到付款,河南省,0,已完成
ORD202512240649447518,USR65702,12/24/2025 6:49,食品生鲜,牛奶,2,153.33,245.33,银行卡,福建省,1,已完成
ORD202511080036024638,USR80035,11/8/2025 0:36,母婴用品,奶瓶,1,376.57,301.25,货到付款,浙江省,1,已取消
ORD202601061849543101,USR55227,1/6/2026 18:49,美妆个护,爽肤水,5,1155.65,5778.24,花呗,四川省,0,已完成
ORD202602201850241887,USR42011,2/20/2026 18:50,服装服饰,羽绒服,2,739.47,1183.15,微信支付,江苏省,1,已完成
ORD202604041849009613,USR96661,4/4/2026 18:49,服装服饰,衬衫,2,308.31,616.63,货到付款,湖北省,0,已完成
ORD202508092215067933,USR79220,8/9/2025 22:15,家居用品,窗帘,2,2023.4,4046.8,花呗,山东省,0,已完成
ORD202508060021448836,USR99663,8/6/2025 0:21,家居用品,拖把,1,1535.9,1228.72,银行卡,湖北省,1,已完成
ORD202508072345529859,USR89848,8/7/2025 23:45,服装服饰,卫衣,4,1456.19,5824.76,微信支付,湖北省,0,已完成
ORD202507011602181533,USR15551,7/1/2025 16:02,运动户外,足球,5,1828.19,7312.75,货到付款,河南省,1,待发货
ORD202601231652309232,USR89609,1/23/2026 16:52,家居用品,餐具,5,990.59,4952.96,银行卡,福建省,0,已完成
ORD202605050448486689,USR68805,5/5/2026 4:48,食品生鲜,牛奶,3,241.56,724.69,花呗,四川省,0,已完成
ORD202510271334167450,USR32089,10/27/2025 13:34,母婴用品,奶粉,1,1760.94,1408.76,微信支付,浙江省,1,已完成
ORD202601271607093863,USR98410,1/27/2026 16:07,服装服饰,羽绒服,2,128.55,257.1,货到付款,北京市,0,已完成
ORD202602210716328490,USR78618,2/21/2026 7:16,家居用品,床上四件套,4,2418.4,9673.61,银行卡,江苏省,0,已完成
ORD202509021241462972,USR39500,9/2/2025 12:41,服装服饰,休闲裤,1,769.53,769.53,微信支付,广东省,0,已完成
ORD202512110635419490,USR32913,12/11/2025 6:35,美妆个护,洗发水,1,2568.22,2054.57,花呗,山东省,1,已完成
ORD202605211210598537,USR19846,5/21/2026 12:10,数码家电,智能手机,4,6516.52,26066.09,货到付款,湖北省,0,已完成
ORD202601131125066171,USR58110,1/13/2026 11:25,母婴用品,奶瓶,2,730.08,1168.14,微信支付,浙江省,1,已完成
ORD202507261357131137,USR27474,7/26/2025 13:57,服装服饰,连衣裙,1,1403.06,1403.06,花呗,湖北省,0,已完成
ORD202508300409111193,USR77329,8/30/2025 4:09,数码家电,无线耳机,5,1697.25,8486.23,花呗,四川省,0,已完成
ORD202511270213434452,USR56306,11/27/2025 2:13,家居用品,沙发,5,2690.92,10763.68,银行卡,湖北省,1,已完成
ORD202602031742077216,USR16672,2/3/2026 17:42,数码家电,洗衣机,4,3533.68,14134.73,花呗,北京市,0,已完成
ORD202509071514252650,USR65407,9/7/2025 15:14,母婴用品,奶粉,2,938.47,1876.94,花呗,浙江省,0,已完成
ORD202511261130276331,USR74947,11/26/2025 11:30,服装服饰,卫衣,4,1426.23,4563.94,支付宝,福建省,1,已完成
ORD202509080349026924,USR59688,9/8/2025 3:49,美妆个护,洗发水,1,2467.9,1974.32,花呗,福建省,1,已完成
ORD202602142324215254,USR32345,2/14/2026 23:24,运动户外,足球,5,1258.08,6290.4,货到付款,山东省,0,已完成
ORD202506041535254066,USR58927,6/4/2025 15:35,家居用品,床上四件套,3,1990.82,5972.47,微信支付,河南省,0,已完成
ORD202605160226059987,USR24841,5/16/2026 2:26,服装服饰,运动鞋,4,814.4,2606.07,货到付款,江苏省,1,已完成
ORD202604091143255306,USR54296,4/9/2026 11:43,母婴用品,童装,3,768.97,1845.53,货到付款,山东省,1,已完成
ORD202511281628284885,USR99006,11/28/2025 16:28,家居用品,床上四件套,3,2076.28,4983.06,银行卡,山东省,1,已完成
ORD202605162352505413,USR42737,5/16/2026 23:52,食品生鲜,牛奶,5,199.72,998.6,支付宝,四川省,0,已完成
ORD202509201655178722,USR80663,9/20/2025 16:55,数码家电,洗衣机,4,3095.81,9906.6,支付宝,广东省,1,已完成
ORD202602190347286621,USR25448,2/19/2026 3:47,运动户外,健身器材,3,4195.85,12587.56,货到付款,上海市,0,待发货
ORD202512300639506995,USR48019,12/30/2025 6:39,母婴用品,婴儿车,1,247.49,247.49,微信支付,广东省,0,待发货
ORD202508010826224013,USR49213,8/1/2025 8:26,食品生鲜,零食,2,341.19,682.37,支付宝,四川省,0,已完成
ORD202506291626349171,USR73324,6/29/2025 16:26,服装服饰,羽绒服,2,535.01,1070.03,支付宝,浙江省,0,已完成
ORD202511191313117945,USR48475,11/19/2025 13:13,美妆个护,洗面奶,5,76.03,380.15,货到付款,四川省,0,已完成
ORD202510130454184449,USR44701,10/13/2025 4:54,家居用品,茶几,4,516.96,2067.83,支付宝,江苏省,0,已完成
ORD202601150433547866,USR37926,1/15/2026 4:33,数码家电,洗衣机,4,5049.96,20199.85,银行卡,四川省,0,待发货
ORD202509250419107099,USR10292,9/25/2025 4:19,家居用品,沙发,2,2133.2,4266.4,货到付款,山东省,0,已完成
ORD202602040320256981,USR92729,2/4/2026 3:20,运动户外,帐篷,1,203.18,203.18,支付宝,广东省,0,已完成
ORD202511121850457563,USR84559,11/12/2025 18:50,服装服饰,连衣裙,2,121.03,242.06,支付宝,河南省,0,已完成
ORD202602240211175581,USR61592,2/24/2026 2:11,家居用品,茶几,2,2709.58,5419.15,支付宝,河南省,0,已完成
ORD202509060305038384,USR38503,9/6/2025 3:05,数码家电,冰箱,4,1049.79,4199.17,货到付款,山东省,0,已完成
ORD202511251001063947,USR49953,11/25/2025 10:01,服装服饰,连衣裙,3,1793.66,5380.97,微信支付,广东省,0,已完成
ORD202604250648133148,USR94275,4/25/2026 6:48,家居用品,拖把,1,699.93,699.93,花呗,北京市,0,已完成
ORD202509260758414744,USR77571,9/26/2025 7:58,美妆个护,洗面奶,4,2227.85,7129.13,支付宝,广东省,1,已取消
ORD202508170850132636,USR14643,8/17/2025 8:50,母婴用品,奶粉,2,653.98,1046.37,花呗,广东省,1,已完成
ORD202510280936035422,USR70693,10/28/2025 9:36,服装服饰,卫衣,3,1724.57,4138.96,花呗,山东省,1,待发货
ORD202604280939464863,USR90969,4/28/2026 9:39,母婴用品,纸尿裤,1,1415.89,1415.89,支付宝,四川省,0,已完成
ORD202512051549328081,USR73998,12/5/2025 15:49,服装服饰,运动鞋,5,833.54,4167.68,支付宝,广东省,0,已完成
ORD202507121004497240,USR17536,7/12/2025 10:04,美妆个护,粉底液,1,256.62,256.62,花呗,浙江省,0,已完成
ORD202509010255024212,USR56628,9/1/2025 2:55,母婴用品,玩具,1,1478.77,1183.01,微信支付,北京市,1,已完成
ORD202510270234223389,USR10772,10/27/2025 2:34,食品生鲜,海鲜,2,312.27,624.55,花呗,四川省,0,已完成
ORD202601090242213450,USR90678,1/9/2026 2:42,数码家电,冰箱,2,521.84,1043.68,微信支付,上海市,0,已取消
ORD202510180944308749,USR70339,10/18/2025 9:44,食品生鲜,海鲜,5,14.62,73.08,银行卡,北京市,0,待发货
ORD202601100538071159,USR53063,1/10/2026 5:38,家居用品,餐具,5,2430.2,12151.02,微信支付,福建省,0,已完成
ORD202509232143493893,USR49105,9/23/2025 21:43,美妆个护,香水,5,800.42,3201.67,货到付款,北京市,1,已完成
ORD202602271345127906,USR56385,2/27/2026 13:45,食品生鲜,面包,4,321.71,1029.46,支付宝,江苏省,1,已完成
ORD202509231545009185,USR24046,9/23/2025 15:45,服装服饰,休闲裤,4,935.72,2994.3,银行卡,山东省,1,已完成
ORD202506091229303203,USR10675,6/9/2025 12:29,家居用品,窗帘,2,2593.02,5186.04,花呗,北京市,0,已完成
ORD202604190830389470,USR55838,4/19/2026 8:30,家居用品,窗帘,2,2752.54,4404.07,微信支付,浙江省,1,已完成
ORD202602111508479748,USR34400,2/11/2026 15:08,食品生鲜,海鲜,5,498.44,2492.18,银行卡,福建省,0,已完成
ORD202511011710366172,USR62699,11/1/2025 17:10,食品生鲜,水果,4,85.31,272.98,货到付款,上海市,1,已完成
ORD202509151420338972,USR56469,9/15/2025 14:20,美妆个护,香水,3,2593.0,7779.01,微信支付,上海市,0,已完成
ORD202506040328425915,USR11161,6/4/2025 3:28,数码家电,洗衣机,4,2495.16,9980.64,花呗,河南省,0,已完成
ORD202601061850265111,USR23282,1/6/2026 18:50,食品生鲜,牛奶,2,299.5,599.0,花呗,河南省,0,已完成
ORD202605022300451781,USR66466,5/2/2026 23:00,运动户外,跑步鞋,4,2578.29,10313.15,微信支付,湖北省,0,待发货
ORD202602220806527527,USR74493,2/22/2026 8:06,食品生鲜,水果,2,18.81,30.1,货到付款,福建省,1,已完成
ORD202603300623242621,USR35892,3/30/2026 6:23,母婴用品,婴儿车,5,1868.9,7475.62,支付宝,浙江省,1,已完成
ORD202603170448593676,USR21107,3/17/2026 4:48,服装服饰,连衣裙,5,202.74,1013.69,支付宝,山东省,0,已完成
ORD202506200107311983,USR79349,6/20/2025 1:07,运动户外,健身器材,5,3472.27,17361.36,花呗,浙江省,0,已完成
ORD202605201533544530,USR77412,5/20/2026 15:33,运动户外,跑步鞋,3,3946.53,11839.6,货到付款,湖北省,0,已完成
ORD202601221207055166,USR30147,1/22/2026 12:07,母婴用品,玩具,3,1600.81,3841.95,花呗,浙江省,1,已完成
ORD202603170930288807,USR63833,3/17/2026 9:30,母婴用品,婴儿车,2,314.21,628.43,支付宝,山东省,0,已完成
ORD202512102150012577,USR26232,12/10/2025 21:50,家居用品,沙发,1,1353.76,1353.76,花呗,四川省,0,已完成
ORD202604201037168370,USR73886,4/20/2026 10:37,数码家电,冰箱,3,6720.72,20162.15,微信支付,山东省,0,已完成
ORD202605180320176483,USR10905,5/18/2026 3:20,服装服饰,卫衣,2,640.22,1280.45,微信支付,江苏省,0,已完成
ORD202605171557485256,USR30398,5/17/2026 15:57,美妆个护,面霜,4,1419.21,4541.48,货到付款,北京市,1,已完成
ORD202509200331226914,USR96066,9/20/2025 3:31,运动户外,自行车,5,1436.69,7183.45,支付宝,上海市,0,已完成
ORD202603290625476903,USR42785,3/29/2026 6:25,美妆个护,口红,5,1406.75,7033.74,货到付款,广东省,0,已完成
ORD202604070554575222,USR39634,4/7/2026 5:54,食品生鲜,水果,5,445.04,1780.16,货到付款,北京市,1,已完成
ORD202508290851316638,USR71695,8/29/2025 8:51,食品生鲜,牛奶,2,233.01,466.02,支付宝,福建省,0,已完成
ORD202601221815211324,USR61820,1/22/2026 18:15,美妆个护,香水,5,1681.06,8405.29,银行卡,北京市,0,已完成
ORD202604081032517746,USR59061,4/8/2026 10:32,食品生鲜,水果,3,207.95,623.85,银行卡,河南省,0,已完成
ORD202510151952092986,USR49227,10/15/2025 19:52,数码家电,洗衣机,4,3950.88,15803.52,花呗,河南省,0,已完成
ORD202508250116126752,USR57775,8/25/2025 1:16,母婴用品,童装,5,79.59,397.95,银行卡,浙江省,0,已完成
ORD202602030542314259,USR66143,2/3/2026 5:42,食品生鲜,蔬菜,2,149.04,238.46,微信支付,上海市,1,待发货
ORD202508132009309821,USR33878,8/13/2025 20:09,家居用品,沙发,4,1321.01,4227.24,货到付款,广东省,1,已完成
ORD202601280307303859,USR80310,1/28/2026 3:07,食品生鲜,零食,5,320.56,1282.24,花呗,北京市,1,已完成
ORD202509060800395663,USR45321,9/6/2025 8:00,服装服饰,衬衫,1,927.6,742.08,货到付款,北京市,1,已完成
ORD202602190513216818,USR24246,2/19/2026 5:13,数码家电,智能手表,5,3033.63,15168.14,支付宝,上海市,0,已完成
ORD202603211029276326,USR67484,3/21/2026 10:29,服装服饰,连衣裙,3,806.79,2420.38,银行卡,福建省,0,已完成
ORD202603072332229363,USR96019,3/7/2026 23:32,服装服饰,羽绒服,4,522.47,2089.89,支付宝,河南省,0,已完成
ORD202603260120458987,USR67587,3/26/2026 1:20,家居用品,衣柜,3,2774.99,6659.98,花呗,山东省,1,已完成
ORD202602120001028322,USR31211,2/12/2026 0:01,数码家电,空气净化器,1,4413.07,4413.07,微信支付,福建省,0,已完成
ORD202602201001452284,USR28333,2/20/2026 10:01,数码家电,笔记本电脑,1,600.57,600.57,银行卡,江苏省,0,已完成
ORD202604221352057243,USR56365,4/22/2026 13:52,数码家电,智能手机,3,645.85,1937.54,支付宝,浙江省,0,已完成
ORD202507240252295694,USR66880,7/24/2025 2:52,数码家电,无线耳机,4,7797.21,31188.85,银行卡,上海市,0,已完成
ORD202601302341488598,USR10761,1/30/2026 23:41,数码家电,平板,1,2160.88,2160.88,货到付款,湖北省,0,待发货
ORD202507081738003373,USR57085,7/8/2025 17:38,家居用品,沙发,1,2420.71,1936.57,微信支付,福建省,1,已完成
ORD202605172019583745,USR36013,5/17/2026 20:19,食品生鲜,肉类,5,38.55,192.77,银行卡,北京市,0,已完成
ORD202601301620006527,USR24505,1/30/2026 16:20,服装服饰,羽绒服,2,1846.27,2954.03,微信支付,广东省,1,已完成
ORD202602070019527911,USR34846,2/7/2026 0:19,数码家电,笔记本电脑,1,7058.13,7058.13,货到付款,江苏省,0,退款中
ORD202506160726427631,USR47342,6/16/2025 7:26,运动户外,健身器材,4,2898.36,9274.74,货到付款,湖北省,1,已完成
ORD202509282327472168,USR15276,9/28/2025 23:27,食品生鲜,牛奶,4,14.41,46.11,支付宝,河南省,1,已取消
ORD202604030622562296,USR27521,4/3/2026 6:22,食品生鲜,牛奶,5,136.33,545.31,花呗,江苏省,1,已完成
ORD202511190446113654,USR61713,11/19/2025 4:46,服装服饰,羽绒服,4,843.3,3373.22,支付宝,广东省,0,已完成
ORD202506132258476629,USR65188,6/13/2025 22:58,家居用品,拖把,5,1390.99,6954.96,微信支付,上海市,0,已完成
ORD202601120201094739,USR53412,1/12/2026 2:01,美妆个护,口红,1,914.11,914.11,支付宝,湖北省,0,已完成
ORD202510201645116136,USR14142,10/20/2025 16:45,美妆个护,香水,1,127.86,127.86,银行卡,河南省,0,已完成
ORD202603121005166191,USR31012,3/12/2026 10:05,食品生鲜,水果,1,299.16,299.16,支付宝,北京市,0,已完成
ORD202507220050485773,USR97320,7/22/2025 0:50,母婴用品,纸尿裤,1,1072.1,857.68,花呗,山东省,1,已完成
ORD202507060006145382,USR36082,7/6/2025 0:06,母婴用品,奶瓶,2,601.85,1203.7,花呗,广东省,0,已完成
ORD202605200620447479,USR72822,5/20/2026 6:20,服装服饰,连衣裙,2,124.05,248.11,微信支付,河南省,0,已完成
ORD202509231437435444,USR97194,9/23/2025 14:37,美妆个护,香水,1,2983.94,2983.94,货到付款,北京市,0,已完成
ORD202510052114348289,USR44838,10/5/2025 21:14,食品生鲜,海鲜,4,246.17,787.75,花呗,河南省,1,已完成
ORD202603180701356950,USR25570,3/18/2026 7:01,家居用品,垃圾桶,5,2272.89,9091.57,微信支付,北京市,1,已完成
ORD202511090846109535,USR65193,11/9/2025 8:46,美妆个护,面霜,3,1373.37,4120.12,花呗,北京市,0,已完成
ORD202508080505028377,USR74103,8/8/2025 5:05,食品生鲜,蔬菜,5,31.15,155.77,花呗,江苏省,0,已完成
ORD202508172332357782,USR82105,8/17/2025 23:32,食品生鲜,牛奶,3,161.7,388.09,货到付款,北京市,1,已完成
ORD202507220749063741,USR74955,7/22/2025 7:49,数码家电,笔记本电脑,3,2900.83,8702.48,银行卡,四川省,0,已完成
ORD202604021049504012,USR99356,4/2/2026 10:49,家居用品,沙发,1,2518.29,2518.29,微信支付,四川省,0,已完成
ORD202512271138401378,USR26703,12/27/2025 11:38,数码家电,洗衣机,3,5406.72,12976.14,花呗,浙江省,1,已完成
ORD202605070912173048,USR52583,5/7/2026 9:12,服装服饰,卫衣,1,587.09,469.67,花呗,广东省,1,已完成
ORD202510210202214844,USR62412,10/21/2025 2:02,数码家电,智能手机,2,7758.05,15516.1,支付宝,浙江省,0,已完成
ORD202512240354095122,USR75779,12/24/2025 3:54,运动户外,自行车,4,1675.55,6702.22,银行卡,河南省,0,待发货
ORD202512122103582311,USR60967,12/12/2025 21:03,数码家电,平板,3,7986.76,23960.27,货到付款,江苏省,0,已完成
ORD202605211818564450,USR27225,5/21/2026 18:18,运动户外,健身器材,4,4981.2,19924.81,微信支付,四川省,0,已完成
ORD202509142008203734,USR24382,9/14/2025 20:08,美妆个护,沐浴露,1,597.9,597.9,花呗,上海市,0,已完成
ORD202604191233577505,USR24139,4/19/2026 12:33,母婴用品,辅食,3,659.85,1979.54,微信支付,福建省,0,已完成
ORD202508032139542687,USR12772,8/3/2025 21:39,食品生鲜,面包,5,248.16,1240.81,货到付款,福建省,0,已完成
ORD202509081908052565,USR26531,9/8/2025 19:08,运动户外,足球,2,3354.09,6708.19,银行卡,四川省,0,待发货
ORD202605212333132045,USR30387,5/21/2026 23:33,家居用品,餐具,2,1593.58,3187.16,支付宝,浙江省,0,待发货
ORD202604170639588752,USR55104,4/17/2026 6:39,数码家电,平板,3,7770.81,23312.43,银行卡,北京市,0,已完成
ORD202512050308509985,USR75536,12/5/2025 3:08,运动户外,篮球,2,3647.55,7295.09,支付宝,山东省,0,已完成
ORD202604100501031881,USR11788,4/10/2026 5:01,家居用品,床上四件套,5,651.89,3259.47,微信支付,广东省,0,已完成
ORD202509231455031431,USR99710,9/23/2025 14:55,母婴用品,婴儿床,4,254.94,1019.76,银行卡,广东省,0,已完成
ORD202603172226147504,USR40999,3/17/2026 22:26,母婴用品,辅食,5,1392.38,6961.91,银行卡,湖北省,0,已完成
ORD202605050041159584,USR16820,5/5/2026 0:41,数码家电,洗衣机,2,1688.39,2701.43,银行卡,北京市,1,已完成
ORD202510101303172363,USR98907,10/10/2025 13:03,服装服饰,羽绒服,4,1585.97,6343.88,货到付款,上海市,0,已完成
ORD202604090759262702,USR54845,4/9/2026 7:59,数码家电,冰箱,5,2832.78,11331.1,微信支付,广东省,1,已完成
ORD202507151727345300,USR66317,7/15/2025 17:27,美妆个护,沐浴露,1,1000.87,1000.87,支付宝,江苏省,0,已完成
ORD202511292109533544,USR88261,11/29/2025 21:09,运动户外,自行车,1,152.91,152.91,银行卡,上海市,0,已完成
ORD202506300550272381,USR11052,6/30/2025 5:50,食品生鲜,零食,4,353.5,1413.98,微信支付,北京市,0,已完成
ORD202507251557017387,USR66928,7/25/2025 15:57,服装服饰,运动鞋,4,270.88,1083.5,货到付款,福建省,0,已完成
ORD202603202112046068,USR72939,3/20/2026 21:12,数码家电,智能手机,4,6296.6,20149.13,货到付款,北京市,1,已完成
ORD202508271452524757,USR47940,8/27/2025 14:52,家居用品,拖把,1,1485.77,1188.61,微信支付,福建省,1,已完成
ORD202605010105295053,USR46991,5/1/2026 1:05,服装服饰,牛仔裤,5,1579.35,6317.38,支付宝,四川省,1,已完成
ORD202602181547385655,USR73691,2/18/2026 15:47,运动户外,篮球,4,2961.24,11844.96,微信支付,江苏省,0,已完成
ORD202603090611208260,USR20828,3/9/2026 6:11,服装服饰,牛仔裤,1,210.74,210.74,微信支付,河南省,0,已完成
ORD202602172155173071,USR66223,2/17/2026 21:55,运动户外,健身器材,4,3851.7,15406.79,花呗,山东省,0,已完成
ORD202511020808363150,USR42472,11/2/2025 8:08,数码家电,空气净化器,4,1023.5,4093.98,货到付款,福建省,0,已完成
ORD202604251054359630,USR90951,4/25/2026 10:54,运动户外,帐篷,4,2445.64,9782.55,支付宝,福建省,0,已完成
ORD202604091118013795,USR29987,4/9/2026 11:18,服装服饰,牛仔裤,1,386.08,308.86,花呗,福建省,1,已完成
ORD202601031031481468,USR77009,1/3/2026 10:31,家居用品,床上四件套,5,2261.96,9047.84,微信支付,山东省,1,已完成
ORD202510210116141575,USR34492,10/21/2025 1:16,母婴用品,纸尿裤,1,1827.6,1827.6,货到付款,福建省,0,已完成
ORD202507060141016846,USR42698,7/6/2025 1:41,服装服饰,羽绒服,1,1130.55,1130.55,花呗,湖北省,0,已完成
ORD202604040141246328,USR46849,4/4/2026 1:41,运动户外,健身器材,4,2683.02,10732.09,花呗,河南省,0,待发货
ORD202511010542058801,USR25075,11/1/2025 5:42,母婴用品,辅食,3,1539.73,4619.18,支付宝,河南省,0,已完成
ORD202506060943528654,USR44541,6/6/2025 9:43,运动户外,瑜伽垫,3,124.89,374.66,微信支付,广东省,0,已完成
ORD202509111655579856,USR42421,9/11/2025 16:55,家居用品,茶几,3,2754.92,6611.81,支付宝,广东省,1,已完成
ORD202512260912595463,USR97337,12/26/2025 9:12,运动户外,篮球,1,1067.5,1067.5,花呗,湖北省,0,已完成
ORD202507182355499987,USR66250,7/18/2025 23:55,数码家电,洗衣机,4,7880.89,31523.57,花呗,湖北省,0,待发货
ORD202511241454468288,USR36006,11/24/2025 14:54,食品生鲜,肉类,3,370.76,1112.29,支付宝,福建省,0,待发货
ORD202510220328023213,USR72114,10/22/2025 3:28,服装服饰,连衣裙,2,1559.79,3119.58,花呗,江苏省,0,已完成
ORD202602170712549835,USR23508,2/17/2026 7:12,食品生鲜,面包,2,331.54,530.46,银行卡,四川省,1,已完成
ORD202603182117383900,USR75841,3/18/2026 21:17,运动户外,篮球,2,2411.15,4822.3,货到付款,湖北省,0,已完成
ORD202602170240138480,USR90098,2/17/2026 2:40,家居用品,垃圾桶,5,1723.45,6893.8,微信支付,广东省,1,已完成
ORD202509101931178126,USR33748,9/10/2025 19:31,服装服饰,T恤,4,140.49,561.94,货到付款,江苏省,0,已完成
ORD202601140029419576,USR34729,1/14/2026 0:29,运动户外,自行车,1,3157.4,2525.92,微信支付,山东省,1,已完成
ORD202510262324549745,USR87489,10/26/2025 23:24,母婴用品,婴儿车,1,1270.89,1270.89,花呗,上海市,0,已完成
ORD202604160929056073,USR92432,4/16/2026 9:29,美妆个护,口红,4,2676.87,10707.47,支付宝,四川省,0,已完成
ORD202602032342376688,USR93162,2/3/2026 23:42,运动户外,跑步鞋,5,2577.72,10310.86,支付宝,湖北省,1,已完成
ORD202510230623078891,USR29493,10/23/2025 6:23,食品生鲜,肉类,4,47.8,152.96,花呗,河南省,1,已完成
ORD202507130151319841,USR40065,7/13/2025 1:51,服装服饰,羽绒服,5,647.08,2588.33,微信支付,广东省,1,已完成
ORD202602180155574721,USR25789,2/18/2026 1:55,食品生鲜,面包,3,331.26,993.78,花呗,浙江省,0,已完成
ORD202508301922412467,USR27340,8/30/2025 19:22,服装服饰,衬衫,3,516.55,1239.73,微信支付,广东省,1,已完成
ORD202512010228588239,USR62596,12/1/2025 2:28,运动户外,瑜伽垫,5,1474.59,5898.35,花呗,湖北省,1,已完成
ORD202506101714476044,USR15028,6/10/2025 17:14,数码家电,冰箱,4,6653.52,26614.07,花呗,上海市,0,已完成
ORD202601271435436992,USR45895,1/27/2026 14:35,母婴用品,婴儿床,3,1189.42,2854.62,花呗,福建省,1,已完成
ORD202605100939577753,USR35189,5/10/2026 9:39,运动户外,瑜伽垫,4,2591.78,10367.14,支付宝,四川省,0,退款中
ORD202601050041455256,USR29163,1/5/2026 0:41,食品生鲜,蔬菜,3,166.04,498.12,微信支付,北京市,0,已完成
ORD202510060914243551,USR65876,10/6/2025 9:14,美妆个护,口红,4,2200.86,8803.43,花呗,北京市,0,已完成
ORD202605221048125973,USR12314,5/22/2026 10:48,美妆个护,洗发水,4,884.52,2830.48,货到付款,北京市,1,待发货
ORD202601232222411172,USR90801,1/23/2026 22:22,家居用品,衣柜,2,2216.45,4432.9,货到付款,北京市,0,已完成
ORD202508252317301001,USR36167,8/25/2025 23:17,服装服饰,衬衫,5,186.7,933.49,支付宝,江苏省,0,已完成
ORD202602071233279574,USR21919,2/7/2026 12:33,食品生鲜,海鲜,1,433.63,433.63,银行卡,山东省,0,已完成
ORD202506251313313233,USR16678,6/25/2025 13:13,家居用品,拖把,5,1508.71,7543.54,支付宝,广东省,0,已完成
ORD202602021823376634,USR59853,2/2/2026 18:23,食品生鲜,海鲜,4,224.87,899.48,银行卡,四川省,0,已完成
ORD202604162253185698,USR63385,4/16/2026 22:53,服装服饰,T恤,4,1241.5,4965.98,支付宝,上海市,0,已完成
ORD202511280717138687,USR78809,11/28/2025 7:17,运动户外,帐篷,5,3158.54,12634.16,货到付款,山东省,1,已完成
ORD202605200406259767,USR50166,5/20/2026 4:06,运动户外,跑步鞋,4,746.97,2390.31,花呗,浙江省,1,已完成
ORD202602280630461136,USR93009,2/28/2026 6:30,美妆个护,爽肤水,3,2276.01,5462.43,微信支付,浙江省,1,已完成
ORD202509260836599059,USR40333,9/26/2025 8:36,运动户外,帐篷,4,1452.05,4646.56,花呗,四川省,1,已完成
ORD202602080321008816,USR39068,2/8/2026 3:21,运动户外,篮球,5,4534.31,22671.57,货到付款,广东省,0,已完成
ORD202511061335355908,USR54063,11/6/2025 13:35,数码家电,笔记本电脑,5,6633.88,33169.4,微信支付,四川省,0,已完成
ORD202507160729541149,USR65846,7/16/2025 7:29,美妆个护,粉底液,5,1058.41,5292.05,银行卡,福建省,0,已完成
ORD202507250648588052,USR72809,7/25/2025 6:48,家居用品,床上四件套,2,2427.06,4854.13,银行卡,福建省,0,已完成
ORD202506181439465799,USR18041,6/18/2025 14:39,母婴用品,奶瓶,2,744.96,1191.94,货到付款,广东省,1,已完成
ORD202506151050314788,USR76828,6/15/2025 10:50,数码家电,智能手机,2,1257.11,2514.22,微信支付,湖北省,0,已完成
ORD202509270453001118,USR65977,9/27/2025 4:53,家居用品,衣柜,2,2886.43,4618.28,花呗,广东省,1,已完成
ORD202512090735399981,USR94393,12/9/2025 7:35,服装服饰,休闲裤,2,1322.57,2645.15,货到付款,上海市,0,已完成
ORD202507160219167121,USR16770,7/16/2025 2:19,数码家电,智能手表,2,3920.75,6273.19,银行卡,湖北省,1,已完成
ORD202507081753424089,USR49883,7/8/2025 17:53,家居用品,餐具,2,1205.36,2410.73,货到付款,广东省,0,待发货
ORD202508310429417745,USR24425,8/31/2025 4:29,服装服饰,运动鞋,5,683.18,3415.88,花呗,湖北省,0,已完成
ORD202605111351228161,USR45290,5/11/2026 13:51,美妆个护,洗面奶,1,2944.9,2355.92,支付宝,四川省,1,已完成
ORD202512261817517467,USR57654,12/26/2025 18:17,母婴用品,奶瓶,2,312.76,625.51,支付宝,北京市,0,已完成
ORD202507231628505094,USR46773,7/23/2025 16:28,服装服饰,休闲裤,5,663.87,2655.48,花呗,山东省,1,已完成
ORD202510292226303675,USR56009,10/29/2025 22:26,运动户外,登山包,1,2478.94,2478.94,微信支付,北京市,0,已完成
ORD202511240415587385,USR64797,11/24/2025 4:15,食品生鲜,饮料,2,244.22,488.44,货到付款,上海市,0,已完成
ORD202510230204407199,USR42370,10/23/2025 2:04,服装服饰,牛仔裤,1,969.16,775.33,花呗,福建省,1,已完成
ORD202602160923044614,USR51922,2/16/2026 9:23,服装服饰,牛仔裤,1,392.78,392.78,支付宝,上海市,0,待发货
ORD202603161434045308,USR16233,3/16/2026 14:34,母婴用品,童装,3,332.62,798.28,银行卡,福建省,1,已完成
ORD202602261142042297,USR33822,2/26/2026 11:42,食品生鲜,蔬菜,4,134.84,539.34,花呗,四川省,0,已完成
ORD202512271857327917,USR15359,12/27/2025 18:57,运动户外,自行车,3,4581.18,13743.53,花呗,四川省,0,已完成
ORD202511101832404924,USR10070,11/10/2025 18:32,家居用品,餐具,1,356.9,356.9,花呗,湖北省,0,已完成
ORD202601150224319464,USR16832,1/15/2026 2:24,家居用品,床上四件套,5,2277.13,11385.63,支付宝,江苏省,0,已完成
ORD202603160626555454,USR96563,3/16/2026 6:26,服装服饰,运动鞋,2,1527.22,3054.44,支付宝,福建省,0,已取消
ORD202603100423415664,USR52157,3/10/2026 4:23,食品生鲜,海鲜,4,406.79,1627.15,花呗,四川省,0,已完成
ORD202507310015289715,USR37784,7/31/2025 0:15,食品生鲜,牛奶,2,444.44,888.88,花呗,江苏省,0,已完成
ORD202605102039165404,USR47397,5/10/2026 20:39,运动户外,瑜伽垫,5,1388.88,6944.39,微信支付,浙江省,0,已完成
ORD202511090300147765,USR71873,11/9/2025 3:00,母婴用品,玩具,4,487.89,1951.56,银行卡,浙江省,0,已完成
ORD202602100818524080,USR46721,2/10/2026 8:18,美妆个护,香水,3,1412.55,4237.66,货到付款,湖北省,0,退款中
ORD202507091056542121,USR89498,7/9/2025 10:56,家居用品,床上四件套,1,809.97,809.97,货到付款,上海市,0,待发货
ORD202604201834573988,USR23207,4/20/2026 18:34,母婴用品,婴儿车,5,1481.9,7409.52,货到付款,北京市,0,已完成
ORD202512080102413238,USR66479,12/8/2025 1:02,数码家电,洗衣机,1,5269.55,5269.55,支付宝,浙江省,0,已完成
ORD202601260217405744,USR34227,1/26/2026 2:17,家居用品,衣柜,1,2627.46,2627.46,支付宝,湖北省,0,已完成
ORD202511061154562808,USR43064,11/6/2025 11:54,母婴用品,婴儿床,2,211.34,422.68,微信支付,河南省,0,已完成
ORD202605311636328460,USR74393,5/31/2026 16:36,家居用品,拖把,5,2746.95,10987.79,支付宝,江苏省,1,已完成
ORD202509171522018418,USR57655,9/17/2025 15:22,美妆个护,口红,1,901.25,721.0,花呗,山东省,1,已完成
ORD202506131656165458,USR53815,6/13/2025 16:56,数码家电,无线耳机,3,4180.21,12540.62,银行卡,河南省,0,待发货
ORD202602240152559060,USR49892,2/24/2026 1:52,美妆个护,爽肤水,4,1332.68,5330.7,银行卡,山东省,0,已完成
ORD202510222135224076,USR24618,10/22/2025 21:35,运动户外,登山包,5,3825.53,15302.11,银行卡,福建省,1,已完成
ORD202508240906006253,USR22699,8/24/2025 9:06,数码家电,平板,2,3652.5,7305.0,银行卡,福建省,0,已完成
ORD202511200437471317,USR97680,11/20/2025 4:37,服装服饰,连衣裙,5,1889.93,7559.71,货到付款,山东省,1,已完成
ORD202511201651563492,USR11790,11/20/2025 16:51,母婴用品,童装,2,1809.94,2895.91,货到付款,四川省,1,已完成
ORD202508311643451813,USR99517,8/31/2025 16:43,数码家电,洗衣机,4,7041.21,28164.83,花呗,四川省,0,已完成
ORD202604290522259764,USR82321,4/29/2026 5:22,运动户外,自行车,3,449.17,1347.5,微信支付,北京市,0,已完成
ORD202510192028441362,USR27079,10/19/2025 20:28,运动户外,健身器材,1,4285.86,3428.69,支付宝,上海市,1,已完成
ORD202507091403074046,USR53412,7/9/2025 14:03,美妆个护,面霜,5,2351.46,9405.83,支付宝,北京市,1,已完成
ORD202602220700112675,USR57260,2/22/2026 7:00,家居用品,垃圾桶,2,328.47,656.94,货到付款,湖北省,0,待发货
ORD202510211548355622,USR57367,10/21/2025 15:48,数码家电,笔记本电脑,4,1305.61,5222.43,银行卡,福建省,0,已完成
ORD202512291047225410,USR87189,12/29/2025 10:47,母婴用品,纸尿裤,1,247.27,247.27,花呗,山东省,0,已完成
ORD202605170425043048,USR79319,5/17/2026 4:25,数码家电,智能手机,4,584.99,2339.98,微信支付,江苏省,0,已完成
ORD202602061013178183,USR89261,2/6/2026 10:13,食品生鲜,蔬菜,3,278.83,669.19,货到付款,江苏省,1,已完成
ORD202510180704571134,USR58705,10/18/2025 7:04,家居用品,床上四件套,1,2920.71,2336.57,花呗,广东省,1,已完成
ORD202506241222034814,USR41228,6/24/2025 12:22,母婴用品,辅食,1,905.44,905.44,花呗,北京市,0,待发货
ORD202511021455492477,USR95229,11/2/2025 14:55,母婴用品,婴儿床,1,1104.48,883.58,货到付款,山东省,1,已完成
ORD202509160324053468,USR46168,9/16/2025 3:24,服装服饰,连衣裙,2,1937.54,3875.08,花呗,四川省,0,已完成
ORD202508131708381241,USR37529,8/13/2025 17:08,美妆个护,粉底液,1,787.89,787.89,银行卡,湖北省,0,已完成
ORD202507181036399086,USR86588,7/18/2025 10:36,服装服饰,卫衣,4,1724.02,6896.07,花呗,河南省,0,已完成
ORD202604260814314558,USR60338,4/26/2026 8:14,母婴用品,玩具,2,1115.46,2230.92,微信支付,广东省,0,已完成
ORD202604170201036601,USR21433,4/17/2026 2:01,家居用品,沙发,1,1717.04,1717.04,花呗,河南省,0,待发货
ORD202511241416237885,USR23941,11/24/2025 14:16,数码家电,智能手表,4,3073.8,12295.22,支付宝,福建省,0,已完成
ORD202507061427296104,USR27102,7/6/2025 14:27,数码家电,智能手表,4,4711.88,15078.02,花呗,湖北省,1,已完成
ORD202602130927089165,USR92517,2/13/2026 9:27,家居用品,拖把,5,237.96,951.86,货到付款,上海市,1,已完成
ORD202508220858107084,USR88883,8/22/2025 8:58,母婴用品,玩具,4,1541.05,6164.22,支付宝,河南省,0,已完成
ORD202602050507088597,USR25775,2/5/2026 5:07,运动户外,健身器材,3,1494.97,4484.91,货到付款,湖北省,0,已完成
ORD202602040830211519,USR15379,2/4/2026 8:30,数码家电,无线耳机,1,7157.06,7157.06,微信支付,广东省,0,已完成
ORD202601182148136410,USR86881,1/18/2026 21:48,运动户外,登山包,1,1902.47,1521.97,银行卡,福建省,1,待发货
ORD202506090703572314,USR95767,6/9/2025 7:03,数码家电,空气净化器,1,1571.18,1571.18,微信支付,湖北省,0,已完成
ORD202506201525333393,USR34960,6/20/2025 15:25,数码家电,智能手表,4,5719.11,22876.45,支付宝,上海市,0,已完成
ORD202604021327251918,USR35287,4/2/2026 13:27,美妆个护,粉底液,4,518.8,2075.19,银行卡,四川省,0,已完成
ORD202510081231505366,USR68427,10/8/2025 12:31,美妆个护,洗面奶,1,2268.43,2268.43,花呗,江苏省,0,已完成
ORD202509031413357429,USR22928,9/3/2025 14:13,食品生鲜,水果,2,484.37,968.75,支付宝,浙江省,0,已完成
ORD202507192141442169,USR19814,7/19/2025 21:41,服装服饰,卫衣,2,1570.13,2512.2,银行卡,四川省,1,待发货
ORD202604021510039899,USR81641,4/2/2026 15:10,家居用品,沙发,3,86.9,208.56,货到付款,四川省,1,已完成
ORD202601060614538702,USR91134,1/6/2026 6:14,家居用品,床上四件套,5,1807.66,9038.3,银行卡,江苏省,0,待发货
ORD202508191639163975,USR54944,8/19/2025 16:39,家居用品,垃圾桶,3,2092.32,6276.97,货到付款,四川省,0,已完成
ORD202506271529344148,USR49515,6/27/2025 15:29,食品生鲜,蔬菜,1,414.47,414.47,货到付款,山东省,0,已取消
ORD202604190627465097,USR72154,4/19/2026 6:27,美妆个护,面霜,1,196.33,157.06,银行卡,福建省,1,已完成
ORD202603250347017251,USR36476,3/25/2026 3:47,母婴用品,童装,1,986.21,986.21,微信支付,湖北省,0,已完成
ORD202601020535271206,USR79934,1/2/2026 5:35,运动户外,篮球,5,2723.32,13616.59,微信支付,福建省,0,已完成
ORD202508201050472998,USR30142,8/20/2025 10:50,运动户外,足球,4,928.71,3714.85,货到付款,山东省,0,待发货
ORD202601141729115078,USR15742,1/14/2026 17:29,母婴用品,奶瓶,5,678.78,3393.89,支付宝,四川省,0,已完成
ORD202508232048447304,USR26755,8/23/2025 20:48,食品生鲜,蔬菜,3,225.71,677.13,银行卡,浙江省,0,已完成
ORD202604121812108257,USR35127,4/12/2026 18:12,母婴用品,婴儿床,4,1674.76,6699.04,支付宝,广东省,0,已完成
ORD202605041808565049,USR64815,5/4/2026 18:08,家居用品,沙发,4,2789.63,11158.54,微信支付,福建省,0,已完成
ORD202508301142181549,USR82154,8/30/2025 11:42,服装服饰,运动鞋,3,1275.42,3826.27,支付宝,福建省,0,已完成
ORD202510061423494263,USR43099,10/6/2025 14:23,数码家电,无线耳机,4,3462.09,13848.36,花呗,浙江省,0,已完成
ORD202603281738178550,USR83445,3/28/2026 17:38,运动户外,健身器材,2,1344.75,2689.5,花呗,上海市,0,已完成
ORD202507280718162539,USR55526,7/28/2025 7:18,美妆个护,洗发水,3,2946.94,8840.82,微信支付,福建省,0,已完成
ORD202604030641339538,USR57973,4/3/2026 6:41,美妆个护,沐浴露,3,2949.57,8848.71,支付宝,湖北省,0,已完成
ORD202605161733274415,USR68783,5/16/2026 17:33,食品生鲜,肉类,2,463.24,926.48,银行卡,河南省,0,待发货
ORD202601181057058746,USR92557,1/18/2026 10:57,美妆个护,粉底液,5,2363.44,9453.75,微信支付,湖北省,1,已完成
ORD202506020225457375,USR25391,6/2/2025 2:25,家居用品,餐具,5,990.82,4954.12,花呗,湖北省,0,已完成
ORD202509161623196113,USR67163,9/16/2025 16:23,运动户外,足球,5,4103.3,20516.51,微信支付,湖北省,0,退款中
ORD202604300855296293,USR18874,4/30/2026 8:55,母婴用品,纸尿裤,4,847.15,3388.59,支付宝,四川省,0,已完成
ORD202507270435223598,USR73284,7/27/2025 4:35,家居用品,餐具,2,993.78,1987.57,支付宝,山东省,0,已完成
ORD202507211136521691,USR64919,7/21/2025 11:36,食品生鲜,牛奶,3,374.98,1124.95,支付宝,福建省,0,已完成
ORD202512271910229534,USR78650,12/27/2025 19:10,家居用品,拖把,3,257.37,617.68,货到付款,河南省,1,已完成
ORD202509060815593001,USR76043,9/6/2025 8:15,母婴用品,婴儿床,3,144.7,434.09,支付宝,浙江省,0,已完成
ORD202604070241175150,USR12867,4/7/2026 2:41,服装服饰,牛仔裤,4,923.51,3694.04,花呗,广东省,0,已完成
ORD202508071825518884,USR31880,8/7/2025 18:25,食品生鲜,肉类,4,228.36,730.76,花呗,北京市,1,已完成
ORD202507131635165895,USR88532,7/13/2025 16:35,服装服饰,卫衣,5,1796.51,7186.02,货到付款,四川省,1,已完成
ORD202602121730134255,USR45933,2/12/2026 17:30,数码家电,冰箱,4,1446.15,4627.67,花呗,江苏省,1,已完成
ORD202605031152466905,USR26899,5/3/2026 11:52,服装服饰,牛仔裤,5,290.4,1161.61,花呗,河南省,1,已完成
ORD202506110017181853,USR47965,6/11/2025 0:17,数码家电,冰箱,5,1605.89,6423.58,微信支付,北京市,1,已完成
ORD202507220429424568,USR15956,7/22/2025 4:29,数码家电,冰箱,3,723.02,2169.07,支付宝,福建省,0,待发货
ORD202506061830292850,USR84209,6/6/2025 18:30,服装服饰,羽绒服,4,189.88,759.51,微信支付,四川省,0,退款中
ORD202510180303364866,USR17968,10/18/2025 3:03,食品生鲜,牛奶,5,333.34,1666.68,微信支付,山东省,0,已完成
ORD202604031911268113,USR34928,4/3/2026 19:11,母婴用品,奶瓶,2,891.59,1426.54,花呗,山东省,1,退款中
ORD202604030442526316,USR62100,4/3/2026 4:42,家居用品,床上四件套,2,2295.54,3672.86,银行卡,河南省,1,已完成
ORD202509010940591246,USR74884,9/1/2025 9:40,家居用品,拖把,4,2977.94,11911.76,支付宝,河南省,0,已完成
ORD202601151630253742,USR99744,1/15/2026 16:30,母婴用品,童装,3,1335.12,4005.35,银行卡,上海市,0,已完成
ORD202510041746075523,USR79791,10/4/2025 17:46,运动户外,健身器材,3,347.23,833.36,花呗,福建省,1,已完成
ORD202506070305252960,USR77303,6/7/2025 3:05,运动户外,登山包,5,612.36,2449.43,货到付款,福建省,1,已完成
ORD202508071605327484,USR19828,8/7/2025 16:05,数码家电,冰箱,4,7107.53,28430.12,微信支付,福建省,0,已完成
ORD202509120124164982,USR31694,9/12/2025 1:24,数码家电,智能手机,2,4456.22,7129.95,花呗,四川省,1,已完成
ORD202506210823391146,USR67376,6/21/2025 8:23,食品生鲜,牛奶,5,414.17,2070.85,花呗,山东省,0,已完成
ORD202507200528301688,USR76752,7/20/2025 5:28,美妆个护,洗面奶,5,2574.14,12870.69,银行卡,四川省,0,已完成
ORD202603160118488786,USR60351,3/16/2026 1:18,服装服饰,衬衫,1,1858.97,1858.97,货到付款,河南省,0,已完成
ORD202511111138123539,USR83727,11/11/2025 11:38,数码家电,笔记本电脑,4,7623.72,30494.88,微信支付,广东省,0,已完成
ORD202512220728217084,USR61150,12/22/2025 7:28,家居用品,餐具,5,1673.38,8366.9,货到付款,上海市,0,已完成
ORD202507150317172466,USR62540,7/15/2025 3:17,食品生鲜,面包,2,177.1,283.36,货到付款,河南省,1,已完成
ORD202603171406145075,USR89589,3/17/2026 14:06,服装服饰,运动鞋,1,1925.64,1540.51,货到付款,湖北省,1,已完成
ORD202506251624133583,USR45585,6/25/2025 16:24,食品生鲜,饮料,2,278.23,445.17,支付宝,浙江省,1,已完成
ORD202512022256029190,USR37122,12/2/2025 22:56,服装服饰,T恤,3,175.29,525.88,货到付款,北京市,0,已完成
ORD202511220213402497,USR34125,11/22/2025 2:13,服装服饰,休闲裤,1,1303.41,1303.41,花呗,湖北省,0,已完成
ORD202603300338396544,USR10471,3/30/2026 3:38,母婴用品,童装,1,1195.99,1195.99,支付宝,湖北省,0,待发货
ORD202510191426521983,USR30971,10/19/2025 14:26,数码家电,无线耳机,5,7218.45,36092.23,支付宝,山东省,0,已完成
ORD202512170743281979,USR84959,12/17/2025 7:43,食品生鲜,肉类,3,330.06,990.19,货到付款,河南省,0,已完成
ORD202601171322066824,USR38548,1/17/2026 13:22,食品生鲜,海鲜,5,181.04,905.18,花呗,湖北省,0,已完成
ORD202507130827253521,USR87609,7/13/2025 8:27,母婴用品,辅食,4,1934.14,7736.56,微信支付,福建省,0,已完成
ORD202511231259459787,USR11161,11/23/2025 12:59,家居用品,餐具,2,2408.83,3854.12,货到付款,四川省,1,已完成
ORD202512131607012759,USR77213,12/13/2025 16:07,家居用品,拖把,2,1898.64,3797.29,支付宝,福建省,0,已完成
ORD202508260059363061,USR69695,8/26/2025 0:59,运动户外,跑步鞋,5,1535.33,6141.33,微信支付,山东省,1,已完成
ORD202601252112408992,USR76036,1/25/2026 21:12,数码家电,智能手机,2,3301.55,6603.1,微信支付,山东省,0,已完成
ORD202506172011294812,USR78822,6/17/2025 20:11,数码家电,空气净化器,2,5524.77,8839.64,支付宝,河南省,1,已完成
ORD202603101023456189,USR43925,3/10/2026 10:23,美妆个护,爽肤水,4,243.78,975.13,微信支付,河南省,0,已完成
ORD202604010412166690,USR49768,4/1/2026 4:12,母婴用品,玩具,3,550.53,1651.58,花呗,浙江省,0,已完成
ORD202605192210468187,USR38879,5/19/2026 22:10,家居用品,床上四件套,1,2147.42,2147.42,花呗,湖北省,0,待发货
ORD202605031650514161,USR48844,5/3/2026 16:50,服装服饰,休闲裤,5,986.04,3944.14,货到付款,上海市,1,已完成
ORD202602112125181349,USR45194,2/11/2026 21:25,食品生鲜,牛奶,5,207.17,1035.86,货到付款,福建省,0,已完成
ORD202512201216397189,USR82371,12/20/2025 12:16,数码家电,洗衣机,4,1635.93,6543.73,微信支付,湖北省,0,已完成
ORD202509260323546868,USR25611,9/26/2025 3:23,食品生鲜,零食,4,226.51,724.82,支付宝,福建省,1,待发货
ORD202511252115563207,USR32427,11/25/2025 21:15,食品生鲜,肉类,1,387.64,387.64,花呗,江苏省,0,已完成
ORD202602052022115107,USR39350,2/5/2026 20:22,美妆个护,香水,3,814.12,2442.35,银行卡,北京市,0,已取消
ORD202506130220421646,USR15978,6/13/2025 2:20,家居用品,茶几,5,36.09,180.44,货到付款,北京市,0,已完成
ORD202506241456018951,USR79935,6/24/2025 14:56,数码家电,空气净化器,4,5513.79,22055.15,花呗,河南省,0,待发货
ORD202512040026058168,USR41223,12/4/2025 0:26,食品生鲜,零食,5,486.59,2432.94,微信支付,上海市,0,已完成
ORD202604260123415828,USR48252,4/26/2026 1:23,数码家电,冰箱,2,5051.2,10102.4,花呗,上海市,0,待发货
ORD202511032320389892,USR15123,11/3/2025 23:20,服装服饰,卫衣,5,283.85,1419.24,花呗,广东省,0,已完成
ORD202511131309299029,USR93835,11/13/2025 13:09,美妆个护,粉底液,3,982.58,2947.73,微信支付,山东省,0,已完成
ORD202602221053314109,USR29416,2/22/2026 10:53,服装服饰,衬衫,3,1741.9,4180.56,货到付款,上海市,1,已完成
ORD202507122216374057,USR46406,7/12/2025 22:16,数码家电,空气净化器,5,2244.26,11221.3,货到付款,福建省,0,已完成
ORD202512080938129906,USR27428,12/8/2025 9:38,运动户外,登山包,2,3077.71,6155.42,银行卡,福建省,0,已完成
ORD202603041603416696,USR45446,3/4/2026 16:03,数码家电,无线耳机,3,3520.03,10560.1,银行卡,北京市,0,已完成
ORD202605200701346303,USR16752,5/20/2026 7:01,家居用品,窗帘,4,639.37,2557.5,货到付款,湖北省,0,退款中
ORD202511200618028674,USR94202,11/20/2025 6:18,食品生鲜,牛奶,5,408.57,2042.85,货到付款,上海市,0,已完成
ORD202506291258595510,USR42637,6/29/2025 12:58,食品生鲜,饮料,2,373.99,747.97,货到付款,广东省,0,已完成
ORD202605160546253627,USR37521,5/16/2026 5:46,服装服饰,运动鞋,4,1340.1,5360.41,货到付款,湖北省,0,已完成
ORD202507020901182128,USR80070,7/2/2025 9:01,美妆个护,沐浴露,5,731.92,2927.68,花呗,北京市,1,已完成
ORD202510040217599702,USR25228,10/4/2025 2:17,运动户外,篮球,2,579.5,1159.0,银行卡,福建省,0,已完成
ORD202601230544343539,USR10183,1/23/2026 5:44,母婴用品,奶瓶,4,1173.51,4694.04,微信支付,河南省,0,已完成
ORD202507281434178362,USR95019,7/28/2025 14:34,食品生鲜,零食,3,281.3,843.91,支付宝,江苏省,0,已完成
ORD202506261212105844,USR55542,6/26/2025 12:12,家居用品,窗帘,5,581.39,2906.94,微信支付,上海市,0,已完成
ORD202507200011275314,USR92927,7/20/2025 0:11,服装服饰,休闲裤,5,159.68,638.72,支付宝,福建省,1,已完成
ORD202509151920059873,USR89319,9/15/2025 19:20,服装服饰,牛仔裤,3,207.38,622.14,花呗,湖北省,0,已完成
ORD202601291103387014,USR58380,1/29/2026 11:03,母婴用品,奶粉,1,1985.9,1985.9,银行卡,福建省,0,已完成
ORD202602012042098439,USR52540,2/1/2026 20:42,家居用品,拖把,4,2355.08,9420.32,支付宝,广东省,0,待发货
ORD202601140759391011,USR20911,1/14/2026 7:59,美妆个护,洗面奶,3,2768.3,8304.91,货到付款,北京市,0,已完成
ORD202512302303089289,USR81994,12/30/2025 23:03,家居用品,沙发,5,601.26,3006.32,花呗,四川省,0,已完成
ORD202603041344427210,USR44608,3/4/2026 13:44,美妆个护,爽肤水,4,2882.89,11531.55,支付宝,福建省,0,已完成
ORD202510050656524039,USR27512,10/5/2025 6:56,家居用品,拖把,4,445.11,1780.44,货到付款,河南省,0,待发货
ORD202510262217101306,USR63522,10/26/2025 22:17,家居用品,窗帘,1,1537.06,1537.06,花呗,上海市,0,退款中
ORD202601190005446965,USR90148,1/19/2026 0:05,数码家电,笔记本电脑,5,6722.72,33613.59,支付宝,河南省,0,已完成
ORD202512240108534912,USR48652,12/24/2025 1:08,服装服饰,羽绒服,2,732.12,1464.23,货到付款,广东省,0,已完成
ORD202509231238466254,USR52550,9/23/2025 12:38,家居用品,餐具,1,1285.99,1285.99,银行卡,山东省,0,已完成
ORD202511240456032037,USR17505,11/24/2025 4:56,母婴用品,童装,1,299.96,299.96,花呗,湖北省,0,已完成
ORD202512140804399830,USR92045,12/14/2025 8:04,家居用品,茶几,2,386.31,618.09,支付宝,江苏省,1,已完成
ORD202601220259127348,USR11364,1/22/2026 2:59,食品生鲜,海鲜,2,313.59,627.18,货到付款,上海市,0,已完成
ORD202511150144544110,USR56593,11/15/2025 1:44,服装服饰,牛仔裤,1,1367.29,1093.83,银行卡,四川省,1,已完成
ORD202507091224369586,USR38741,7/9/2025 12:24,食品生鲜,面包,4,390.89,1563.57,货到付款,北京市,0,已完成
ORD202604050011289151,USR46659,4/5/2026 0:11,服装服饰,羽绒服,3,1135.53,2725.27,银行卡,北京市,1,已完成
ORD202602281303293525,USR33165,2/28/2026 13:03,食品生鲜,牛奶,3,326.42,979.27,支付宝,广东省,0,已完成
ORD202507151024595638,USR43552,7/15/2025 10:24,家居用品,床上四件套,1,60.28,60.28,货到付款,山东省,0,已完成
ORD202604280436156285,USR12049,4/28/2026 4:36,家居用品,餐具,4,503.27,1610.46,货到付款,浙江省,1,已完成
ORD202602100622017714,USR80436,2/10/2026 6:22,数码家电,空气净化器,2,7886.86,12618.98,微信支付,广东省,1,已完成
ORD202602081858586276,USR96155,2/8/2026 18:58,母婴用品,玩具,1,198.19,198.19,花呗,山东省,0,已完成
ORD202605072048532809,USR86449,5/7/2026 20:48,食品生鲜,饮料,5,342.61,1713.03,货到付款,北京市,0,已完成
ORD202603261515072577,USR23951,3/26/2026 15:15,美妆个护,沐浴露,4,552.97,2211.86,银行卡,北京市,0,已完成
ORD202601010249009572,USR60067,1/1/2026 2:49,数码家电,平板,5,5875.39,23501.56,花呗,湖北省,1,已完成
ORD202603072242532092,USR95698,3/7/2026 22:42,食品生鲜,饮料,5,355.94,1779.68,支付宝,福建省,0,已完成
ORD202605030258231717,USR43730,5/3/2026 2:58,食品生鲜,饮料,1,124.76,124.76,花呗,福建省,0,已完成
ORD202508231209363126,USR92081,8/23/2025 12:09,数码家电,无线耳机,4,2522.26,8071.23,微信支付,江苏省,1,已完成
ORD202511150032323926,USR93139,11/15/2025 0:32,家居用品,拖把,5,1971.22,7884.87,支付宝,广东省,1,已完成
ORD202511230847481512,USR89212,11/23/2025 8:47,食品生鲜,水果,4,201.14,804.57,货到付款,四川省,0,已完成
ORD202605112136294310,USR82204,5/11/2026 21:36,家居用品,拖把,3,599.75,1799.26,支付宝,北京市,0,已完成
ORD202508281742522753,USR37021,8/28/2025 17:42,数码家电,平板,5,5987.6,23950.39,支付宝,北京市,1,已完成
ORD202511081701198952,USR67958,11/8/2025 17:01,家居用品,茶几,5,479.36,2396.8,微信支付,四川省,0,已完成
ORD202510101504174139,USR38919,10/10/2025 15:04,服装服饰,T恤,4,1718.51,5499.22,银行卡,四川省,1,已完成
ORD202604180806222617,USR52501,4/18/2026 8:06,美妆个护,面霜,3,1558.57,4675.71,支付宝,浙江省,0,已完成
ORD202511240254581521,USR45231,11/24/2025 2:54,运动户外,篮球,5,617.93,3089.66,银行卡,江苏省,0,已完成
ORD202511022026047366,USR36728,11/2/2025 20:26,食品生鲜,蔬菜,1,350.1,350.1,花呗,福建省,0,已完成
ORD202511091318169026,USR86239,11/9/2025 13:18,母婴用品,奶瓶,4,1062.37,4249.47,微信支付,福建省,0,已完成
ORD202603110828539615,USR92549,3/11/2026 8:28,美妆个护,面霜,4,915.23,2928.74,货到付款,广东省,1,已完成
ORD202507072215515193,USR61834,7/7/2025 22:15,运动户外,健身器材,5,2170.44,10852.21,支付宝,江苏省,0,已完成
ORD202509300909421804,USR30400,9/30/2025 9:09,家居用品,沙发,3,909.05,2727.14,银行卡,上海市,0,已完成
ORD202511131743437002,USR68465,11/13/2025 17:43,食品生鲜,海鲜,5,138.88,694.41,支付宝,河南省,0,已完成
ORD202509300855504616,USR40372,9/30/2025 8:55,家居用品,衣柜,2,507.55,1015.11,微信支付,湖北省,0,已完成
ORD202602140715162161,USR66872,2/14/2026 7:15,服装服饰,卫衣,5,757.4,3786.98,货到付款,北京市,0,待发货
ORD202509072344421214,USR58318,9/7/2025 23:44,数码家电,洗衣机,2,2382.4,4764.81,花呗,广东省,0,已完成
ORD202510240844184419,USR29442,10/24/2025 8:44,食品生鲜,肉类,1,344.88,344.88,花呗,浙江省,0,已完成
ORD202507300641529051,USR72784,7/30/2025 6:41,运动户外,登山包,4,3451.0,11043.19,银行卡,福建省,1,已完成
ORD202602221738092310,USR22280,2/22/2026 17:38,运动户外,跑步鞋,4,2559.02,8188.86,花呗,浙江省,1,已完成
ORD202605251050388668,USR75006,5/25/2026 10:50,服装服饰,衬衫,3,1566.99,4700.98,银行卡,湖北省,0,已完成
ORD202512020429491994,USR33791,12/2/2025 4:29,服装服饰,连衣裙,5,1690.61,8453.06,货到付款,福建省,0,已完成
ORD202506270143406913,USR70213,6/27/2025 1:43,食品生鲜,面包,1,294.09,294.09,支付宝,河南省,0,已完成
ORD202507061016357814,USR34251,7/6/2025 10:16,家居用品,床上四件套,2,1864.43,3728.85,微信支付,浙江省,0,已完成
ORD202604200040337046,USR33083,4/20/2026 0:40,母婴用品,婴儿车,3,601.63,1443.91,货到付款,广东省,1,已完成
ORD202507040339121955,USR34754,7/4/2025 3:39,运动户外,健身器材,1,4484.86,4484.86,货到付款,北京市,0,已完成
ORD202507070458035355,USR84666,7/7/2025 4:58,运动户外,足球,1,218.61,218.61,花呗,广东省,0,已完成
ORD202511151722519667,USR74293,11/15/2025 17:22,服装服饰,运动鞋,2,729.77,1459.55,花呗,湖北省,0,已完成
ORD202507081202441666,USR33646,7/8/2025 12:02,美妆个护,香水,2,2173.75,4347.49,微信支付,江苏省,0,已完成
ORD202603170404192153,USR94877,3/17/2026 4:04,服装服饰,牛仔裤,4,206.17,824.7,支付宝,浙江省,0,已完成
ORD202603142204405979,USR46968,3/14/2026 22:04,母婴用品,辅食,5,407.18,2035.9,货到付款,山东省,0,已完成
ORD202510231719132276,USR12758,10/23/2025 17:19,家居用品,餐具,3,1776.07,5328.21,花呗,江苏省,0,已完成
ORD202604120614174537,USR50653,4/12/2026 6:14,家居用品,窗帘,5,1688.78,6755.12,货到付款,北京市,1,已完成
ORD202507211245509511,USR31354,7/21/2025 12:45,美妆个护,沐浴露,3,2224.62,5339.08,支付宝,福建省,1,已完成
ORD202601030145042591,USR33295,1/3/2026 1:45,运动户外,自行车,1,4081.8,3265.44,银行卡,四川省,1,已完成
ORD202506240703472658,USR61668,6/24/2025 7:03,服装服饰,衬衫,2,300.73,481.17,支付宝,福建省,1,已完成
ORD202601141815024784,USR89668,1/14/2026 18:15,家居用品,餐具,2,74.78,149.55,货到付款,浙江省,0,已完成
ORD202601050221539710,USR34621,1/5/2026 2:21,母婴用品,奶瓶,1,1394.8,1115.84,货到付款,北京市,1,已完成
ORD202601050316067313,USR19103,1/5/2026 3:16,食品生鲜,海鲜,1,157.68,157.68,微信支付,四川省,0,已完成
ORD202510070031234104,USR28811,10/7/2025 0:31,数码家电,无线耳机,3,5194.88,15584.64,货到付款,广东省,0,已完成
ORD202602160458344164,USR19443,2/16/2026 4:58,数码家电,洗衣机,1,1629.08,1303.27,花呗,福建省,1,已完成
ORD202507181116419621,USR65888,7/18/2025 11:16,数码家电,平板,3,4017.8,12053.4,微信支付,福建省,0,已完成
ORD202511071300505075,USR42145,11/7/2025 13:00,运动户外,健身器材,5,2571.68,10286.73,货到付款,上海市,1,已完成
ORD202510160746223931,USR69640,10/16/2025 7:46,服装服饰,休闲裤,2,1190.9,2381.8,支付宝,北京市,0,已完成
ORD202605060636397802,USR94557,5/6/2026 6:36,美妆个护,口红,2,1554.11,2486.58,货到付款,福建省,1,已完成
ORD202602140925232728,USR62757,2/14/2026 9:25,家居用品,窗帘,2,1497.16,2994.32,支付宝,江苏省,0,已完成
ORD202603190909216864,USR23137,3/19/2026 9:09,食品生鲜,面包,5,173.04,865.2,支付宝,浙江省,0,已完成
ORD202511120603258515,USR79045,11/12/2025 6:03,母婴用品,奶瓶,5,188.8,944.01,货到付款,江苏省,0,已完成
ORD202605040312187997,USR27995,5/4/2026 3:12,食品生鲜,海鲜,4,53.86,172.37,支付宝,北京市,1,已完成
ORD202605221616542705,USR11545,5/22/2026 16:16,母婴用品,玩具,3,895.87,2687.6,银行卡,河南省,0,已完成
ORD202603080046213733,USR89074,3/8/2026 0:46,运动户外,瑜伽垫,3,1843.39,5530.16,微信支付,浙江省,0,已完成
ORD202506202330433955,USR23071,6/20/2025 23:30,服装服饰,衬衫,4,1056.46,4225.85,货到付款,河南省,0,已完成
ORD202509201654017579,USR59528,9/20/2025 16:54,数码家电,无线耳机,2,2786.29,5572.57,银行卡,山东省,0,已完成
ORD202601200413399268,USR60330,1/20/2026 4:13,服装服饰,休闲裤,3,1391.42,4174.27,支付宝,河南省,0,已完成
ORD202509300814056529,USR12715,9/30/2025 8:14,运动户外,健身器材,3,4333.38,13000.14,支付宝,河南省,0,已完成
ORD202510151334483591,USR24422,10/15/2025 13:34,美妆个护,沐浴露,2,917.62,1468.2,微信支付,湖北省,1,待发货
ORD202507110537389747,USR11776,7/11/2025 5:37,美妆个护,洗发水,1,603.16,603.16,银行卡,河南省,0,待发货
ORD202601111035278258,USR94473,1/11/2026 10:35,运动户外,篮球,1,669.28,669.28,银行卡,山东省,0,已完成
ORD202512150125396772,USR15733,12/15/2025 1:25,母婴用品,婴儿床,4,1251.7,5006.78,货到付款,福建省,0,已完成
ORD202508221452096163,USR27324,8/22/2025 14:52,家居用品,床上四件套,5,1342.69,6713.45,支付宝,四川省,0,已完成
ORD202507310211236319,USR42550,7/31/2025 2:11,家居用品,拖把,3,580.29,1740.86,花呗,河南省,0,待发货
ORD202602110113337090,USR20957,2/11/2026 1:13,母婴用品,玩具,3,1323.62,3176.68,货到付款,山东省,1,已完成
ORD202512050619517755,USR45082,12/5/2025 6:19,美妆个护,爽肤水,4,471.0,1883.98,货到付款,上海市,0,已完成
ORD202508270206498054,USR28695,8/27/2025 2:06,美妆个护,沐浴露,4,1676.27,6705.09,货到付款,河南省,0,已完成
ORD202604260110266299,USR92232,4/26/2026 1:10,美妆个护,洗发水,3,1595.63,4786.89,微信支付,四川省,0,已完成
ORD202507130040064943,USR88595,7/13/2025 0:40,服装服饰,卫衣,2,1481.74,2963.49,微信支付,四川省,0,已完成
ORD202510142317569939,USR11769,10/14/2025 23:17,美妆个护,口红,2,193.68,387.35,货到付款,上海市,0,已完成
ORD202604250727044504,USR11231,4/25/2026 7:27,食品生鲜,水果,5,445.06,2225.29,花呗,福建省,0,已完成
ORD202601030046127145,USR23938,1/3/2026 0:46,数码家电,冰箱,3,5772.44,13853.85,银行卡,湖北省,1,已完成
ORD202510211755025162,USR81089,10/21/2025 17:55,美妆个护,爽肤水,3,671.89,2015.68,银行卡,江苏省,0,已完成
ORD202507151448316898,USR54353,7/15/2025 14:48,母婴用品,玩具,3,407.64,1222.92,支付宝,湖北省,0,已完成
ORD202603240359588412,USR21136,3/24/2026 3:59,数码家电,智能手机,3,3737.45,11212.35,银行卡,江苏省,0,待发货
ORD202509170426388331,USR36518,9/17/2025 4:26,服装服饰,卫衣,4,1644.25,6577.01,银行卡,河南省,0,已完成
ORD202601092259597505,USR28249,1/9/2026 22:59,母婴用品,婴儿车,1,1693.75,1355.0,花呗,上海市,1,已完成
ORD202508271957191003,USR72970,8/27/2025 19:57,数码家电,空气净化器,3,4403.42,13210.26,银行卡,北京市,0,已完成
ORD202604101150541567,USR83774,4/10/2026 11:50,母婴用品,纸尿裤,1,1728.58,1382.86,花呗,江苏省,1,已完成
ORD202511141537035660,USR68238,11/14/2025 15:37,服装服饰,休闲裤,2,60.62,121.23,微信支付,浙江省,0,已完成
ORD202604250525011267,USR31383,4/25/2026 5:25,食品生鲜,面包,5,27.24,136.18,花呗,四川省,0,已完成
ORD202601042034459480,USR50289,1/4/2026 20:34,服装服饰,牛仔裤,2,1828.05,3656.1,微信支付,河南省,0,已完成
ORD202603260059223213,USR53483,3/26/2026 0:59,服装服饰,运动鞋,3,1561.9,4685.69,花呗,河南省,0,已完成
ORD202604142017285945,USR72771,4/14/2026 20:17,母婴用品,玩具,2,928.88,1857.75,货到付款,四川省,0,已完成
ORD202601281053091107,USR30252,1/28/2026 10:53,运动户外,登山包,4,3792.69,15170.76,微信支付,广东省,0,已完成
ORD202601250655025920,USR41956,1/25/2026 6:55,家居用品,拖把,1,2867.81,2867.81,微信支付,四川省,0,已完成
ORD202602180314204635,USR17323,2/18/2026 3:14,美妆个护,口红,3,2323.11,6969.32,银行卡,福建省,0,已完成
ORD202602051423254519,USR81241,2/5/2026 14:23,美妆个护,爽肤水,4,2531.84,10127.37,微信支付,北京市,0,已完成
ORD202601030511266159,USR45056,1/3/2026 5:11,食品生鲜,水果,1,382.7,382.7,花呗,四川省,0,已完成
ORD202506110442121355,USR92245,6/11/2025 4:42,食品生鲜,零食,4,92.42,295.75,货到付款,湖北省,1,待发货
ORD202601231214385521,USR81252,1/23/2026 12:14,美妆个护,粉底液,2,2505.72,5011.43,货到付款,浙江省,0,已完成
ORD202605271941359376,USR26131,5/27/2026 19:41,家居用品,拖把,3,601.42,1443.42,银行卡,江苏省,1,已完成
ORD202602111125533534,USR12779,2/11/2026 11:25,美妆个护,粉底液,2,2681.06,5362.11,花呗,山东省,0,待发货
ORD202604190308052544,USR15836,4/19/2026 3:08,运动户外,帐篷,5,2347.38,11736.92,花呗,湖北省,0,已完成
ORD202602250737111618,USR23476,2/25/2026 7:37,家居用品,餐具,3,2037.39,6112.17,支付宝,福建省,0,已完成
ORD202509122047368542,USR81387,9/12/2025 20:47,食品生鲜,海鲜,2,253.65,507.3,微信支付,福建省,0,已完成
ORD202506120551476827,USR48894,6/12/2025 5:51,数码家电,笔记本电脑,3,1204.93,3614.8,银行卡,四川省,0,已完成
ORD202508100135583557,USR23443,8/10/2025 1:35,母婴用品,玩具,1,616.91,616.91,货到付款,山东省,0,已完成
ORD202509150303523267,USR77048,9/15/2025 3:03,运动户外,帐篷,3,4920.29,14760.86,支付宝,北京市,0,待发货
ORD202602282137385341,USR64432,2/28/2026 21:37,运动户外,足球,3,4807.5,14422.51,花呗,江苏省,0,已完成
ORD202603240210187014,USR28590,3/24/2026 2:10,食品生鲜,蔬菜,1,167.04,133.63,微信支付,上海市,1,已完成
ORD202509282356455093,USR10158,9/28/2025 23:56,食品生鲜,肉类,2,498.19,996.37,货到付款,河南省,0,已完成
ORD202605242121084817,USR39401,5/24/2026 21:21,服装服饰,衬衫,3,1698.82,5096.47,支付宝,河南省,0,已完成
ORD202510102323435198,USR13145,10/10/2025 23:23,运动户外,帐篷,4,3093.7,12374.81,花呗,江苏省,0,待发货
ORD202510150746315920,USR39710,10/15/2025 7:46,服装服饰,卫衣,3,128.24,307.78,货到付款,上海市,1,已完成
ORD202506030854362505,USR65985,6/3/2025 8:54,服装服饰,牛仔裤,2,1807.82,3615.64,货到付款,江苏省,0,已完成
ORD202508101049207550,USR60512,8/10/2025 10:49,母婴用品,纸尿裤,1,1136.99,1136.99,花呗,浙江省,0,已完成
ORD202605041942294562,USR29316,5/4/2026 19:42,服装服饰,衬衫,2,1743.53,2789.65,花呗,山东省,1,已完成
ORD202507261512022264,USR56309,7/26/2025 15:12,家居用品,垃圾桶,5,2506.6,10026.4,银行卡,河南省,1,已完成
ORD202601062229426319,USR95899,1/6/2026 22:29,美妆个护,爽肤水,3,2504.03,7512.09,货到付款,上海市,0,已完成
ORD202602110653458905,USR47597,2/11/2026 6:53,数码家电,洗衣机,3,5736.3,17208.91,花呗,北京市,0,已完成
ORD202511031534513832,USR39607,11/3/2025 15:34,食品生鲜,牛奶,1,152.79,122.23,支付宝,四川省,1,已取消
ORD202506280034598999,USR99707,6/28/2025 0:34,家居用品,窗帘,3,1021.76,2452.22,微信支付,湖北省,1,已完成
ORD202507260222032562,USR60429,7/26/2025 2:22,数码家电,笔记本电脑,4,2813.52,11254.08,银行卡,河南省,0,已完成
ORD202603151819555921,USR24733,3/15/2026 18:19,运动户外,足球,4,198.23,792.9,花呗,福建省,0,已完成
ORD202602012135271612,USR74463,2/1/2026 21:35,运动户外,帐篷,2,2954.59,5909.18,微信支付,广东省,0,已完成
ORD202506122144417251,USR32224,6/12/2025 21:44,运动户外,健身器材,1,3524.28,3524.28,银行卡,江苏省,0,待发货
ORD202507061514362285,USR24435,7/6/2025 15:14,家居用品,垃圾桶,5,2564.52,12822.6,货到付款,北京市,0,已完成
ORD202603171815561916,USR39428,3/17/2026 18:15,家居用品,茶几,2,437.69,875.39,微信支付,江苏省,0,已完成
ORD202512240027256478,USR23334,12/24/2025 0:27,食品生鲜,饮料,1,276.65,221.32,银行卡,广东省,1,已完成
ORD202508231311016700,USR46937,8/23/2025 13:11,美妆个护,面霜,1,53.78,43.03,花呗,浙江省,1,已完成
ORD202510250223098115,USR56833,10/25/2025 2:23,服装服饰,牛仔裤,2,235.43,470.87,花呗,四川省,0,已完成
ORD202511110107207824,USR19999,11/11/2025 1:07,运动户外,篮球,2,365.64,731.28,银行卡,河南省,0,待发货
ORD202511240417062974,USR90700,11/24/2025 4:17,母婴用品,婴儿车,3,1464.68,4394.05,货到付款,福建省,0,待发货
ORD202510110922514714,USR53741,10/11/2025 9:22,美妆个护,洗面奶,5,270.75,1353.73,银行卡,江苏省,0,已完成
ORD202508010309381187,USR25512,8/1/2025 3:09,母婴用品,辅食,4,1447.08,5788.33,支付宝,上海市,0,已完成
ORD202510221708417266,USR57250,10/22/2025 17:08,食品生鲜,蔬菜,3,132.32,396.95,银行卡,江苏省,0,已完成
ORD202509300040141886,USR21115,9/30/2025 0:40,食品生鲜,饮料,1,440.08,440.08,银行卡,上海市,0,已完成
ORD202603080545425993,USR15681,3/8/2026 5:45,食品生鲜,蔬菜,5,408.44,2042.22,花呗,四川省,0,已完成
ORD202510042328039591,USR89233,10/4/2025 23:28,数码家电,智能手机,5,7683.73,30734.91,货到付款,湖北省,1,已完成
ORD202603291637571674,USR29805,3/29/2026 16:37,母婴用品,奶粉,2,1773.34,3546.67,银行卡,河南省,0,已完成
ORD202601071021196231,USR33339,1/7/2026 10:21,美妆个护,面霜,5,2801.99,14009.94,微信支付,湖北省,0,已完成
ORD202601181312309846,USR66181,1/18/2026 13:12,美妆个护,粉底液,5,2580.46,10321.86,花呗,湖北省,1,已完成
ORD202507032351253450,USR79531,7/3/2025 23:51,家居用品,垃圾桶,1,2086.28,2086.28,花呗,河南省,0,已完成
ORD202605100120456354,USR53888,5/10/2026 1:20,家居用品,餐具,3,527.37,1582.12,银行卡,河南省,0,已完成
ORD202506211020599231,USR88592,6/21/2025 10:20,运动户外,健身器材,5,1431.37,7156.83,微信支付,四川省,0,已完成
ORD202507311006354617,USR33771,7/31/2025 10:06,家居用品,餐具,2,653.93,1046.28,银行卡,福建省,1,已完成
ORD202508010309593509,USR99054,8/1/2025 3:09,食品生鲜,水果,3,305.76,917.27,微信支付,江苏省,0,已完成
ORD202603202351071827,USR65737,3/20/2026 23:51,美妆个护,香水,2,1525.75,3051.5,花呗,四川省,0,已完成
ORD202601262240097436,USR29689,1/26/2026 22:40,母婴用品,奶粉,5,1740.81,8704.03,微信支付,广东省,0,已完成
ORD202506200749128300,USR97460,6/20/2025 7:49,食品生鲜,蔬菜,3,476.81,1430.43,银行卡,山东省,0,待发货
ORD202602171750379269,USR49526,2/17/2026 17:50,数码家电,空气净化器,5,3536.45,17682.25,支付宝,浙江省,0,已完成
ORD202507021623412475,USR91888,7/2/2025 16:23,家居用品,垃圾桶,1,1528.92,1528.92,支付宝,河南省,0,已完成
ORD202509141610564638,USR47618,9/14/2025 16:10,食品生鲜,饮料,3,486.04,1166.5,微信支付,江苏省,1,已完成
ORD202511200206448076,USR55663,11/20/2025 2:06,食品生鲜,水果,2,145.36,232.57,银行卡,福建省,1,已完成
ORD202602130142565747,USR23621,2/13/2026 1:42,数码家电,智能手表,1,6442.93,6442.93,货到付款,北京市,0,已完成
ORD202511121606147460,USR45532,11/12/2025 16:06,服装服饰,连衣裙,4,489.22,1956.87,支付宝,福建省,0,待发货
ORD202512061441423425,USR75437,12/6/2025 14:41,美妆个护,爽肤水,2,2053.94,4107.87,花呗,浙江省,0,已完成
ORD202601221821303165,USR96734,1/22/2026 18:21,母婴用品,婴儿车,5,544.55,2178.2,银行卡,广东省,1,已完成
ORD202511191609016507,USR58380,11/19/2025 16:09,运动户外,跑步鞋,2,4430.29,8860.59,银行卡,北京市,0,退款中
ORD202511082028202352,USR44786,11/8/2025 20:28,服装服饰,羽绒服,4,1144.88,4579.53,支付宝,湖北省,0,已完成
ORD202509150205588796,USR20009,9/15/2025 2:05,家居用品,衣柜,2,574.08,918.53,货到付款,湖北省,1,待发货
ORD202508231714541807,USR10285,8/23/2025 17:14,食品生鲜,饮料,1,119.94,95.95,花呗,河南省,1,待发货
ORD202603210434489980,USR29482,3/21/2026 4:34,数码家电,空气净化器,2,4203.87,8407.74,货到付款,湖北省,0,待发货
ORD202512162324497540,USR95964,12/16/2025 23:24,数码家电,智能手机,3,7712.02,18508.84,花呗,上海市,1,已完成
ORD202507150451215301,USR29213,7/15/2025 4:51,美妆个护,爽肤水,4,2315.84,7410.68,支付宝,江苏省,1,已完成
ORD202510130114392393,USR51976,10/13/2025 1:14,服装服饰,T恤,2,1002.2,2004.41,银行卡,上海市,0,已完成
ORD202511142305077529,USR29369,11/14/2025 23:05,运动户外,篮球,4,1754.82,7019.3,花呗,河南省,0,已完成
ORD202507140134039221,USR61196,7/14/2025 1:34,美妆个护,洗面奶,1,1661.33,1329.06,银行卡,四川省,1,已取消
ORD202509190002548118,USR68549,9/19/2025 0:02,食品生鲜,牛奶,3,376.7,1130.09,微信支付,浙江省,0,已完成
ORD202602190926563136,USR72709,2/19/2026 9:26,美妆个护,洗发水,5,2358.27,11791.34,微信支付,北京市,0,已完成
ORD202602191157003209,USR18822,2/19/2026 11:57,母婴用品,纸尿裤,2,682.99,1365.97,支付宝,北京市,0,已完成
ORD202601170824428879,USR24832,1/17/2026 8:24,数码家电,无线耳机,1,5908.69,4726.96,支付宝,湖北省,1,已完成
ORD202512062344454245,USR85739,12/6/2025 23:44,数码家电,智能手表,4,5433.42,17386.93,支付宝,江苏省,1,已完成
ORD202512221522548993,USR66027,12/22/2025 15:22,家居用品,拖把,4,2878.15,11512.62,微信支付,山东省,0,待发货
ORD202602150207347476,USR46500,2/15/2026 2:07,家居用品,窗帘,1,2794.65,2235.72,花呗,福建省,1,已完成
ORD202509281840374212,USR28961,9/28/2025 18:40,运动户外,自行车,2,3967.96,6348.73,货到付款,北京市,1,已完成
ORD202506181519139589,USR21855,6/18/2025 15:19,食品生鲜,蔬菜,5,364.46,1457.85,支付宝,浙江省,1,已完成
ORD202508251522505034,USR52343,8/25/2025 15:22,母婴用品,辅食,2,584.38,1168.76,货到付款,浙江省,0,已完成
ORD202511011207184970,USR26716,11/1/2025 12:07,服装服饰,衬衫,3,1699.63,5098.9,货到付款,上海市,0,已完成
ORD202601191806482173,USR33838,1/19/2026 18:06,美妆个护,香水,2,1299.69,2599.38,微信支付,上海市,0,已完成
ORD202506220636175362,USR60465,6/22/2025 6:36,运动户外,跑步鞋,3,1433.98,4301.94,花呗,河南省,0,已完成
ORD202506032338558046,USR56217,6/3/2025 23:38,食品生鲜,蔬菜,4,198.24,792.96,微信支付,广东省,0,已完成
ORD202508190921416298,USR51853,8/19/2025 9:21,家居用品,沙发,3,2511.09,6026.61,支付宝,山东省,1,已完成
ORD202509260125552467,USR74776,9/26/2025 1:25,美妆个护,粉底液,5,471.44,2357.2,微信支付,湖北省,0,已完成
ORD202508220050362843,USR65552,8/22/2025 0:50,家居用品,垃圾桶,1,1379.35,1103.48,微信支付,浙江省,1,已完成
ORD202603260012577776,USR73083,3/26/2026 0:12,美妆个护,沐浴露,3,1492.3,4476.91,微信支付,北京市,0,已完成
ORD202507240707157939,USR64256,7/24/2025 7:07,服装服饰,衬衫,2,121.43,242.86,支付宝,福建省,0,已完成
ORD202603241829446984,USR88871,3/24/2026 18:29,食品生鲜,牛奶,3,105.92,317.75,支付宝,福建省,0,已完成
ORD202509080536516706,USR93440,9/8/2025 5:36,美妆个护,爽肤水,4,2485.43,9941.7,微信支付,上海市,0,已完成
ORD202509210950344120,USR53707,9/21/2025 9:50,母婴用品,童装,3,1670.0,5009.99,微信支付,上海市,0,已完成
ORD202510061019196254,USR28116,10/6/2025 10:19,运动户外,瑜伽垫,5,1532.83,6131.34,货到付款,四川省,1,已完成
ORD202507171420066644,USR95715,7/17/2025 14:20,数码家电,智能手机,3,7061.73,21185.19,花呗,山东省,0,已完成
ORD202506040002521396,USR42231,6/4/2025 0:02,母婴用品,童装,5,1554.98,7774.88,货到付款,河南省,0,已完成
ORD202512110358025994,USR60224,12/11/2025 3:58,母婴用品,纸尿裤,2,864.92,1729.84,花呗,湖北省,0,待发货
ORD202603180240343773,USR64874,3/18/2026 2:40,运动户外,帐篷,4,3767.19,15068.76,花呗,江苏省,0,已完成
ORD202511150559446729,USR82002,11/15/2025 5:59,数码家电,冰箱,1,7710.01,7710.01,微信支付,浙江省,0,待发货
ORD202508080535398245,USR75156,8/8/2025 5:35,母婴用品,婴儿床,2,944.99,1889.98,货到付款,江苏省,0,已完成
ORD202507210405523389,USR80614,7/21/2025 4:05,美妆个护,洗面奶,2,738.13,1476.26,花呗,四川省,0,已完成
ORD202510261547248216,USR79962,10/26/2025 15:47,美妆个护,洗面奶,1,2827.2,2261.76,花呗,湖北省,1,已完成
ORD202512242001381735,USR74566,12/24/2025 20:01,美妆个护,香水,3,1823.12,5469.36,支付宝,福建省,0,已完成
ORD202603010641294825,USR79792,3/1/2026 6:41,数码家电,无线耳机,3,1289.49,3094.77,花呗,北京市,1,已完成
ORD202508290847144271,USR80282,8/29/2025 8:47,母婴用品,奶瓶,3,1166.73,3500.19,微信支付,四川省,0,已完成
ORD202512120646587124,USR40161,12/12/2025 6:46,数码家电,洗衣机,4,4254.36,13613.94,银行卡,河南省,1,已完成
ORD202601032340513555,USR60413,1/3/2026 23:40,美妆个护,爽肤水,2,2571.1,5142.2,支付宝,湖北省,0,已完成
ORD202604201525262405,USR20959,4/20/2026 15:25,运动户外,瑜伽垫,5,2700.41,13502.03,银行卡,上海市,0,已完成
ORD202602151039362841,USR86148,2/15/2026 10:39,母婴用品,婴儿车,1,547.7,547.7,微信支付,福建省,0,已完成
ORD202604100219491893,USR65291,4/10/2026 2:19,母婴用品,婴儿车,2,1367.51,2188.01,银行卡,江苏省,1,待发货
ORD202510161304384982,USR79067,10/16/2025 13:04,家居用品,茶几,3,1636.87,4910.62,花呗,湖北省,0,待发货
ORD202506282347323419,USR85743,6/28/2025 23:47,家居用品,窗帘,1,714.47,714.47,银行卡,四川省,0,已完成
ORD202511020458175713,USR38748,11/2/2025 4:58,服装服饰,运动鞋,5,1168.57,5842.87,货到付款,河南省,0,已完成
ORD202605011613331225,USR21436,5/1/2026 16:13,食品生鲜,零食,2,412.55,825.1,微信支付,广东省,0,退款中
ORD202603160419356624,USR40827,3/16/2026 4:19,家居用品,窗帘,2,105.14,210.28,货到付款,浙江省,0,已完成
ORD202506171017082823,USR57409,6/17/2025 10:17,数码家电,冰箱,4,5231.38,20925.53,银行卡,湖北省,0,待发货
ORD202511170951405999,USR10375,11/17/2025 9:51,家居用品,拖把,2,1061.76,2123.53,货到付款,北京市,0,已完成
ORD202506080641018373,USR36644,6/8/2025 6:41,服装服饰,T恤,2,620.71,1241.42,支付宝,广东省,0,已完成
ORD202511261313128719,USR12248,11/26/2025 13:13,母婴用品,辅食,5,815.55,4077.73,银行卡,湖北省,0,已完成
ORD202605241751221372,USR57500,5/24/2026 17:51,服装服饰,休闲裤,5,716.94,3584.72,货到付款,广东省,0,已完成
ORD202507010543556437,USR83187,7/1/2025 5:43,母婴用品,辅食,1,1672.87,1672.87,花呗,四川省,0,已完成
ORD202605011926514424,USR72118,5/1/2026 19:26,运动户外,瑜伽垫,3,1446.51,3471.62,银行卡,北京市,1,已完成
ORD202509301356119814,USR27510,9/30/2025 13:56,运动户外,足球,5,3692.45,18462.25,支付宝,山东省,0,已完成
ORD202601101427514471,USR24438,1/10/2026 14:27,母婴用品,奶粉,1,233.42,186.73,花呗,广东省,1,待发货
ORD202511141713104339,USR17808,11/14/2025 17:13,食品生鲜,面包,2,476.18,952.37,银行卡,浙江省,0,待发货
ORD202601091628209952,USR55789,1/9/2026 16:28,家居用品,沙发,1,1874.5,1499.6,花呗,河南省,1,已完成
ORD202511050129409573,USR57298,11/5/2025 1:29,数码家电,空气净化器,1,5800.39,5800.39,银行卡,浙江省,0,已完成
ORD202603031300345237,USR28264,3/3/2026 13:00,数码家电,无线耳机,1,2735.29,2735.29,银行卡,北京市,0,已完成
ORD202602041433109991,USR48626,2/4/2026 14:33,美妆个护,面霜,1,1253.93,1253.93,微信支付,湖北省,0,已完成
ORD202511100511238913,USR70344,11/10/2025 5:11,母婴用品,辅食,5,486.37,1945.47,货到付款,北京市,1,已完成
ORD202509211028383315,USR28892,9/21/2025 10:28,数码家电,智能手机,3,7494.02,22482.06,银行卡,江苏省,0,已完成
ORD202507151729371301,USR82286,7/15/2025 17:29,食品生鲜,水果,1,249.17,249.17,支付宝,山东省,0,已完成
ORD202511050710297170,USR65191,11/5/2025 7:10,母婴用品,纸尿裤,4,1279.37,5117.5,货到付款,河南省,0,已完成
ORD202506090223499631,USR41784,6/9/2025 2:23,食品生鲜,水果,2,369.79,739.59,微信支付,福建省,0,已完成
ORD202510050303311712,USR37621,10/5/2025 3:03,数码家电,智能手表,2,3283.3,6566.59,货到付款,福建省,0,已完成
ORD202508061758265185,USR39437,8/6/2025 17:58,数码家电,无线耳机,2,5900.76,11801.52,货到付款,四川省,0,已完成
ORD202604080451493790,USR17322,4/8/2026 4:51,美妆个护,爽肤水,2,2037.7,4075.4,银行卡,江苏省,0,退款中
ORD202601270120421984,USR28061,1/27/2026 1:20,数码家电,洗衣机,2,5792.45,11584.89,支付宝,上海市,0,已完成
ORD202511261624505653,USR25366,11/26/2025 16:24,母婴用品,童装,1,1004.0,803.2,银行卡,福建省,1,已完成
ORD202604200302364288,USR28753,4/20/2026 3:02,运动户外,跑步鞋,3,1976.39,5929.18,支付宝,上海市,0,已完成
ORD202602231937535444,USR59474,2/23/2026 19:37,母婴用品,奶瓶,4,483.06,1932.24,支付宝,浙江省,0,已完成
ORD202605240452311869,USR13453,5/24/2026 4:52,母婴用品,婴儿车,5,1658.02,6632.09,花呗,河南省,1,已完成
ORD202510191242418617,USR65667,10/19/2025 12:42,美妆个护,洗发水,4,1836.8,7347.2,银行卡,上海市,0,待发货
ORD202507050525481136,USR58717,7/5/2025 5:25,美妆个护,洗发水,5,1349.73,6748.63,微信支付,上海市,0,已完成
ORD202511171426552091,USR17088,11/17/2025 14:26,数码家电,洗衣机,5,7579.97,30319.88,货到付款,四川省,1,待发货
ORD202604242309537367,USR23894,4/24/2026 23:09,服装服饰,牛仔裤,4,143.29,573.14,花呗,山东省,0,已完成
ORD202507120242575445,USR96867,7/12/2025 2:42,服装服饰,羽绒服,1,1707.84,1707.84,微信支付,山东省,0,已完成
ORD202509031152266901,USR86232,9/3/2025 11:52,美妆个护,口红,2,2992.82,4788.51,银行卡,湖北省,1,已完成
ORD202511170447582767,USR19669,11/17/2025 4:47,数码家电,智能手表,1,7152.07,5721.65,支付宝,上海市,1,已完成
ORD202601151640411312,USR72498,1/15/2026 16:40,服装服饰,羽绒服,2,1630.35,3260.7,银行卡,湖北省,0,已完成
ORD202511031227465792,USR87847,11/3/2025 12:27,数码家电,冰箱,3,3307.29,9921.88,银行卡,广东省,0,已完成
ORD202512211141057332,USR30732,12/21/2025 11:41,数码家电,空气净化器,5,2234.86,11174.28,花呗,湖北省,0,已完成
ORD202507011302384787,USR13956,7/1/2025 13:02,数码家电,笔记本电脑,4,6011.38,24045.52,微信支付,广东省,0,待发货
ORD202511011648467237,USR29252,11/1/2025 16:48,家居用品,沙发,3,927.63,2782.9,花呗,河南省,0,已完成
ORD202605050152329331,USR57873,5/5/2026 1:52,母婴用品,婴儿车,2,393.28,786.55,微信支付,山东省,0,已完成
ORD202509291158062631,USR28517,9/29/2025 11:58,数码家电,无线耳机,1,6398.94,5119.16,花呗,河南省,1,已完成
ORD202603171524176168,USR20353,3/17/2026 15:24,家居用品,茶几,4,951.38,3044.42,货到付款,湖北省,1,已完成
ORD202510102029358940,USR42118,10/10/2025 20:29,美妆个护,洗发水,5,2745.89,13729.46,支付宝,福建省,0,已完成
ORD202508260112049709,USR20101,8/26/2025 1:12,服装服饰,衬衫,3,1689.23,5067.7,支付宝,上海市,0,待发货
ORD202510080825282442,USR11635,10/8/2025 8:25,母婴用品,辅食,5,1702.9,8514.49,支付宝,湖北省,0,已完成
ORD202603301354174054,USR84603,3/30/2026 13:54,运动户外,自行车,2,3880.69,7761.38,货到付款,江苏省,0,已完成
ORD202508050706374258,USR64590,8/5/2025 7:06,服装服饰,衬衫,5,1767.72,8838.59,货到付款,福建省,0,已完成
ORD202506301554269202,USR29623,6/30/2025 15:54,母婴用品,婴儿床,1,1621.21,1296.97,支付宝,湖北省,1,已完成
ORD202512160602568503,USR33910,12/16/2025 6:02,运动户外,自行车,3,3052.31,9156.92,支付宝,广东省,0,已完成
ORD202602012204541352,USR71573,2/1/2026 22:04,服装服饰,休闲裤,3,626.85,1504.45,微信支付,北京市,1,退款中
ORD202507150648191651,USR28364,7/15/2025 6:48,母婴用品,婴儿床,1,1782.01,1782.01,微信支付,福建省,0,已完成
ORD202512240135435053,USR79133,12/24/2025 1:35,服装服饰,卫衣,5,1689.18,8445.89,银行卡,北京市,0,已完成
ORD202512160105519673,USR49257,12/16/2025 1:05,服装服饰,羽绒服,1,972.11,972.11,花呗,广东省,0,已完成
ORD202508150718485995,USR71628,8/15/2025 7:18,运动户外,足球,4,291.49,1165.94,微信支付,广东省,0,已完成
ORD202605181948426465,USR63939,5/18/2026 19:48,服装服饰,运动鞋,1,1295.16,1036.13,微信支付,江苏省,1,已完成
ORD202603291058179027,USR54215,3/29/2026 10:58,服装服饰,休闲裤,5,148.66,594.66,微信支付,湖北省,1,已完成
ORD202510141624487445,USR68192,10/14/2025 16:24,运动户外,篮球,1,4638.77,4638.77,微信支付,河南省,0,已完成
ORD202510150829123572,USR94521,10/15/2025 8:29,美妆个护,洗面奶,2,2886.04,5772.09,货到付款,山东省,0,已完成
ORD202603101139521301,USR11731,3/10/2026 11:39,数码家电,冰箱,1,1921.18,1921.18,银行卡,湖北省,0,已完成
ORD202604150109156681,USR47587,4/15/2026 1:09,食品生鲜,肉类,1,341.43,273.14,微信支付,上海市,1,已完成
ORD202602061557526765,USR24583,2/6/2026 15:57,家居用品,床上四件套,5,294.96,1179.85,花呗,上海市,1,已完成
ORD202604131241436822,USR30432,4/13/2026 12:41,食品生鲜,海鲜,4,367.46,1469.85,微信支付,江苏省,0,已完成
ORD202507280834085953,USR17864,7/28/2025 8:34,食品生鲜,蔬菜,4,180.17,720.68,货到付款,北京市,0,已完成
ORD202508311811074869,USR94207,8/31/2025 18:11,母婴用品,玩具,5,1378.05,6890.24,支付宝,北京市,0,已完成
ORD202507102212279212,USR14209,7/10/2025 22:12,数码家电,洗衣机,5,3296.57,16482.87,支付宝,福建省,0,已完成
ORD202507272057325519,USR89190,7/27/2025 20:57,母婴用品,玩具,5,333.86,1669.28,银行卡,河南省,0,已完成
ORD202509080947482015,USR32751,9/8/2025 9:47,数码家电,笔记本电脑,2,3545.82,7091.65,支付宝,河南省,0,已完成
ORD202508161442235221,USR75967,8/16/2025 14:42,运动户外,健身器材,3,652.1,1565.04,微信支付,山东省,1,已完成
ORD202508070907417343,USR31017,8/7/2025 9:07,运动户外,足球,1,2926.73,2926.73,货到付款,上海市,0,已完成
ORD202601202245551482,USR11424,1/20/2026 22:45,数码家电,平板,5,807.14,4035.68,银行卡,河南省,0,已完成
ORD202507300850585590,USR61955,7/30/2025 8:50,服装服饰,休闲裤,5,1078.27,4313.09,微信支付,浙江省,1,已完成
ORD202603230543124695,USR65524,3/23/2026 5:43,美妆个护,粉底液,5,2662.51,13312.57,支付宝,湖北省,0,已完成
ORD202603221948463485,USR99116,3/22/2026 19:48,服装服饰,衬衫,4,1683.85,6735.41,花呗,河南省,0,已完成
ORD202602101347126599,USR69545,2/10/2026 13:47,美妆个护,口红,5,2651.86,13259.31,微信支付,浙江省,0,已完成
ORD202506300620367436,USR82634,6/30/2025 6:20,母婴用品,玩具,1,1848.0,1848.0,花呗,福建省,0,已完成
ORD202508081907173248,USR43823,8/8/2025 19:07,美妆个护,香水,5,340.45,1702.24,花呗,浙江省,0,已完成
ORD202603280327582438,USR84981,3/28/2026 3:27,母婴用品,婴儿床,1,301.06,301.06,银行卡,山东省,0,已完成
ORD202601302054247262,USR75781,1/30/2026 20:54,运动户外,健身器材,2,2829.33,4526.93,货到付款,河南省,1,已完成
ORD202512092130169531,USR50112,12/9/2025 21:30,食品生鲜,零食,3,448.05,1344.14,支付宝,湖北省,0,退款中
ORD202511280421214726,USR39794,11/28/2025 4:21,运动户外,瑜伽垫,4,4874.31,15597.8,支付宝,上海市,1,已完成
ORD202603202356417837,USR65531,3/20/2026 23:56,运动户外,自行车,1,326.68,326.68,微信支付,四川省,0,已完成
ORD202601052223434938,USR30552,1/5/2026 22:23,食品生鲜,肉类,2,184.33,294.93,支付宝,福建省,1,待发货
ORD202603230234063502,USR45628,3/23/2026 2:34,美妆个护,口红,3,662.3,1986.89,银行卡,浙江省,0,已完成
ORD202601120102027987,USR22050,1/12/2026 1:02,美妆个护,口红,3,2275.22,6825.66,支付宝,山东省,0,已完成
ORD202511220806006118,USR78354,11/22/2025 8:06,母婴用品,玩具,3,1298.38,3895.13,微信支付,上海市,0,已完成
ORD202602201237266395,USR59487,2/20/2026 12:37,服装服饰,运动鞋,1,283.78,283.78,支付宝,四川省,0,待发货
ORD202605252144318359,USR26401,5/25/2026 21:44,母婴用品,玩具,2,992.87,1985.74,货到付款,湖北省,0,已完成
ORD202605091317049883,USR37769,5/9/2026 13:17,服装服饰,连衣裙,5,1386.61,5546.44,花呗,浙江省,1,已完成
ORD202601060526413158,USR62481,1/6/2026 5:26,运动户外,自行车,2,3917.13,7834.25,花呗,河南省,0,已完成
ORD202602051707054387,USR91139,2/5/2026 17:07,食品生鲜,蔬菜,2,19.83,39.65,花呗,河南省,0,已完成
ORD202602021724343270,USR17339,2/2/2026 17:24,运动户外,自行车,2,4463.3,8926.6,货到付款,四川省,0,已完成
ORD202601291257539869,USR38692,1/29/2026 12:57,数码家电,空气净化器,1,4769.61,3815.69,银行卡,北京市,1,已完成
ORD202510041231084314,USR61418,10/4/2025 12:31,美妆个护,口红,1,2441.37,2441.37,微信支付,江苏省,0,已完成
ORD202605021521523262,USR34077,5/2/2026 15:21,服装服饰,连衣裙,1,1625.48,1300.38,货到付款,广东省,1,已完成
ORD202601301405236062,USR83307,1/30/2026 14:05,母婴用品,玩具,2,420.21,672.34,微信支付,上海市,1,待发货
ORD202510011837419582,USR89309,10/1/2025 18:37,食品生鲜,面包,1,63.98,63.98,银行卡,江苏省,0,已完成
ORD202507291501293215,USR20119,7/29/2025 15:01,服装服饰,运动鞋,3,1456.51,4369.53,货到付款,浙江省,0,已完成
ORD202511181853118046,USR71398,11/18/2025 18:53,母婴用品,辅食,1,355.03,284.03,支付宝,山东省,1,已完成
ORD202506271228263378,USR72575,6/27/2025 12:28,美妆个护,粉底液,4,2554.31,10217.26,银行卡,河南省,0,已完成
ORD202511300239403589,USR51050,11/30/2025 2:39,运动户外,篮球,1,3658.33,3658.33,花呗,福建省,0,已完成
ORD202511191740406201,USR95550,11/19/2025 17:40,美妆个护,洗发水,1,2530.22,2024.18,货到付款,河南省,1,已完成
ORD202602010456092111,USR94133,2/1/2026 4:56,家居用品,衣柜,1,911.06,728.85,银行卡,四川省,1,已完成
ORD202509261429279732,USR63097,9/26/2025 14:29,数码家电,智能手表,1,2874.49,2299.59,银行卡,浙江省,1,已完成
ORD202604060619502939,USR59868,4/6/2026 6:19,家居用品,衣柜,4,2020.24,8080.96,货到付款,福建省,0,已完成
ORD202509151608384016,USR31603,9/15/2025 16:08,食品生鲜,牛奶,5,25.41,127.04,花呗,山东省,0,已完成
ORD202601161625546203,USR17165,1/16/2026 16:25,服装服饰,休闲裤,1,1466.67,1466.67,花呗,山东省,0,已完成
ORD202506221933433384,USR58690,6/22/2025 19:33,食品生鲜,饮料,3,419.53,1258.6,银行卡,福建省,0,已完成
ORD202510151620211483,USR94757,10/15/2025 16:20,运动户外,足球,4,2134.3,8537.21,微信支付,广东省,0,已完成
ORD202512150043216221,USR65603,12/15/2025 0:43,母婴用品,纸尿裤,5,1541.51,7707.57,银行卡,浙江省,0,已完成
ORD202506291930257783,USR35523,6/29/2025 19:30,美妆个护,香水,1,548.59,548.59,货到付款,湖北省,0,待发货
ORD202509291312397737,USR45378,9/29/2025 13:12,家居用品,垃圾桶,5,980.34,3921.34,货到付款,四川省,1,已完成
ORD202511270745065970,USR24208,11/27/2025 7:45,家居用品,垃圾桶,3,2923.43,7016.23,货到付款,上海市,1,已完成
ORD202511231208338258,USR23683,11/23/2025 12:08,运动户外,瑜伽垫,4,4933.01,15785.63,花呗,山东省,1,已完成
ORD202506151431295485,USR20198,6/15/2025 14:31,家居用品,窗帘,4,1547.56,6190.25,支付宝,浙江省,0,已完成
ORD202506230215133489,USR57540,6/23/2025 2:15,运动户外,帐篷,5,4677.92,23389.61,货到付款,北京市,0,已完成
ORD202510220453004079,USR89061,10/22/2025 4:53,食品生鲜,蔬菜,1,266.14,212.91,货到付款,浙江省,1,已完成
ORD202604192358282749,USR53970,4/19/2026 23:58,美妆个护,香水,2,896.02,1792.03,微信支付,北京市,0,已完成
ORD202509201145063155,USR13676,9/20/2025 11:45,服装服饰,运动鞋,4,570.45,2281.81,微信支付,河南省,0,待发货
ORD202506301911054026,USR41395,6/30/2025 19:11,母婴用品,婴儿车,2,1862.54,3725.07,银行卡,河南省,0,待发货
ORD202602060843371429,USR46989,2/6/2026 8:43,服装服饰,衬衫,4,386.27,1545.08,银行卡,湖北省,0,已完成
ORD202605021523385372,USR31333,5/2/2026 15:23,食品生鲜,面包,1,294.02,294.02,银行卡,江苏省,0,已完成
ORD202604290354434783,USR80984,4/29/2026 3:54,母婴用品,玩具,1,1133.27,906.62,货到付款,上海市,1,已完成
ORD202507060137274804,USR23954,7/6/2025 1:37,家居用品,茶几,4,2224.07,7117.03,微信支付,湖北省,1,已完成
ORD202601252017374783,USR18561,1/25/2026 20:17,数码家电,空气净化器,5,4244.32,21221.61,银行卡,四川省,0,已完成
ORD202601171713301427,USR37775,1/17/2026 17:13,食品生鲜,零食,1,143.42,143.42,微信支付,河南省,0,已完成
ORD202512142212526886,USR88264,12/14/2025 22:12,食品生鲜,肉类,1,93.0,74.4,货到付款,四川省,1,已完成
ORD202510280738112302,USR11438,10/28/2025 7:38,美妆个护,口红,3,1873.83,5621.5,货到付款,湖北省,0,已完成
ORD202511271647068808,USR50516,11/27/2025 16:47,服装服饰,休闲裤,1,1452.03,1452.03,银行卡,上海市,0,已完成
ORD202601120903433196,USR34607,1/12/2026 9:03,食品生鲜,蔬菜,3,289.07,693.76,货到付款,北京市,1,已完成
ORD202601020636109230,USR82311,1/2/2026 6:36,食品生鲜,蔬菜,1,371.79,297.43,货到付款,湖北省,1,已完成
ORD202604041216368680,USR36440,4/4/2026 12:16,家居用品,拖把,1,441.73,353.39,微信支付,河南省,1,已完成
ORD202603142314357126,USR93674,3/14/2026 23:14,家居用品,衣柜,5,2649.76,13248.81,支付宝,上海市,0,已完成
ORD202605142210364014,USR14242,5/14/2026 22:10,母婴用品,奶粉,5,1185.67,5928.36,花呗,山东省,0,已完成
ORD202506162221337348,USR41501,6/16/2025 22:21,运动户外,自行车,1,721.54,577.23,银行卡,广东省,1,已完成
ORD202511221549189051,USR45280,11/22/2025 15:49,运动户外,篮球,4,2363.43,9453.73,支付宝,广东省,0,已完成
ORD202605200057348763,USR21146,5/20/2026 0:57,数码家电,无线耳机,4,6835.94,21875.0,银行卡,湖北省,1,已完成
ORD202604111201533253,USR84727,4/11/2026 12:01,运动户外,帐篷,1,4498.05,4498.05,支付宝,四川省,0,已完成
ORD202601090013353683,USR84029,1/9/2026 0:13,美妆个护,香水,4,816.01,2611.23,货到付款,广东省,1,已完成
ORD202602090333554166,USR15881,2/9/2026 3:33,数码家电,平板,1,5834.49,5834.49,银行卡,浙江省,0,已取消
ORD202508130231084707,USR83890,8/13/2025 2:31,母婴用品,婴儿床,5,244.97,1224.86,支付宝,上海市,0,已完成
ORD202510032050471528,USR73413,10/3/2025 20:50,家居用品,拖把,2,119.97,239.93,花呗,广东省,0,已完成
ORD202601212303477694,USR15987,1/21/2026 23:03,运动户外,跑步鞋,3,2845.95,8537.86,货到付款,浙江省,0,已完成
ORD202512021711011245,USR16297,12/2/2025 17:11,服装服饰,羽绒服,4,1404.91,5619.66,银行卡,北京市,0,已完成
ORD202512121704555421,USR51232,12/12/2025 17:04,家居用品,床上四件套,4,2391.44,9565.78,银行卡,四川省,0,已完成
ORD202507291407377767,USR22217,7/29/2025 14:07,美妆个护,沐浴露,5,1040.44,4161.77,支付宝,山东省,1,已完成
ORD202506250042164646,USR50449,6/25/2025 0:42,家居用品,衣柜,4,39.45,157.78,银行卡,山东省,0,已完成
ORD202511222310474323,USR11111,11/22/2025 23:10,美妆个护,爽肤水,1,1454.17,1454.17,货到付款,上海市,0,已完成
ORD202507110442264351,USR56746,7/11/2025 4:42,美妆个护,爽肤水,1,77.09,77.09,微信支付,浙江省,0,已完成
ORD202604112245302083,USR47015,4/11/2026 22:45,美妆个护,粉底液,2,303.19,485.11,支付宝,江苏省,1,已完成
ORD202605160428103901,USR62184,5/16/2026 4:28,母婴用品,奶瓶,2,687.04,1374.09,花呗,山东省,0,已完成
ORD202604220455158197,USR75564,4/22/2026 4:55,美妆个护,洗发水,2,1328.4,2656.8,银行卡,山东省,0,已完成
ORD202510120904199027,USR35543,10/12/2025 9:04,美妆个护,香水,1,860.02,688.02,货到付款,北京市,1,已完成
ORD202603050954126323,USR51218,3/5/2026 9:54,服装服饰,连衣裙,2,1184.64,2369.27,银行卡,山东省,0,已完成
ORD202507031800168496,USR61202,7/3/2025 18:00,数码家电,智能手表,2,915.12,1830.25,花呗,山东省,0,已完成
ORD202512132244155043,USR56640,12/13/2025 22:44,食品生鲜,零食,1,80.84,80.84,货到付款,广东省,0,已完成
ORD202602062220278005,USR26976,2/6/2026 22:20,数码家电,笔记本电脑,5,5714.44,22857.75,花呗,山东省,1,已完成
ORD202508070021567633,USR98432,8/7/2025 0:21,美妆个护,口红,4,452.16,1808.63,货到付款,北京市,0,已完成
ORD202506160449511685,USR22763,6/16/2025 4:49,服装服饰,运动鞋,3,1297.56,3114.15,微信支付,四川省,1,已完成
ORD202509050508197232,USR53426,9/5/2025 5:08,家居用品,衣柜,1,182.96,146.37,货到付款,湖北省,1,已完成
ORD202603021930446126,USR63383,3/2/2026 19:30,服装服饰,牛仔裤,1,844.4,844.4,花呗,山东省,0,已完成
ORD202511180012107457,USR76005,11/18/2025 0:12,美妆个护,粉底液,3,556.91,1336.57,支付宝,福建省,1,已完成
ORD202511181542289784,USR23238,11/18/2025 15:42,服装服饰,牛仔裤,3,263.79,791.37,微信支付,上海市,0,已完成
ORD202512211240229605,USR75821,12/21/2025 12:40,运动户外,跑步鞋,2,2878.46,5756.92,银行卡,江苏省,0,已完成
ORD202512210021531630,USR29685,12/21/2025 0:21,服装服饰,牛仔裤,3,1860.25,5580.76,微信支付,福建省,0,已完成
ORD202601231947549530,USR13104,1/23/2026 19:47,美妆个护,洗发水,4,192.72,616.7,微信支付,广东省,1,已完成
ORD202508011537182791,USR86962,8/1/2025 15:37,母婴用品,婴儿床,4,872.03,3488.12,银行卡,河南省,0,已完成
ORD202510200746298399,USR60084,10/20/2025 7:46,运动户外,足球,4,3566.92,14267.69,货到付款,北京市,0,已完成
ORD202510231913568485,USR72515,10/23/2025 19:13,服装服饰,连衣裙,4,952.24,3808.97,微信支付,上海市,0,已取消
ORD202605231147271694,USR86855,5/23/2026 11:47,食品生鲜,面包,4,405.18,1620.73,微信支付,湖北省,0,已完成
ORD202509182045335025,USR14903,9/18/2025 20:45,食品生鲜,零食,2,98.03,196.05,支付宝,河南省,0,已完成
ORD202510291059029498,USR48026,10/29/2025 10:59,服装服饰,衬衫,1,1921.21,1921.21,支付宝,福建省,0,已完成
ORD202511061800249812,USR31131,11/6/2025 18:00,母婴用品,辅食,3,801.07,2403.2,花呗,四川省,0,已完成
ORD202603281832067481,USR29862,3/28/2026 18:32,家居用品,茶几,1,1037.88,1037.88,银行卡,上海市,0,已取消
ORD202510100948371643,USR99440,10/10/2025 9:48,美妆个护,洗面奶,3,2627.58,7882.74,货到付款,福建省,0,已完成
ORD202602191547077347,USR70700,2/19/2026 15:47,食品生鲜,肉类,2,286.29,572.59,货到付款,福建省,0,待发货
ORD202601190442009456,USR20322,1/19/2026 4:42,家居用品,窗帘,2,1559.0,2494.41,花呗,四川省,1,已完成
ORD202506210804551807,USR92044,6/21/2025 8:04,服装服饰,衬衫,5,1467.61,5870.43,货到付款,上海市,1,已完成
ORD202604031207414110,USR22227,4/3/2026 12:07,家居用品,茶几,5,1747.91,8739.53,货到付款,广东省,0,已完成
ORD202602010017205770,USR40352,2/1/2026 0:17,运动户外,自行车,2,896.33,1792.65,支付宝,四川省,0,待发货
ORD202602070919238201,USR38265,2/7/2026 9:19,数码家电,智能手表,2,5556.48,8890.37,货到付款,广东省,1,待发货
ORD202510082309287521,USR99320,10/8/2025 23:09,食品生鲜,海鲜,3,75.4,180.96,货到付款,江苏省,1,待发货
ORD202506261420345989,USR95749,6/26/2025 14:20,服装服饰,牛仔裤,2,1621.42,3242.85,花呗,河南省,0,已完成
ORD202510070056265684,USR28463,10/7/2025 0:56,美妆个护,面霜,1,2969.52,2969.52,花呗,江苏省,0,已完成
ORD202507071651338558,USR31108,7/7/2025 16:51,母婴用品,奶瓶,3,785.91,2357.72,微信支付,四川省,0,已完成
ORD202601031635383727,USR75748,1/3/2026 16:35,运动户外,瑜伽垫,2,2279.3,4558.61,货到付款,北京市,0,已完成
ORD202602191057137921,USR77672,2/19/2026 10:57,服装服饰,牛仔裤,3,140.55,421.64,货到付款,江苏省,0,已完成
ORD202510290302225823,USR89788,10/29/2025 3:02,美妆个护,爽肤水,3,70.79,169.89,货到付款,北京市,1,已完成
ORD202509190826301893,USR95379,9/19/2025 8:26,母婴用品,奶瓶,4,1846.77,7387.07,支付宝,北京市,0,已完成
ORD202509062046159470,USR78588,9/6/2025 20:46,母婴用品,辅食,5,300.82,1504.08,货到付款,四川省,0,已完成
ORD202603090141113330,USR54749,3/9/2026 1:41,服装服饰,T恤,3,919.27,2206.24,支付宝,湖北省,1,已取消
ORD202604271710228595,USR68652,4/27/2026 17:10,运动户外,健身器材,3,4095.24,9828.57,微信支付,山东省,1,已完成
ORD202602102337148400,USR27196,2/10/2026 23:37,家居用品,垃圾桶,4,2670.17,8544.54,银行卡,福建省,1,已完成
ORD202605182343342481,USR54436,5/18/2026 23:43,家居用品,垃圾桶,2,1567.81,2508.49,货到付款,江苏省,1,已完成
ORD202601210134439202,USR48121,1/21/2026 1:34,母婴用品,童装,3,1151.81,3455.44,花呗,浙江省,0,已完成
ORD202605060333232854,USR57227,5/6/2026 3:33,家居用品,拖把,4,2015.66,6450.11,花呗,江苏省,1,已完成
ORD202507290934513945,USR91719,7/29/2025 9:34,数码家电,智能手表,1,7710.37,6168.29,货到付款,湖北省,1,已完成
ORD202510081109339952,USR66479,10/8/2025 11:09,母婴用品,婴儿床,4,1225.21,4900.83,支付宝,河南省,0,已完成
ORD202507021539123216,USR15244,7/2/2025 15:39,母婴用品,婴儿车,5,1140.98,5704.88,花呗,湖北省,0,已完成
ORD202601130731337440,USR99505,1/13/2026 7:31,美妆个护,沐浴露,5,73.17,365.83,花呗,山东省,0,已完成
ORD202602131718477775,USR60807,2/13/2026 17:18,家居用品,床上四件套,2,261.23,417.97,微信支付,四川省,1,已完成
ORD202507252212286299,USR41340,7/25/2025 22:12,运动户外,篮球,2,2928.14,5856.28,微信支付,福建省,0,已完成
ORD202605230041468387,USR37370,5/23/2026 0:41,母婴用品,婴儿床,5,1875.67,9378.34,微信支付,湖北省,0,已完成
ORD202510142033571408,USR90004,10/14/2025 20:33,运动户外,登山包,5,4346.79,21733.94,花呗,江苏省,0,已完成
ORD202509291134093930,USR89544,9/29/2025 11:34,数码家电,平板,3,7869.34,23608.03,花呗,河南省,0,已完成
ORD202602101852238433,USR19830,2/10/2026 18:52,美妆个护,洗发水,5,1597.67,7988.34,货到付款,湖北省,0,已完成
ORD202602270618184308,USR29975,2/27/2026 6:18,服装服饰,牛仔裤,2,1586.47,3172.93,货到付款,浙江省,0,已完成
ORD202602130332498449,USR84304,2/13/2026 3:32,运动户外,自行车,5,4217.96,16871.85,支付宝,河南省,1,已完成
ORD202510310518472477,USR92285,10/31/2025 5:18,母婴用品,纸尿裤,2,1313.66,2627.32,花呗,北京市,0,待发货
ORD202507210154595097,USR75211,7/21/2025 1:54,数码家电,平板,1,3040.62,3040.62,货到付款,四川省,0,已完成
ORD202601180211106309,USR22767,1/18/2026 2:11,食品生鲜,饮料,5,240.29,1201.45,货到付款,上海市,0,已取消
ORD202603030648423686,USR11958,3/3/2026 6:48,数码家电,智能手机,2,6934.38,13868.76,微信支付,广东省,0,待发货
ORD202605310648513024,USR28693,5/31/2026 6:48,数码家电,智能手机,4,2739.11,10956.44,微信支付,福建省,0,已完成
ORD202507032138182494,USR50572,7/3/2025 21:38,美妆个护,面霜,3,2773.52,8320.55,微信支付,四川省,0,已完成
ORD202509290530442870,USR81714,9/29/2025 5:30,服装服饰,羽绒服,2,498.12,996.24,银行卡,山东省,0,已完成
ORD202601040131528362,USR21425,1/4/2026 1:31,食品生鲜,海鲜,5,377.26,1886.32,货到付款,四川省,0,已完成
ORD202510250654206946,USR75393,10/25/2025 6:54,家居用品,床上四件套,5,1899.07,9495.33,微信支付,江苏省,0,已完成
ORD202602052147302397,USR22335,2/5/2026 21:47,家居用品,拖把,1,2253.81,2253.81,微信支付,四川省,0,已完成
ORD202604041049279582,USR69612,4/4/2026 10:49,运动户外,足球,4,2243.0,8972.01,花呗,四川省,0,待发货
ORD202510061337247292,USR51119,10/6/2025 13:37,数码家电,智能手表,2,7494.81,14989.62,微信支付,广东省,0,已完成
ORD202604121925539383,USR32245,4/12/2026 19:25,美妆个护,爽肤水,4,1908.44,7633.77,花呗,上海市,0,已完成
ORD202507201507273619,USR48745,7/20/2025 15:07,美妆个护,洗发水,1,886.24,708.99,支付宝,河南省,1,已完成
ORD202602160556157204,USR31164,2/16/2026 5:56,家居用品,沙发,3,1922.6,4614.23,微信支付,广东省,1,待发货
ORD202602282251307235,USR18934,2/28/2026 22:51,运动户外,瑜伽垫,4,1505.4,6021.59,花呗,江苏省,0,已完成
ORD202604182227271719,USR46715,4/18/2026 22:27,运动户外,健身器材,1,1538.8,1538.8,微信支付,江苏省,0,已完成
ORD202603142152443799,USR85564,3/14/2026 21:52,运动户外,足球,2,2058.03,4116.07,支付宝,山东省,0,已完成
ORD202602220431326491,USR57622,2/22/2026 4:31,食品生鲜,蔬菜,3,427.69,1283.07,微信支付,北京市,0,已完成
ORD202605210837533459,USR56316,5/21/2026 8:37,服装服饰,连衣裙,5,1025.58,4102.32,花呗,河南省,1,退款中
ORD202512221020293656,USR21695,12/22/2025 10:20,食品生鲜,面包,1,342.66,274.13,支付宝,江苏省,1,已完成
ORD202507070702413369,USR19323,7/7/2025 7:02,母婴用品,婴儿车,5,814.34,3257.35,支付宝,广东省,1,已完成
ORD202602062123153930,USR33486,2/6/2026 21:23,母婴用品,辅食,3,564.03,1353.67,支付宝,江苏省,1,已完成
ORD202602160906111840,USR70390,2/16/2026 9:06,服装服饰,牛仔裤,1,1911.55,1529.24,银行卡,四川省,1,待发货
ORD202511121026007874,USR43809,11/12/2025 10:26,家居用品,茶几,1,1818.67,1818.67,花呗,北京市,0,已完成
ORD202512151127226047,USR72031,12/15/2025 11:27,服装服饰,连衣裙,3,1871.21,5613.62,银行卡,江苏省,0,已完成
ORD202510191228566071,USR43557,10/19/2025 12:28,美妆个护,粉底液,2,634.14,1014.62,支付宝,四川省,1,已完成
ORD202506080155158311,USR67939,6/8/2025 1:55,母婴用品,婴儿车,1,336.44,336.44,银行卡,山东省,0,已完成
ORD202510191939185731,USR95235,10/19/2025 19:39,数码家电,平板,3,6918.67,20756.02,微信支付,江苏省,0,已完成
ORD202509282250253960,USR28408,9/28/2025 22:50,数码家电,无线耳机,4,5606.88,22427.52,银行卡,北京市,0,已完成
ORD202508100010192926,USR26248,8/10/2025 0:10,家居用品,沙发,5,576.0,2304.02,货到付款,广东省,1,已完成
ORD202508230425133155,USR84545,8/23/2025 4:25,美妆个护,面霜,1,830.0,830.0,支付宝,山东省,0,已完成
ORD202510111710344323,USR73997,10/11/2025 17:10,食品生鲜,牛奶,4,402.33,1609.3,支付宝,湖北省,0,已完成
ORD202603251305361057,USR15189,3/25/2026 13:05,美妆个护,香水,1,1377.99,1102.39,花呗,河南省,1,已完成
ORD202512062022245146,USR57641,12/6/2025 20:22,数码家电,笔记本电脑,2,5529.05,8846.49,微信支付,四川省,1,已完成
ORD202508141337061200,USR47568,8/14/2025 13:37,数码家电,智能手机,3,2887.64,6930.34,花呗,山东省,1,已完成
ORD202508272332038514,USR62551,8/27/2025 23:32,母婴用品,辅食,1,793.4,793.4,银行卡,北京市,0,已完成
ORD202507241012079153,USR63612,7/24/2025 10:12,美妆个护,爽肤水,3,2972.42,8917.25,货到付款,山东省,0,已完成
ORD202507310411379169,USR91223,7/31/2025 4:11,美妆个护,口红,1,765.42,612.34,货到付款,河南省,1,已完成
ORD202506302313509904,USR99205,6/30/2025 23:13,数码家电,空气净化器,2,4298.42,8596.85,货到付款,湖北省,0,已完成
ORD202509232058551094,USR26906,9/23/2025 20:58,食品生鲜,零食,2,423.76,847.51,货到付款,四川省,0,已完成
ORD202604242238349084,USR67780,4/24/2026 22:38,家居用品,衣柜,4,732.89,2931.54,微信支付,北京市,0,已完成
ORD202604030148444897,USR58068,4/3/2026 1:48,运动户外,帐篷,2,2134.55,4269.09,银行卡,河南省,0,已完成
ORD202507100642004553,USR77171,7/10/2025 6:42,家居用品,衣柜,3,1852.97,5558.92,货到付款,四川省,0,已完成
ORD202512150400398794,USR91871,12/15/2025 4:00,美妆个护,洗面奶,2,1459.13,2918.26,支付宝,广东省,0,已取消
ORD202603270904238434,USR51110,3/27/2026 9:04,家居用品,垃圾桶,1,1389.32,1389.32,银行卡,四川省,0,待发货
ORD202512271501417719,USR58979,12/27/2025 15:01,数码家电,智能手表,2,3218.82,5150.12,微信支付,河南省,1,待发货
ORD202604210752518239,USR20943,4/21/2026 7:52,数码家电,笔记本电脑,3,4899.85,14699.54,货到付款,浙江省,0,已完成
ORD202603142039392300,USR99417,3/14/2026 20:39,美妆个护,口红,1,1884.39,1884.39,微信支付,浙江省,0,已取消
ORD202605100430531107,USR64158,5/10/2026 4:30,美妆个护,爽肤水,4,1970.27,7881.08,货到付款,山东省,0,已完成
ORD202512221137495009,USR76314,12/22/2025 11:37,运动户外,健身器材,4,444.8,1779.21,支付宝,江苏省,0,已完成
ORD202506151549559967,USR68994,6/15/2025 15:49,运动户外,跑步鞋,4,3192.07,10214.62,银行卡,广东省,1,已完成
ORD202602130137395556,USR44449,2/13/2026 1:37,母婴用品,玩具,1,1908.81,1908.81,支付宝,四川省,0,已完成
ORD202510091852174401,USR99463,10/9/2025 18:52,美妆个护,沐浴露,4,1636.73,5237.53,货到付款,河南省,1,待发货
ORD202605070834211801,USR15593,5/7/2026 8:34,食品生鲜,牛奶,2,360.48,720.96,花呗,上海市,0,已完成
ORD202603251430164028,USR91345,3/25/2026 14:30,家居用品,餐具,1,1679.06,1679.06,银行卡,广东省,0,已取消
ORD202601270028143429,USR94392,1/27/2026 0:28,美妆个护,爽肤水,1,2568.58,2568.58,微信支付,浙江省,0,已完成
ORD202507212127561902,USR17478,7/21/2025 21:27,服装服饰,衬衫,1,1862.69,1862.69,货到付款,湖北省,0,退款中
ORD202601182244256718,USR42088,1/18/2026 22:44,母婴用品,玩具,5,409.23,2046.14,支付宝,上海市,0,已完成
ORD202510250717011601,USR83505,10/25/2025 7:17,服装服饰,休闲裤,3,901.88,2705.63,花呗,江苏省,0,已完成
ORD202507302144233381,USR11041,7/30/2025 21:44,数码家电,洗衣机,5,3442.87,17214.33,货到付款,四川省,0,已完成
ORD202508030015131531,USR30258,8/3/2025 0:15,运动户外,登山包,5,2085.55,8342.22,微信支付,上海市,1,已完成
ORD202508100536235889,USR23801,8/10/2025 5:36,家居用品,餐具,5,394.06,1576.25,支付宝,河南省,1,已完成
ORD202604192041516424,USR48097,4/19/2026 20:41,美妆个护,洗面奶,3,2446.44,7339.32,银行卡,北京市,0,已完成
ORD202602250147212436,USR59259,2/25/2026 1:47,服装服饰,羽绒服,5,119.74,598.72,花呗,北京市,0,已完成
ORD202603271109091803,USR30736,3/27/2026 11:09,家居用品,沙发,4,1594.12,6376.46,货到付款,山东省,0,已完成
ORD202601291500112784,USR84728,1/29/2026 15:00,数码家电,无线耳机,1,5464.09,4371.27,货到付款,上海市,1,已完成
ORD202604110450027831,USR62334,4/11/2026 4:50,运动户外,篮球,1,1116.6,1116.6,货到付款,浙江省,0,已完成
ORD202605171321483920,USR19565,5/17/2026 13:21,食品生鲜,牛奶,2,453.87,907.73,货到付款,山东省,0,已完成
ORD202508040656123643,USR39235,8/4/2025 6:56,母婴用品,辅食,4,1685.17,6740.68,支付宝,北京市,0,已完成
ORD202603080154455659,USR60885,3/8/2026 1:54,家居用品,沙发,3,1423.83,4271.49,银行卡,江苏省,0,已取消
ORD202511172324423906,USR70591,11/17/2025 23:24,家居用品,垃圾桶,1,1245.22,1245.22,微信支付,上海市,0,已完成
ORD202506172314348460,USR97706,6/17/2025 23:14,食品生鲜,面包,5,125.92,629.59,花呗,江苏省,0,已完成
ORD202511071328476901,USR22255,11/7/2025 13:28,家居用品,床上四件套,2,2195.38,3512.61,货到付款,江苏省,1,已完成
ORD202510201130591587,USR55735,10/20/2025 11:30,数码家电,笔记本电脑,2,1488.08,2380.93,货到付款,上海市,1,已完成
ORD202602181609332525,USR71063,2/18/2026 16:09,数码家电,平板,1,5601.78,5601.78,银行卡,浙江省,0,已完成
ORD202603071101285903,USR71405,3/7/2026 11:01,食品生鲜,海鲜,4,422.8,1691.22,银行卡,上海市,0,已完成
ORD202509010556306289,USR94211,9/1/2025 5:56,母婴用品,奶粉,2,495.52,991.04,支付宝,福建省,0,已完成
ORD202511201213557038,USR80138,11/20/2025 12:13,美妆个护,口红,1,2603.29,2082.63,支付宝,浙江省,1,待发货
ORD202601240309427208,USR70929,1/24/2026 3:09,服装服饰,牛仔裤,4,114.98,367.94,支付宝,福建省,1,已完成
ORD202509191543142108,USR24302,9/19/2025 15:43,美妆个护,洗面奶,1,2740.98,2740.98,花呗,四川省,0,待发货
ORD202603200447388001,USR21248,3/20/2026 4:47,家居用品,沙发,1,372.72,372.72,支付宝,福建省,0,已完成
ORD202603181651572063,USR33628,3/18/2026 16:51,服装服饰,卫衣,4,1309.23,5236.92,货到付款,北京市,0,已完成
ORD202604010932555797,USR24201,4/1/2026 9:32,食品生鲜,牛奶,4,132.54,530.16,支付宝,河南省,0,已完成
ORD202511220818428713,USR62028,11/22/2025 8:18,食品生鲜,面包,4,419.91,1679.64,花呗,上海市,0,已完成
ORD202508302103553204,USR66769,8/30/2025 21:03,母婴用品,辅食,1,1048.99,839.19,支付宝,福建省,1,已完成
ORD202512250920402999,USR36145,12/25/2025 9:20,服装服饰,羽绒服,2,313.72,627.44,支付宝,山东省,0,已完成
ORD202509012112435496,USR62628,9/1/2025 21:12,数码家电,冰箱,3,4782.44,14347.31,货到付款,福建省,0,已完成
ORD202509290426596393,USR53086,9/29/2025 4:26,服装服饰,羽绒服,3,845.37,2028.89,货到付款,上海市,1,已完成
ORD202604110055149635,USR18450,4/11/2026 0:55,家居用品,沙发,1,1991.11,1991.11,货到付款,山东省,0,已完成
ORD202604011451377779,USR51587,4/1/2026 14:51,数码家电,智能手机,1,7114.27,5691.42,支付宝,广东省,1,已完成
ORD202511300332329595,USR54882,11/30/2025 3:32,运动户外,篮球,2,2106.01,4212.01,货到付款,山东省,0,已完成
ORD202605180139054438,USR89215,5/18/2026 1:39,运动户外,足球,4,1520.42,4865.33,银行卡,山东省,1,已完成
ORD202604210749154425,USR73739,4/21/2026 7:49,运动户外,足球,1,171.12,171.12,微信支付,浙江省,0,已完成
ORD202508150821421953,USR37870,8/15/2025 8:21,食品生鲜,海鲜,5,291.67,1458.36,微信支付,福建省,0,已完成
ORD202510212031342790,USR72419,10/21/2025 20:31,服装服饰,休闲裤,4,834.44,3337.74,货到付款,福建省,0,已完成
ORD202602191016409666,USR24984,2/19/2026 10:16,运动户外,篮球,1,1935.78,1935.78,花呗,湖北省,0,已完成
ORD202601081241382436,USR46487,1/8/2026 12:41,美妆个护,爽肤水,5,573.32,2866.59,货到付款,山东省,0,已完成
ORD202511190239558924,USR69582,11/19/2025 2:39,母婴用品,婴儿床,2,888.61,1421.77,货到付款,河南省,1,已完成
ORD202511270710095705,USR15017,11/27/2025 7:10,美妆个护,洗面奶,5,2953.79,11815.17,支付宝,浙江省,1,已完成
ORD202603261941137996,USR81444,3/26/2026 19:41,运动户外,帐篷,1,1559.0,1559.0,花呗,浙江省,0,已完成
ORD202509181018106185,USR30413,9/18/2025 10:18,母婴用品,纸尿裤,3,1219.42,3658.27,货到付款,浙江省,0,已完成
ORD202603300438305254,USR71599,3/30/2026 4:38,家居用品,窗帘,1,2333.93,1867.14,银行卡,福建省,1,已完成
ORD202510270718329608,USR29072,10/27/2025 7:18,美妆个护,洗发水,3,2255.0,5412.0,微信支付,湖北省,1,已完成
ORD202512130725486797,USR93914,12/13/2025 7:25,服装服饰,羽绒服,2,691.11,1382.22,银行卡,江苏省,0,已完成
ORD202512222016533125,USR37979,12/22/2025 20:16,服装服饰,运动鞋,2,1241.18,1985.88,银行卡,上海市,1,已完成
ORD202511101412069132,USR51967,11/10/2025 14:12,美妆个护,口红,4,2617.66,10470.62,银行卡,广东省,0,已完成
ORD202508022229299514,USR84475,8/2/2025 22:29,运动户外,足球,4,175.69,702.77,花呗,广东省,0,已完成
ORD202604140558419154,USR14105,4/14/2026 5:58,服装服饰,运动鞋,3,899.68,2699.05,花呗,上海市,0,已完成
ORD202508171319039069,USR88784,8/17/2025 13:19,家居用品,拖把,3,688.33,1652.0,花呗,浙江省,1,已完成
ORD202604080416383947,USR59844,4/8/2026 4:16,数码家电,洗衣机,2,3414.74,6829.48,微信支付,四川省,0,已完成
ORD202601211952184812,USR18178,1/21/2026 19:52,运动户外,登山包,5,2138.35,10691.75,支付宝,上海市,0,已完成
ORD202507241758045759,USR57381,7/24/2025 17:58,家居用品,沙发,3,2245.08,6735.24,货到付款,江苏省,0,已完成
ORD202605060058034171,USR66375,5/6/2026 0:58,母婴用品,童装,3,232.95,698.86,货到付款,江苏省,0,已完成
ORD202509060211551025,USR72050,9/6/2025 2:11,家居用品,餐具,5,1547.5,7737.5,支付宝,山东省,0,已完成
ORD202506210621032936,USR37973,6/21/2025 6:21,运动户外,登山包,4,2864.55,11458.22,货到付款,山东省,0,待发货
ORD202602050013181392,USR17088,2/5/2026 0:13,母婴用品,纸尿裤,4,1013.61,4054.43,银行卡,山东省,0,已完成
ORD202512041525468616,USR37720,12/4/2025 15:25,运动户外,健身器材,3,3686.18,11058.54,微信支付,山东省,0,已完成
ORD202605061121372932,USR13007,5/6/2026 11:21,服装服饰,休闲裤,4,798.39,2554.86,货到付款,四川省,1,退款中
ORD202510230356514396,USR99610,10/23/2025 3:56,数码家电,笔记本电脑,4,7587.25,30349.01,微信支付,四川省,0,已完成
ORD202601020841397793,USR65433,1/2/2026 8:41,运动户外,健身器材,4,2460.84,7874.68,支付宝,湖北省,1,已完成
ORD202605292014497783,USR45369,5/29/2026 20:14,运动户外,瑜伽垫,2,2898.95,5797.9,货到付款,广东省,0,已完成
ORD202507102012201745,USR43039,7/10/2025 20:12,服装服饰,羽绒服,1,1659.79,1659.79,微信支付,福建省,0,已完成
ORD202603040644156468,USR93320,3/4/2026 6:44,食品生鲜,零食,3,144.87,434.6,银行卡,四川省,0,已完成
ORD202604251217146728,USR33082,4/25/2026 12:17,服装服饰,卫衣,3,196.64,589.93,银行卡,北京市,0,已完成
ORD202512180837264478,USR20956,12/18/2025 8:37,母婴用品,童装,2,1430.18,2860.36,支付宝,江苏省,0,已完成
ORD202604271326331185,USR28577,4/27/2026 13:26,服装服饰,羽绒服,1,991.87,793.5,花呗,福建省,1,已完成
ORD202507191004514296,USR19077,7/19/2025 10:04,服装服饰,运动鞋,1,1798.18,1438.55,货到付款,江苏省,1,已完成
ORD202509191658475614,USR45901,9/19/2025 16:58,数码家电,平板,2,7870.1,15740.2,银行卡,山东省,0,已完成
ORD202507031346225168,USR63093,7/3/2025 13:46,服装服饰,休闲裤,5,828.26,4141.32,银行卡,四川省,0,待发货
ORD202603240845512111,USR20709,3/24/2026 8:45,运动户外,帐篷,5,2135.65,8542.6,支付宝,福建省,1,已完成
ORD202508020613096042,USR49103,8/2/2025 6:13,数码家电,冰箱,1,3559.72,3559.72,银行卡,浙江省,0,已完成
ORD202509142235575919,USR69168,9/14/2025 22:35,美妆个护,沐浴露,5,993.93,4969.63,货到付款,湖北省,0,已完成
ORD202511221157319301,USR65013,11/22/2025 11:57,食品生鲜,肉类,5,393.03,1572.11,支付宝,北京市,1,已完成
ORD202605181403556307,USR78783,5/18/2026 14:03,数码家电,平板,5,6192.47,24769.87,微信支付,北京市,1,已取消
ORD202512170847391100,USR38063,12/17/2025 8:47,母婴用品,辅食,1,983.36,983.36,支付宝,广东省,0,已完成
ORD202507280523202865,USR97771,7/28/2025 5:23,美妆个护,洗面奶,5,162.64,813.22,货到付款,山东省,0,已完成
ORD202604191755006460,USR44006,4/19/2026 17:55,数码家电,洗衣机,3,2821.69,8465.08,货到付款,北京市,0,已完成
ORD202511172132236592,USR34127,11/17/2025 21:32,数码家电,智能手机,1,2692.27,2153.82,微信支付,河南省,1,已完成
ORD202507061449567488,USR17044,7/6/2025 14:49,食品生鲜,肉类,2,407.43,651.89,支付宝,河南省,1,已完成
ORD202605201431161477,USR22116,5/20/2026 14:31,运动户外,足球,5,529.12,2645.6,货到付款,上海市,0,已完成
ORD202508260532393877,USR66168,8/26/2025 5:32,母婴用品,奶瓶,4,1621.07,5187.41,货到付款,北京市,1,已完成
ORD202604140413334178,USR54829,4/14/2026 4:13,家居用品,沙发,1,2014.17,1611.33,微信支付,福建省,1,待发货
ORD202511230449036415,USR48915,11/23/2025 4:49,家居用品,餐具,2,2202.68,4405.35,花呗,四川省,0,已完成
ORD202605101320496536,USR31565,5/10/2026 13:20,数码家电,无线耳机,3,3741.6,8979.84,支付宝,浙江省,1,已完成
ORD202510141822088849,USR36031,10/14/2025 18:22,服装服饰,衬衫,2,1375.47,2750.93,货到付款,广东省,0,已完成
ORD202605280837378774,USR55780,5/28/2026 8:37,母婴用品,辅食,5,1237.61,6188.03,银行卡,山东省,0,待发货
ORD202506110835031582,USR64932,6/11/2025 8:35,美妆个护,粉底液,4,2313.87,9255.48,微信支付,上海市,0,已完成
ORD202511090307103224,USR73127,11/9/2025 3:07,服装服饰,连衣裙,5,921.2,3684.8,花呗,福建省,1,已完成
ORD202506211623248888,USR72324,6/21/2025 16:23,服装服饰,卫衣,2,972.01,1944.02,花呗,江苏省,0,已完成
ORD202511012313073545,USR80189,11/1/2025 23:13,母婴用品,婴儿车,1,1304.97,1304.97,微信支付,河南省,0,已完成
ORD202512122302438546,USR31061,12/12/2025 23:02,运动户外,登山包,4,629.58,2014.66,花呗,四川省,1,已完成
ORD202510240534259797,USR67250,10/24/2025 5:34,数码家电,平板,4,3771.83,15087.33,货到付款,上海市,0,已完成
ORD202508311336396490,USR56490,8/31/2025 13:36,数码家电,智能手表,2,7789.63,12463.41,花呗,福建省,1,退款中
ORD202510282319448577,USR84752,10/28/2025 23:19,数码家电,洗衣机,5,781.64,3908.21,支付宝,山东省,0,已完成
ORD202507021637047782,USR61005,7/2/2025 16:37,数码家电,无线耳机,2,2870.04,5740.07,银行卡,浙江省,0,已完成
ORD202510241426211917,USR11301,10/24/2025 14:26,家居用品,餐具,4,956.05,3824.19,货到付款,四川省,0,已完成
ORD202508270451109537,USR83519,8/27/2025 4:51,数码家电,冰箱,2,5250.98,8401.57,微信支付,山东省,1,已完成
ORD202506112243375904,USR88266,6/11/2025 22:43,家居用品,拖把,4,335.29,1341.14,银行卡,湖北省,0,已取消
ORD202510021821296169,USR36025,10/2/2025 18:21,家居用品,餐具,5,1893.06,9465.31,货到付款,山东省,0,已完成
ORD202605281155349779,USR20198,5/28/2026 11:55,运动户外,帐篷,1,565.7,452.56,银行卡,山东省,1,已完成
ORD202507091131171306,USR97551,7/9/2025 11:31,数码家电,平板,1,1212.15,1212.15,花呗,浙江省,0,已完成
ORD202604222141234412,USR85823,4/22/2026 21:41,食品生鲜,海鲜,2,366.81,586.9,微信支付,北京市,1,已完成
ORD202603051331356434,USR90807,3/5/2026 13:31,美妆个护,洗面奶,4,992.68,3176.58,微信支付,湖北省,1,已完成
ORD202602081004216793,USR28955,2/8/2026 10:04,服装服饰,运动鞋,1,1955.97,1955.97,支付宝,广东省,0,已完成
ORD202510090507572084,USR52432,10/9/2025 5:07,家居用品,拖把,4,131.31,525.25,花呗,上海市,0,待发货
ORD202604040812073446,USR97040,4/4/2026 8:12,母婴用品,童装,5,917.96,4589.79,支付宝,福建省,0,待发货
ORD202507271716415595,USR51486,7/27/2025 17:16,母婴用品,玩具,2,270.62,541.23,支付宝,福建省,0,已完成
ORD202507241031161510,USR11859,7/24/2025 10:31,美妆个护,洗发水,4,1073.6,3435.51,花呗,江苏省,1,已完成
ORD202506152100416556,USR29727,6/15/2025 21:00,母婴用品,童装,2,1996.53,3194.45,货到付款,广东省,1,已完成
ORD202509200954357147,USR70117,9/20/2025 9:54,食品生鲜,海鲜,4,445.53,1782.13,支付宝,广东省,0,已完成
ORD202605230645079753,USR29331,5/23/2026 6:45,母婴用品,婴儿床,4,144.23,576.93,银行卡,广东省,0,已完成
ORD202604190556183719,USR75463,4/19/2026 5:56,服装服饰,羽绒服,5,1148.35,5741.74,货到付款,广东省,0,已完成
ORD202512011135567382,USR51472,12/1/2025 11:35,服装服饰,T恤,2,1313.25,2626.51,花呗,浙江省,0,已完成
ORD202602260751404070,USR24890,2/26/2026 7:51,家居用品,床上四件套,3,644.41,1933.24,微信支付,北京市,0,已完成
ORD202604191830402914,USR98335,4/19/2026 18:30,数码家电,空气净化器,4,1588.29,6353.17,货到付款,浙江省,0,已完成
ORD202507242138296050,USR63265,7/24/2025 21:38,运动户外,自行车,4,4531.47,18125.87,支付宝,上海市,0,已完成
ORD202603221654436152,USR44446,3/22/2026 16:54,食品生鲜,蔬菜,1,484.72,484.72,银行卡,湖北省,0,已完成
ORD202603020004251518,USR78248,3/2/2026 0:04,家居用品,沙发,2,2975.84,4761.35,花呗,江苏省,1,已完成
ORD202511300425235448,USR10481,11/30/2025 4:25,食品生鲜,肉类,3,396.98,1190.95,微信支付,浙江省,0,已完成
ORD202511220516077780,USR69055,11/22/2025 5:16,数码家电,智能手表,5,5476.27,21905.06,银行卡,上海市,1,已完成
ORD202601252327412422,USR26478,1/25/2026 23:27,母婴用品,婴儿车,3,724.17,2172.52,微信支付,湖北省,0,已完成
ORD202506030056409143,USR93138,6/3/2025 0:56,母婴用品,奶瓶,5,384.23,1536.91,花呗,上海市,1,已完成
ORD202605181912134893,USR68894,5/18/2026 19:12,运动户外,自行车,3,487.0,1461.01,货到付款,北京市,0,待发货
ORD202507011826157088,USR93744,7/1/2025 18:26,数码家电,洗衣机,3,5699.73,13679.35,支付宝,上海市,1,已完成
ORD202506080907448404,USR85809,6/8/2025 9:07,家居用品,垃圾桶,2,2358.48,3773.56,花呗,四川省,1,已完成
ORD202509080923025958,USR22772,9/8/2025 9:23,运动户外,篮球,1,4149.62,4149.62,银行卡,上海市,0,已完成
ORD202508231802524541,USR14782,8/23/2025 18:02,数码家电,空气净化器,3,7353.24,22059.71,货到付款,浙江省,0,已完成
ORD202604210625129603,USR38655,4/21/2026 6:25,美妆个护,洗发水,4,2643.39,8458.85,微信支付,上海市,1,已完成
ORD202507290137255953,USR34596,7/29/2025 1:37,服装服饰,连衣裙,4,1999.5,6398.39,货到付款,浙江省,1,已完成
ORD202512310313343867,USR65073,12/31/2025 3:13,运动户外,跑步鞋,4,1295.91,4146.92,货到付款,湖北省,1,已完成
ORD202603101019102838,USR81576,3/10/2026 10:19,运动户外,登山包,1,3840.21,3072.17,银行卡,四川省,1,已完成
ORD202601231110257131,USR31771,1/23/2026 11:10,家居用品,拖把,3,1767.65,5302.95,支付宝,湖北省,0,已完成
ORD202512222311131612,USR88766,12/22/2025 23:11,食品生鲜,水果,5,138.01,690.05,货到付款,上海市,0,已完成
ORD202511120901134311,USR59487,11/12/2025 9:01,美妆个护,洗面奶,5,2946.26,14731.29,货到付款,广东省,0,已完成
ORD202507140420112517,USR38329,7/14/2025 4:20,家居用品,衣柜,2,2695.74,4313.18,支付宝,江苏省,1,已完成
ORD202603291027118270,USR55624,3/29/2026 10:27,数码家电,无线耳机,1,1463.87,1463.87,支付宝,河南省,0,已完成
ORD202509202118049290,USR37494,9/20/2025 21:18,数码家电,空气净化器,3,696.19,2088.56,微信支付,广东省,0,已完成
ORD202509010658021408,USR35055,9/1/2025 6:58,数码家电,空气净化器,4,5662.48,18119.94,微信支付,四川省,1,已完成
ORD202509252255578907,USR99080,9/25/2025 22:55,数码家电,空气净化器,1,5030.98,4024.78,支付宝,湖北省,1,已完成
ORD202507180742329192,USR85607,7/18/2025 7:42,食品生鲜,饮料,1,468.55,468.55,花呗,四川省,0,已完成
ORD202506191303253524,USR11883,6/19/2025 13:03,美妆个护,沐浴露,3,725.0,2174.99,支付宝,北京市,0,待发货
ORD202509011425024116,USR58530,9/1/2025 14:25,母婴用品,辅食,2,214.56,429.11,微信支付,湖北省,0,已完成
ORD202511110103276572,USR57683,11/11/2025 1:03,服装服饰,运动鞋,2,555.47,1110.94,银行卡,上海市,0,已完成
ORD202602040327428921,USR12122,2/4/2026 3:27,食品生鲜,水果,2,19.27,30.84,银行卡,湖北省,1,已完成
ORD202604050740339579,USR49576,4/5/2026 7:40,食品生鲜,蔬菜,4,27.59,110.35,货到付款,广东省,0,待发货
ORD202601282100546084,USR50234,1/28/2026 21:00,母婴用品,婴儿车,4,1833.97,5868.71,银行卡,江苏省,1,已完成
ORD202511251236276363,USR75809,11/25/2025 12:36,母婴用品,玩具,3,736.43,1767.44,微信支付,上海市,1,已取消
ORD202506250924183347,USR26350,6/25/2025 9:24,服装服饰,T恤,2,851.08,1702.16,银行卡,福建省,0,已完成
ORD202507140116132609,USR75422,7/14/2025 1:16,服装服饰,运动鞋,3,85.82,257.47,花呗,广东省,0,已完成
ORD202604212229419456,USR95054,4/21/2026 22:29,母婴用品,童装,2,577.52,1155.03,支付宝,山东省,0,已完成
ORD202605181234493174,USR69768,5/18/2026 12:34,数码家电,冰箱,1,6535.44,6535.44,支付宝,上海市,0,已完成
ORD202512120244454361,USR64270,12/12/2025 2:44,食品生鲜,牛奶,5,311.59,1557.95,微信支付,上海市,0,已完成
ORD202601181800391598,USR63790,1/18/2026 18:00,家居用品,拖把,5,2266.27,9065.06,货到付款,广东省,1,已完成
ORD202512260423008526,USR56101,12/26/2025 4:23,服装服饰,休闲裤,2,922.07,1844.13,支付宝,北京市,0,已完成
ORD202506070911187350,USR56165,6/7/2025 9:11,服装服饰,牛仔裤,3,653.97,1569.53,银行卡,湖北省,1,已完成
ORD202602011014499558,USR81102,2/1/2026 10:14,母婴用品,玩具,4,991.48,3965.92,花呗,山东省,0,已完成
ORD202512180338592897,USR65816,12/18/2025 3:38,美妆个护,粉底液,2,989.52,1979.04,货到付款,四川省,0,已完成
ORD202601100749501067,USR78572,1/10/2026 7:49,家居用品,衣柜,2,2520.13,4032.21,货到付款,上海市,1,已完成
ORD202509022301366095,USR54017,9/2/2025 23:01,家居用品,茶几,4,907.07,3628.27,货到付款,湖北省,0,已完成
ORD202603070119061721,USR24860,3/7/2026 1:19,服装服饰,T恤,2,1336.54,2673.08,支付宝,河南省,0,退款中
ORD202507261813592426,USR33044,7/26/2025 18:13,数码家电,洗衣机,1,1527.37,1527.37,货到付款,河南省,0,已完成
ORD202509220251066460,USR70138,9/22/2025 2:51,美妆个护,洗发水,4,2069.99,8279.97,微信支付,四川省,0,已完成
ORD202511141647478649,USR66149,11/14/2025 16:47,家居用品,床上四件套,1,2741.63,2193.31,银行卡,浙江省,1,已完成
ORD202506011434501755,USR58905,6/1/2025 14:34,服装服饰,羽绒服,5,1236.74,6183.69,花呗,山东省,0,已完成
ORD202601251826262689,USR33186,1/25/2026 18:26,家居用品,衣柜,4,1688.37,6753.48,银行卡,河南省,0,待发货
ORD202510160029019529,USR82450,10/16/2025 0:29,运动户外,自行车,4,4809.48,19237.92,微信支付,江苏省,0,已完成
ORD202509021013166119,USR87973,9/2/2025 10:13,美妆个护,沐浴露,3,1893.37,4544.08,微信支付,四川省,1,已完成
ORD202601081458161368,USR31319,1/8/2026 14:58,美妆个护,面霜,3,800.86,2402.59,银行卡,广东省,0,已完成
ORD202511091841296114,USR81141,11/9/2025 18:41,运动户外,自行车,4,1532.72,6130.86,支付宝,广东省,0,已完成
ORD202508121753314438,USR67131,8/12/2025 17:53,食品生鲜,饮料,5,355.6,1778.0,微信支付,福建省,0,已完成
ORD202602140023216257,USR60012,2/14/2026 0:23,运动户外,帐篷,2,3703.64,7407.28,货到付款,江苏省,0,已完成
ORD202602151212514285,USR47359,2/15/2026 12:12,母婴用品,辅食,3,641.82,1925.45,花呗,山东省,0,已完成
ORD202507040558474154,USR96455,7/4/2025 5:58,母婴用品,婴儿车,5,723.42,3617.1,花呗,河南省,0,已完成
ORD202512210713465695,USR99165,12/21/2025 7:13,服装服饰,运动鞋,5,1982.56,9912.8,微信支付,浙江省,0,已完成
ORD202510190104145532,USR67343,10/19/2025 1:04,美妆个护,香水,3,332.8,998.4,货到付款,山东省,0,已完成
ORD202506270649019720,USR93113,6/27/2025 6:49,食品生鲜,面包,2,208.28,416.55,银行卡,北京市,0,已完成
ORD202512220713456228,USR47125,12/22/2025 7:13,食品生鲜,海鲜,3,40.6,97.44,花呗,山东省,1,已完成
ORD202512290712418227,USR91313,12/29/2025 7:12,家居用品,茶几,5,2466.81,9867.25,货到付款,广东省,1,已完成
ORD202512150038122927,USR23005,12/15/2025 0:38,家居用品,衣柜,1,295.19,295.19,货到付款,福建省,0,已完成
ORD202604020953395467,USR21484,4/2/2026 9:53,运动户外,帐篷,3,3402.64,10207.91,支付宝,河南省,0,已完成
ORD202512150323073446,USR23606,12/15/2025 3:23,食品生鲜,水果,5,37.68,188.38,微信支付,四川省,0,待发货
ORD202601020504143580,USR21749,1/2/2026 5:04,运动户外,跑步鞋,3,3396.99,8152.78,货到付款,河南省,1,已完成
ORD202506082131465483,USR95147,6/8/2025 21:31,运动户外,自行车,5,4230.88,21154.41,银行卡,湖北省,0,已完成
ORD202510301517332875,USR12153,10/30/2025 15:17,家居用品,沙发,2,1208.49,1933.58,花呗,广东省,1,已完成
ORD202605060402201249,USR90774,5/6/2026 4:02,美妆个护,粉底液,5,1580.72,7903.58,支付宝,福建省,0,已完成
ORD202511301358359422,USR63907,11/30/2025 13:58,运动户外,自行车,4,2067.55,8270.22,银行卡,湖北省,0,已完成
ORD202506172146122677,USR23588,6/17/2025 21:46,数码家电,智能手机,1,2753.67,2202.93,花呗,江苏省,1,已完成
ORD202602022052524384,USR75064,2/2/2026 20:52,美妆个护,洗面奶,5,2415.69,9662.77,微信支付,浙江省,1,已完成
ORD202510290559429888,USR91766,10/29/2025 5:59,食品生鲜,面包,3,143.28,343.88,银行卡,山东省,1,待发货
ORD202510232325496739,USR81399,10/23/2025 23:25,食品生鲜,肉类,3,364.24,1092.73,花呗,北京市,0,已取消
ORD202509071211306218,USR23068,9/7/2025 12:11,运动户外,足球,5,1110.37,5551.83,支付宝,上海市,0,已完成
ORD202603180529435440,USR93037,3/18/2026 5:29,美妆个护,香水,4,772.07,3088.26,花呗,上海市,0,已完成
ORD202506070723183319,USR68209,6/7/2025 7:23,家居用品,垃圾桶,5,1022.65,5113.27,货到付款,四川省,0,已完成
ORD202510171621225641,USR75976,10/17/2025 16:21,家居用品,窗帘,2,1775.69,3551.37,支付宝,福建省,0,已完成
ORD202604030532215011,USR86183,4/3/2026 5:32,母婴用品,辅食,4,936.12,3744.49,银行卡,江苏省,0,待发货
ORD202506270542023806,USR14277,6/27/2025 5:42,食品生鲜,水果,5,375.12,1875.6,微信支付,广东省,0,待发货
ORD202510122147312167,USR97518,10/12/2025 21:47,服装服饰,T恤,1,466.46,466.46,支付宝,北京市,0,退款中
ORD202509021527236101,USR47998,9/2/2025 15:27,母婴用品,婴儿车,4,70.81,226.6,支付宝,四川省,1,待发货
ORD202603121530196549,USR65134,3/12/2026 15:30,家居用品,衣柜,5,2334.14,9336.57,支付宝,江苏省,1,已完成
ORD202602110439249856,USR37770,2/11/2026 4:39,美妆个护,面霜,1,2470.3,2470.3,花呗,浙江省,0,已完成
ORD202601302346458268,USR39213,1/30/2026 23:46,家居用品,窗帘,5,197.25,986.25,货到付款,广东省,0,已取消
ORD202507110613021831,USR69589,7/11/2025 6:13,美妆个护,面霜,2,1844.4,3688.79,微信支付,上海市,0,已完成
ORD202603271454503131,USR82297,3/27/2026 14:54,母婴用品,奶瓶,3,787.5,1890.01,微信支付,浙江省,1,已完成
ORD202601122343551475,USR59948,1/12/2026 23:43,食品生鲜,蔬菜,5,399.01,1995.04,货到付款,四川省,0,待发货
ORD202603131226218712,USR25007,3/13/2026 12:26,家居用品,衣柜,4,2625.76,8402.42,花呗,福建省,1,已完成
ORD202603212045311826,USR35632,3/21/2026 20:45,运动户外,登山包,5,4269.92,17079.67,花呗,湖北省,1,已完成
ORD202510080317532735,USR71548,10/8/2025 3:17,美妆个护,口红,5,2338.3,11691.48,货到付款,福建省,0,已完成
ORD202507221928037284,USR26310,7/22/2025 19:28,食品生鲜,牛奶,5,141.84,709.18,货到付款,广东省,0,已完成
ORD202506180514181881,USR55955,6/18/2025 5:14,服装服饰,衬衫,5,1633.18,6532.74,银行卡,浙江省,1,已完成
ORD202510151939542410,USR70810,10/15/2025 19:39,美妆个护,口红,4,1614.43,6457.72,花呗,山东省,0,已完成
ORD202512300113017987,USR64124,12/30/2025 1:13,母婴用品,婴儿车,4,152.88,611.5,支付宝,福建省,0,已完成
ORD202510101129207421,USR94523,10/10/2025 11:29,服装服饰,休闲裤,5,941.03,3764.12,微信支付,河南省,1,已完成
ORD202604122227073932,USR61879,4/12/2026 22:27,服装服饰,连衣裙,3,1887.21,5661.62,花呗,浙江省,0,已取消
ORD202602051517218304,USR10996,2/5/2026 15:17,数码家电,空气净化器,5,7158.95,28635.78,货到付款,四川省,1,已完成
ORD202508072356566826,USR59105,8/7/2025 23:56,家居用品,茶几,4,324.75,1039.19,支付宝,福建省,1,待发货
ORD202604191144116119,USR39351,4/19/2026 11:44,美妆个护,粉底液,2,2240.06,3584.09,银行卡,湖北省,1,已完成
ORD202603301408076444,USR76527,3/30/2026 14:08,服装服饰,连衣裙,5,1621.3,8106.48,银行卡,四川省,0,已完成
ORD202602212142144246,USR47172,2/21/2026 21:42,数码家电,智能手表,5,2535.41,12677.06,支付宝,湖北省,0,已完成
ORD202511281035579740,USR45076,11/28/2025 10:35,母婴用品,玩具,5,969.64,4848.18,支付宝,山东省,0,已完成
ORD202602260129512286,USR96334,2/26/2026 1:29,食品生鲜,蔬菜,5,358.38,1433.54,货到付款,河南省,1,已完成
ORD202512032014018629,USR44668,12/3/2025 20:14,运动户外,跑步鞋,1,2251.3,1801.04,货到付款,山东省,1,已完成
ORD202602010812173159,USR50291,2/1/2026 8:12,运动户外,帐篷,5,652.7,3263.52,微信支付,河南省,0,已完成
ORD202508101857142522,USR64357,8/10/2025 18:57,美妆个护,口红,4,2126.47,8505.88,微信支付,江苏省,0,已完成
ORD202604120342238672,USR98250,4/12/2026 3:42,服装服饰,羽绒服,4,1827.7,7310.78,银行卡,上海市,0,已完成
ORD202507230855012593,USR41661,7/23/2025 8:55,运动户外,自行车,1,3297.18,2637.74,支付宝,湖北省,1,已完成
ORD202506251208228464,USR10544,6/25/2025 12:08,家居用品,窗帘,5,2325.93,9303.7,银行卡,江苏省,1,已完成
ORD202603060201256085,USR64336,3/6/2026 2:01,运动户外,登山包,3,1855.98,4454.34,货到付款,浙江省,1,已完成
ORD202603291037078625,USR14282,3/29/2026 10:37,运动户外,帐篷,5,997.67,3990.69,花呗,河南省,1,待发货
ORD202511251752588709,USR12035,11/25/2025 17:52,运动户外,篮球,4,3249.59,10398.69,货到付款,山东省,1,已完成
ORD202506150842504796,USR13440,6/15/2025 8:42,数码家电,无线耳机,2,2958.28,4733.25,花呗,江苏省,1,已完成
ORD202509222304584666,USR30103,9/22/2025 23:04,服装服饰,卫衣,2,1727.14,3454.29,支付宝,山东省,0,已完成
ORD202508180657513354,USR59074,8/18/2025 6:57,家居用品,衣柜,3,385.43,1156.29,支付宝,河南省,0,已完成
ORD202506180018145227,USR78021,6/18/2025 0:18,服装服饰,卫衣,5,895.25,3581.02,支付宝,山东省,1,已完成
ORD202604040540206954,USR88636,4/4/2026 5:40,美妆个护,爽肤水,1,1208.28,1208.28,微信支付,广东省,0,已完成
ORD202508171111367423,USR51611,8/17/2025 11:11,美妆个护,爽肤水,5,2816.02,14080.1,微信支付,广东省,0,已完成
ORD202605110009534004,USR53920,5/11/2026 0:09,美妆个护,沐浴露,3,484.81,1454.43,花呗,湖北省,0,待发货
ORD202506170635306412,USR32336,6/17/2025 6:35,母婴用品,婴儿车,3,69.2,207.6,银行卡,山东省,0,已取消
ORD202510011333586320,USR84997,10/1/2025 13:33,运动户外,瑜伽垫,3,1266.62,3799.85,银行卡,浙江省,0,待发货
ORD202605291138538426,USR66363,5/29/2026 11:38,母婴用品,婴儿床,2,1649.54,3299.08,花呗,广东省,0,已完成
ORD202509291007008987,USR41697,9/29/2025 10:07,数码家电,无线耳机,5,2069.91,10349.57,微信支付,浙江省,0,待发货
ORD202512180343231495,USR82841,12/18/2025 3:43,美妆个护,粉底液,5,745.41,3727.04,货到付款,四川省,0,已完成
ORD202511021543012070,USR61296,11/2/2025 15:43,家居用品,衣柜,1,407.1,407.1,花呗,北京市,0,已完成
ORD202604131608078787,USR35252,4/13/2026 16:08,服装服饰,T恤,3,1445.1,3468.24,银行卡,河南省,1,已完成
ORD202512282124462849,USR90775,12/28/2025 21:24,运动户外,足球,3,438.95,1316.86,花呗,河南省,0,已完成
ORD202512012024206758,USR94467,12/1/2025 20:24,食品生鲜,海鲜,4,172.29,689.17,花呗,浙江省,0,已完成
ORD202509070903198842,USR61552,9/7/2025 9:03,家居用品,茶几,4,861.85,3447.38,支付宝,上海市,0,已完成
ORD202506150519498556,USR16760,6/15/2025 5:19,运动户外,健身器材,2,2820.28,5640.57,微信支付,浙江省,0,已完成
ORD202603201310483798,USR85740,3/20/2026 13:10,母婴用品,婴儿床,5,1474.31,7371.56,支付宝,河南省,0,已完成
ORD202602070532585624,USR66243,2/7/2026 5:32,母婴用品,婴儿车,1,1089.11,871.29,微信支付,北京市,1,已完成
ORD202508140512476711,USR26891,8/14/2025 5:12,家居用品,衣柜,1,2794.46,2235.57,花呗,广东省,1,已完成
ORD202509200244483087,USR93397,9/20/2025 2:44,母婴用品,婴儿床,3,1905.31,5715.94,微信支付,浙江省,0,已完成
ORD202510171514259322,USR61172,10/17/2025 15:14,美妆个护,洗发水,1,1103.55,1103.55,银行卡,山东省,0,待发货
ORD202605011942482686,USR32769,5/1/2026 19:42,数码家电,冰箱,3,6332.6,18997.81,支付宝,上海市,0,已完成
ORD202603310558157646,USR62837,3/31/2026 5:58,服装服饰,休闲裤,5,1490.66,5962.65,花呗,河南省,1,已完成
ORD202506191333572752,USR51697,6/19/2025 13:33,数码家电,无线耳机,1,7197.23,5757.79,银行卡,浙江省,1,已完成
ORD202605030549296339,USR77800,5/3/2026 5:49,运动户外,瑜伽垫,3,2294.92,6884.77,微信支付,浙江省,0,待发货
ORD202602101551332162,USR30767,2/10/2026 15:51,服装服饰,牛仔裤,5,1084.42,5422.11,微信支付,山东省,0,已完成
ORD202510072145445949,USR67331,10/7/2025 21:45,服装服饰,连衣裙,5,860.76,3443.04,银行卡,四川省,1,已完成
ORD202509150233489728,USR40273,9/15/2025 2:33,数码家电,无线耳机,3,6877.83,16506.78,微信支付,广东省,1,待发货
ORD202507190811288552,USR23051,7/19/2025 8:11,家居用品,餐具,3,704.51,2113.54,支付宝,北京市,0,已完成
ORD202604071024407566,USR26558,4/7/2026 10:24,服装服饰,牛仔裤,2,517.43,827.89,货到付款,广东省,1,已完成
ORD202510212211147773,USR76093,10/21/2025 22:11,数码家电,无线耳机,5,3294.54,16472.69,微信支付,山东省,0,已完成
ORD202511171640554908,USR25515,11/17/2025 16:40,服装服饰,连衣裙,3,499.17,1497.51,花呗,河南省,0,已完成
ORD202605121036544992,USR92764,5/12/2026 10:36,食品生鲜,海鲜,5,284.89,1139.57,微信支付,山东省,1,已完成
ORD202511030828239977,USR85619,11/3/2025 8:28,家居用品,餐具,1,420.78,420.78,花呗,湖北省,0,已完成
ORD202603161607473605,USR61381,3/16/2026 16:07,美妆个护,香水,4,980.95,3139.05,微信支付,江苏省,1,已完成
ORD202511181838328903,USR92223,11/18/2025 18:38,服装服饰,羽绒服,4,1831.22,7324.87,微信支付,四川省,0,已取消
ORD202605141037327288,USR44108,5/14/2026 10:37,食品生鲜,零食,3,210.52,631.56,花呗,江苏省,0,已完成
ORD202510290347252082,USR82470,10/29/2025 3:47,美妆个护,洗面奶,3,2252.25,6756.76,支付宝,河南省,0,已完成
ORD202510101603016582,USR30847,10/10/2025 16:03,美妆个护,爽肤水,5,366.98,1834.91,货到付款,北京市,0,已完成
ORD202508121315454411,USR52258,8/12/2025 13:15,运动户外,足球,3,1313.07,3939.2,货到付款,广东省,0,已完成
ORD202512101656578063,USR36707,12/10/2025 16:56,服装服饰,T恤,5,1624.32,6497.3,支付宝,上海市,1,已完成
ORD202602241832458132,USR22223,2/24/2026 18:32,数码家电,无线耳机,3,6222.45,18667.34,微信支付,湖北省,0,已完成
ORD202512110515146606,USR22224,12/11/2025 5:15,服装服饰,卫衣,5,803.0,3212.02,货到付款,四川省,1,已完成
ORD202510211555179921,USR13360,10/21/2025 15:55,食品生鲜,海鲜,3,477.65,1432.96,支付宝,江苏省,0,已完成
ORD202605252311524869,USR67333,5/25/2026 23:11,美妆个护,面霜,2,2734.61,4375.38,支付宝,浙江省,1,已完成
ORD202604061517223835,USR11512,4/6/2026 15:17,服装服饰,羽绒服,5,1926.49,9632.43,货到付款,湖北省,0,已完成
ORD202512191600062276,USR92430,12/19/2025 16:00,数码家电,空气净化器,2,3709.36,7418.72,花呗,广东省,0,已完成
ORD202509121401018972,USR87763,9/12/2025 14:01,运动户外,自行车,2,1067.62,2135.24,银行卡,湖北省,0,已完成
ORD202604080314292873,USR30060,4/8/2026 3:14,服装服饰,卫衣,2,1271.98,2543.97,花呗,河南省,0,已完成
ORD202507030159428584,USR13646,7/3/2025 1:59,家居用品,拖把,2,2060.62,4121.25,微信支付,浙江省,0,已完成
ORD202603100853206330,USR91015,3/10/2026 8:53,运动户外,篮球,1,714.66,714.66,花呗,北京市,0,已完成
ORD202511122037252599,USR81260,11/12/2025 20:37,数码家电,冰箱,4,6398.62,20475.59,银行卡,浙江省,1,已完成
ORD202507011539108294,USR20324,7/1/2025 15:39,食品生鲜,肉类,1,18.85,15.08,银行卡,北京市,1,已完成
ORD202511150532583886,USR84946,11/15/2025 5:32,美妆个护,口红,3,1463.7,3512.89,支付宝,河南省,1,待发货
ORD202601202316186046,USR60122,1/20/2026 23:16,服装服饰,T恤,3,695.48,2086.45,微信支付,北京市,0,已完成
ORD202604160846347648,USR13314,4/16/2026 8:46,数码家电,平板,4,6052.27,19367.27,支付宝,浙江省,1,已完成
ORD202508100158342140,USR27111,8/10/2025 1:58,运动户外,瑜伽垫,4,1632.53,5224.09,花呗,北京市,1,已完成
ORD202512292011232781,USR69468,12/29/2025 20:11,家居用品,餐具,4,2483.89,9935.54,花呗,福建省,0,已完成
ORD202509230206057208,USR93160,9/23/2025 2:06,数码家电,空气净化器,2,4962.15,9924.3,货到付款,山东省,0,已完成
ORD202510031754276364,USR92772,10/3/2025 17:54,母婴用品,奶瓶,1,1598.09,1598.09,支付宝,北京市,0,已完成
ORD202507102016549098,USR56939,7/10/2025 20:16,家居用品,茶几,3,2968.24,8904.71,支付宝,浙江省,0,已完成
ORD202507020217462007,USR34452,7/2/2025 2:17,运动户外,篮球,1,3427.88,3427.88,支付宝,山东省,0,已完成
ORD202510060826062483,USR41420,10/6/2025 8:26,食品生鲜,肉类,1,492.63,492.63,支付宝,山东省,0,已完成
ORD202602121612494565,USR95527,2/12/2026 16:12,美妆个护,粉底液,1,115.64,92.52,银行卡,浙江省,1,已完成
ORD202509231933503276,USR39065,9/23/2025 19:33,运动户外,帐篷,4,1756.89,7027.54,货到付款,上海市,0,已完成
ORD202509280044541003,USR48918,9/28/2025 0:44,食品生鲜,肉类,4,62.85,251.39,微信支付,河南省,0,已完成
ORD202511210414103403,USR35405,11/21/2025 4:14,服装服饰,卫衣,3,561.49,1347.59,微信支付,广东省,1,已完成
ORD202601210050263444,USR80178,1/21/2026 0:50,数码家电,洗衣机,3,6791.66,16299.98,微信支付,广东省,1,已完成
ORD202603061706118421,USR42145,3/6/2026 17:06,母婴用品,奶粉,3,113.03,271.27,银行卡,山东省,1,已取消
ORD202511131141229704,USR59559,11/13/2025 11:41,家居用品,窗帘,1,1570.15,1570.15,货到付款,河南省,0,待发货
ORD202508041714305775,USR44141,8/4/2025 17:14,家居用品,床上四件套,4,1710.04,6840.17,货到付款,北京市,0,已完成
ORD202602232104267389,USR96410,2/23/2026 21:04,数码家电,智能手表,2,4708.63,9417.27,银行卡,福建省,0,已完成
ORD202511200931338326,USR16782,11/20/2025 9:31,母婴用品,童装,1,976.83,976.83,支付宝,四川省,0,已完成
ORD202510151239194205,USR46040,10/15/2025 12:39,数码家电,空气净化器,5,6429.52,32147.61,花呗,上海市,0,已完成
ORD202511211533014369,USR20874,11/21/2025 15:33,服装服饰,T恤,1,310.41,310.41,支付宝,江苏省,0,已完成
ORD202506171046436187,USR28844,6/17/2025 10:46,食品生鲜,蔬菜,4,162.18,518.98,微信支付,河南省,1,已完成
ORD202603100624045910,USR92239,3/10/2026 6:24,运动户外,帐篷,5,3117.06,15585.29,支付宝,上海市,0,已完成
ORD202605042120035989,USR13033,5/4/2026 21:20,家居用品,衣柜,1,2079.04,2079.04,银行卡,广东省,0,已完成
ORD202605210047428122,USR93674,5/21/2026 0:47,服装服饰,连衣裙,4,838.09,3352.36,微信支付,四川省,0,已完成
ORD202510152205276640,USR85937,10/15/2025 22:05,食品生鲜,海鲜,4,438.93,1404.58,花呗,北京市,1,已完成
ORD202601251849522462,USR23555,1/25/2026 18:49,服装服饰,T恤,2,860.21,1720.42,微信支付,四川省,0,已完成
ORD202511162156211133,USR24540,11/16/2025 21:56,母婴用品,婴儿床,1,835.41,835.41,支付宝,四川省,0,已完成
ORD202509151502299362,USR70178,9/15/2025 15:02,家居用品,餐具,4,127.9,511.59,货到付款,北京市,0,已完成
ORD202602040817097622,USR88105,2/4/2026 8:17,运动户外,瑜伽垫,3,2800.59,8401.78,货到付款,四川省,0,已完成
ORD202604040906283089,USR26080,4/4/2026 9:06,数码家电,无线耳机,4,5815.11,23260.43,货到付款,河南省,0,已完成
ORD202506230636575819,USR24034,6/23/2025 6:36,数码家电,平板,2,1358.29,2716.57,微信支付,江苏省,0,已完成
ORD202506300326032022,USR28590,6/30/2025 3:26,食品生鲜,零食,4,159.66,638.65,货到付款,上海市,0,已完成
ORD202602161553147049,USR47022,2/16/2026 15:53,运动户外,跑步鞋,1,3928.16,3142.53,银行卡,河南省,1,已完成
ORD202602031402519992,USR44340,2/3/2026 14:02,美妆个护,洗发水,1,1116.78,1116.78,花呗,上海市,0,已完成
ORD202511051809131870,USR33675,11/5/2025 18:09,母婴用品,玩具,5,521.12,2084.5,货到付款,山东省,1,已完成
ORD202510200218181013,USR22160,10/20/2025 2:18,食品生鲜,饮料,1,339.38,339.38,银行卡,浙江省,0,已完成
ORD202512170618296885,USR20142,12/17/2025 6:18,美妆个护,爽肤水,5,614.37,3071.87,银行卡,浙江省,0,已完成
ORD202604080245202797,USR74781,4/8/2026 2:45,服装服饰,羽绒服,3,1796.52,5389.57,微信支付,江苏省,0,已完成
ORD202603190533205623,USR57369,3/19/2026 5:33,母婴用品,婴儿车,2,255.92,511.83,微信支付,福建省,0,已完成
ORD202602192033571510,USR37259,2/19/2026 20:33,服装服饰,衬衫,3,1427.77,4283.32,花呗,河南省,0,已完成
ORD202508020311034854,USR61222,8/2/2025 3:11,运动户外,跑步鞋,5,2547.79,12738.94,花呗,江苏省,0,已完成
ORD202506130215058073,USR23195,6/13/2025 2:15,家居用品,沙发,4,2612.39,8359.65,支付宝,江苏省,1,已完成
ORD202507261048037459,USR74361,7/26/2025 10:48,母婴用品,奶粉,4,296.08,947.46,花呗,上海市,1,已完成
ORD202604261410166212,USR12877,4/26/2026 14:10,美妆个护,香水,3,2043.35,4904.03,微信支付,福建省,1,已完成
ORD202601222259237271,USR64230,1/22/2026 22:59,家居用品,窗帘,4,1724.72,6898.89,银行卡,山东省,0,已完成
ORD202602190814467652,USR19643,2/19/2026 8:14,数码家电,无线耳机,5,4100.68,20503.38,支付宝,广东省,0,已完成
ORD202603311021197251,USR73768,3/31/2026 10:21,美妆个护,洗面奶,2,1489.48,2978.96,花呗,山东省,0,已完成
ORD202511180404008130,USR92009,11/18/2025 4:04,食品生鲜,蔬菜,1,363.77,363.77,银行卡,四川省,0,已完成
ORD202506141220599931,USR20002,6/14/2025 12:20,数码家电,空气净化器,5,7533.06,37665.31,微信支付,四川省,0,退款中
ORD202507200032564460,USR37563,7/20/2025 0:32,数码家电,空气净化器,5,1184.39,5921.94,货到付款,山东省,0,待发货
ORD202506270239373841,USR65038,6/27/2025 2:39,食品生鲜,水果,1,19.56,15.65,支付宝,山东省,1,已完成
ORD202508311538108780,USR59185,8/31/2025 15:38,母婴用品,童装,1,1621.12,1621.12,银行卡,江苏省,0,已完成
ORD202603300817213278,USR51102,3/30/2026 8:17,数码家电,平板,2,1311.27,2622.54,微信支付,浙江省,0,已完成
ORD202602061321134083,USR93040,2/6/2026 13:21,运动户外,跑步鞋,2,4934.81,9869.63,微信支付,河南省,0,已完成
ORD202510210625437301,USR69097,10/21/2025 6:25,美妆个护,面霜,2,1869.46,3738.93,支付宝,四川省,0,已完成
ORD202510191529176902,USR31116,10/19/2025 15:29,家居用品,垃圾桶,4,1959.58,6270.66,支付宝,福建省,1,已完成
ORD202510271627417835,USR33567,10/27/2025 16:27,数码家电,空气净化器,5,1991.69,9958.44,花呗,山东省,0,已完成
ORD202601070706113527,USR49158,1/7/2026 7:06,美妆个护,香水,1,743.73,594.98,花呗,北京市,1,已完成
ORD202506131351115726,USR11329,6/13/2025 13:51,服装服饰,羽绒服,5,1335.73,6678.67,支付宝,上海市,0,已完成
ORD202601212353333056,USR33419,1/21/2026 23:53,美妆个护,粉底液,5,2731.89,13659.44,支付宝,广东省,0,已完成
ORD202507301408503200,USR96463,7/30/2025 14:08,家居用品,窗帘,2,2947.52,4716.04,银行卡,湖北省,1,已完成
ORD202602191719011190,USR84356,2/19/2026 17:19,美妆个护,洗发水,2,618.15,1236.3,花呗,福建省,0,已完成
ORD202511221734562175,USR92734,11/22/2025 17:34,食品生鲜,零食,5,75.72,378.59,微信支付,上海市,0,已完成
ORD202510230138231257,USR89515,10/23/2025 1:38,家居用品,垃圾桶,2,188.08,376.15,花呗,浙江省,0,已取消
ORD202510231124573359,USR14122,10/23/2025 11:24,母婴用品,奶粉,4,1743.18,6972.72,花呗,上海市,0,退款中
ORD202511200948508974,USR25362,11/20/2025 9:48,服装服饰,连衣裙,1,624.69,499.76,支付宝,北京市,1,已完成
ORD202603240827468155,USR54932,3/24/2026 8:27,食品生鲜,零食,5,10.89,43.55,支付宝,浙江省,1,已完成
ORD202506302037263224,USR55453,6/30/2025 20:37,母婴用品,纸尿裤,1,486.45,389.16,花呗,河南省,1,已完成
ORD202601092120192387,USR73427,1/9/2026 21:20,美妆个护,面霜,4,1041.11,4164.44,货到付款,江苏省,0,已完成
ORD202507241124413248,USR90478,7/24/2025 11:24,家居用品,拖把,2,2973.14,5946.28,货到付款,四川省,0,已完成
ORD202512231455257813,USR88642,12/23/2025 14:55,服装服饰,运动鞋,3,1070.91,3212.72,花呗,上海市,0,已完成
ORD202510211213178471,USR81628,10/21/2025 12:13,食品生鲜,海鲜,4,110.31,352.99,货到付款,北京市,1,已完成
ORD202511021356467974,USR10657,11/2/2025 13:56,母婴用品,童装,3,702.9,1686.95,花呗,江苏省,1,已完成
ORD202510010217043945,USR30760,10/1/2025 2:17,母婴用品,奶瓶,1,694.1,694.1,支付宝,北京市,0,已完成
ORD202602080620418444,USR78386,2/8/2026 6:20,服装服饰,牛仔裤,5,88.47,442.33,支付宝,湖北省,0,已完成
ORD202509170534369346,USR43357,9/17/2025 5:34,运动户外,帐篷,2,762.4,1524.79,支付宝,浙江省,0,退款中
ORD202509052232577948,USR25937,9/5/2025 22:32,美妆个护,沐浴露,4,2094.73,8378.93,微信支付,河南省,0,已完成
ORD202507150125038373,USR35276,7/15/2025 1:25,服装服饰,衬衫,2,284.49,568.98,支付宝,福建省,0,待发货
ORD202506110131477303,USR89444,6/11/2025 1:31,母婴用品,奶粉,3,499.93,1499.8,支付宝,四川省,0,已完成
ORD202603131659126821,USR13873,3/13/2026 16:59,数码家电,笔记本电脑,3,3130.53,9391.59,花呗,江苏省,0,待发货
ORD202508120605364698,USR80248,8/12/2025 6:05,食品生鲜,饮料,5,381.29,1525.16,货到付款,上海市,1,已完成
ORD202512111925364044,USR13019,12/11/2025 19:25,服装服饰,休闲裤,3,1185.68,2845.64,货到付款,福建省,1,已完成
ORD202512190144087959,USR77894,12/19/2025 1:44,运动户外,跑步鞋,5,3476.1,13904.4,支付宝,浙江省,1,已完成
ORD202510290659011121,USR77075,10/29/2025 6:59,母婴用品,纸尿裤,4,1155.67,4622.7,支付宝,福建省,0,已完成
ORD202605211849599161,USR29968,5/21/2026 18:49,美妆个护,洗面奶,5,2060.27,10301.35,支付宝,湖北省,0,退款中
ORD202601050310084878,USR38351,1/5/2026 3:10,母婴用品,奶粉,3,55.54,166.63,花呗,江苏省,0,已完成
ORD202507161736439220,USR57826,7/16/2025 17:36,美妆个护,爽肤水,1,2794.77,2794.77,花呗,湖北省,0,已完成
ORD202509101556075411,USR25045,9/10/2025 15:56,服装服饰,牛仔裤,5,266.29,1331.47,花呗,河南省,0,已完成
ORD202603282311337731,USR38437,3/28/2026 23:11,美妆个护,洗面奶,2,1236.56,1978.5,货到付款,山东省,1,待发货
ORD202509100204359948,USR13866,9/10/2025 2:04,家居用品,拖把,1,2317.69,2317.69,微信支付,江苏省,0,已完成
ORD202603011006287012,USR52931,3/1/2026 10:06,家居用品,垃圾桶,5,1316.99,5267.95,货到付款,河南省,1,已完成
ORD202511210734001548,USR28161,11/21/2025 7:34,家居用品,窗帘,2,2841.59,4546.55,花呗,江苏省,1,已完成
ORD202508230756281620,USR38804,8/23/2025 7:56,运动户外,瑜伽垫,1,2391.19,1912.95,银行卡,山东省,1,已完成
ORD202601241506318917,USR20937,1/24/2026 15:06,运动户外,帐篷,5,4387.2,17548.81,微信支付,四川省,1,已完成
ORD202509192146097038,USR26591,9/19/2025 21:46,数码家电,无线耳机,4,6581.21,26324.84,支付宝,北京市,0,已完成
ORD202602251222062854,USR45073,2/25/2026 12:22,运动户外,足球,2,4906.83,7850.93,货到付款,江苏省,1,已完成
ORD202605222212098889,USR45870,5/22/2026 22:12,服装服饰,T恤,4,1856.77,7427.07,微信支付,山东省,0,已完成
ORD202512081819032311,USR73120,12/8/2025 18:19,母婴用品,奶粉,3,1801.34,4323.22,银行卡,四川省,1,已完成
ORD202508171747503327,USR36114,8/17/2025 17:47,母婴用品,奶瓶,5,1476.63,7383.14,微信支付,福建省,0,已完成
ORD202507181503499624,USR22054,7/18/2025 15:03,数码家电,智能手表,5,3252.49,16262.43,货到付款,江苏省,0,已完成
ORD202507231704495578,USR55685,7/23/2025 17:04,运动户外,足球,2,620.01,1240.03,花呗,北京市,0,已完成
ORD202604280455018617,USR82285,4/28/2026 4:55,美妆个护,爽肤水,5,2075.28,10376.38,支付宝,湖北省,0,已完成
ORD202506291812549469,USR95449,6/29/2025 18:12,数码家电,平板,3,7839.91,23519.72,花呗,福建省,0,已完成
ORD202511231320352281,USR48577,11/23/2025 13:20,美妆个护,洗面奶,5,2188.02,10940.08,花呗,福建省,0,已完成
ORD202508070116269574,USR71216,8/7/2025 1:16,美妆个护,口红,1,2788.33,2230.66,货到付款,江苏省,1,已完成
ORD202605160017442449,USR74985,5/16/2026 0:17,食品生鲜,水果,4,404.11,1616.44,花呗,浙江省,0,已完成
ORD202603050105215017,USR67155,3/5/2026 1:05,母婴用品,童装,3,368.07,1104.22,花呗,四川省,0,已完成
ORD202511202044138740,USR77194,11/20/2025 20:44,家居用品,沙发,3,762.63,2287.88,货到付款,河南省,0,已完成
ORD202507050216082279,USR62421,7/5/2025 2:16,运动户外,足球,4,1775.14,7100.57,货到付款,湖北省,0,已完成
ORD202604111831509834,USR35304,4/11/2026 18:31,美妆个护,洗面奶,4,529.73,2118.93,银行卡,上海市,0,已完成
ORD202602202002286119,USR42780,2/20/2026 20:02,食品生鲜,饮料,3,295.01,708.02,花呗,江苏省,1,已完成
ORD202604250849441864,USR32670,4/25/2026 8:49,母婴用品,童装,4,1952.13,7808.51,微信支付,福建省,0,已完成
ORD202510030246266628,USR35936,10/3/2025 2:46,家居用品,沙发,2,2289.15,4578.29,支付宝,北京市,0,已完成
ORD202602150843049765,USR46842,2/15/2026 8:43,美妆个护,洗面奶,4,1287.46,5149.83,支付宝,广东省,0,已完成
ORD202510132214181176,USR61488,10/13/2025 22:14,美妆个护,粉底液,1,43.38,43.38,货到付款,北京市,0,待发货
ORD202603031323488681,USR23486,3/3/2026 13:23,数码家电,无线耳机,1,2849.57,2849.57,货到付款,江苏省,0,已完成
ORD202506260516338438,USR86499,6/26/2025 5:16,数码家电,洗衣机,2,4450.69,7121.11,银行卡,广东省,1,已完成
ORD202512311420419399,USR87015,12/31/2025 14:20,母婴用品,玩具,4,682.29,2729.16,花呗,江苏省,0,已完成
ORD202512281324128687,USR50840,12/28/2025 13:24,家居用品,垃圾桶,1,350.88,350.88,货到付款,北京市,0,已完成
ORD202509211822216431,USR31712,9/21/2025 18:22,美妆个护,面霜,5,1345.01,6725.06,货到付款,北京市,0,已完成
ORD202605130348487897,USR36978,5/13/2026 3:48,母婴用品,奶瓶,4,543.84,2175.37,支付宝,福建省,0,已完成
ORD202509251147556782,USR73941,9/25/2025 11:47,母婴用品,纸尿裤,2,1823.0,2916.81,花呗,四川省,1,已完成
ORD202604271516105827,USR66815,4/27/2026 15:16,服装服饰,羽绒服,4,248.42,993.69,银行卡,广东省,0,已完成
ORD202508010403195738,USR68478,8/1/2025 4:03,运动户外,篮球,3,340.85,1022.54,货到付款,河南省,0,已完成
ORD202603041032303744,USR65540,3/4/2026 10:32,数码家电,无线耳机,3,539.86,1295.66,货到付款,北京市,1,退款中
ORD202603031336491578,USR88162,3/3/2026 13:36,家居用品,茶几,1,997.65,997.65,货到付款,江苏省,0,已完成
ORD202605270317255981,USR45608,5/27/2026 3:17,美妆个护,沐浴露,3,1991.35,4779.24,支付宝,上海市,1,已完成
ORD202602272230595267,USR51779,2/27/2026 22:30,母婴用品,童装,2,1474.31,2948.61,货到付款,江苏省,0,已完成
ORD202602031547422006,USR91646,2/3/2026 15:47,美妆个护,洗面奶,1,1376.19,1376.19,货到付款,四川省,0,已完成
ORD202508071438448752,USR24097,8/7/2025 14:38,服装服饰,牛仔裤,2,1384.44,2215.11,支付宝,上海市,1,已完成
ORD202604050547113770,USR89599,4/5/2026 5:47,家居用品,衣柜,2,1092.54,1748.07,货到付款,江苏省,1,待发货
ORD202510190921041845,USR60206,10/19/2025 9:21,母婴用品,奶瓶,3,1352.22,4056.67,花呗,浙江省,0,已完成
ORD202512151356505780,USR66270,12/15/2025 13:56,美妆个护,粉底液,3,150.57,361.37,花呗,江苏省,1,已完成
ORD202508270205001447,USR36177,8/27/2025 2:05,数码家电,洗衣机,2,3430.65,6861.29,支付宝,河南省,0,已完成
ORD202507180310485699,USR84336,7/18/2025 3:10,运动户外,篮球,3,3975.16,11925.49,花呗,山东省,0,已完成
ORD202508180116228942,USR56257,8/18/2025 1:16,服装服饰,衬衫,3,1615.86,4847.59,银行卡,福建省,0,已完成
ORD202604041435132351,USR59015,4/4/2026 14:35,家居用品,茶几,3,2154.12,6462.37,货到付款,北京市,0,已完成
ORD202507242225343077,USR92929,7/24/2025 22:25,服装服饰,连衣裙,4,448.27,1434.45,银行卡,四川省,1,已取消
ORD202508312232289283,USR18423,8/31/2025 22:32,数码家电,冰箱,2,2354.04,4708.08,花呗,广东省,0,已完成
ORD202604032248392259,USR68904,4/3/2026 22:48,家居用品,衣柜,5,2988.34,14941.72,支付宝,江苏省,0,退款中
ORD202512092037055552,USR31921,12/9/2025 20:37,服装服饰,运动鞋,2,251.59,402.54,支付宝,浙江省,1,已完成
ORD202506110459055129,USR14424,6/11/2025 4:59,食品生鲜,牛奶,1,98.52,98.52,银行卡,浙江省,0,已完成
ORD202510190347573171,USR77024,10/19/2025 3:47,数码家电,冰箱,3,1475.2,4425.59,花呗,广东省,0,已完成
ORD202601020351145603,USR43169,1/2/2026 3:51,数码家电,洗衣机,3,2957.41,8872.24,货到付款,北京市,0,已完成
ORD202601090600435509,USR86922,1/9/2026 6:00,数码家电,空气净化器,5,2076.32,10381.59,花呗,北京市,0,已完成
ORD202510220630045209,USR63714,10/22/2025 6:30,食品生鲜,面包,1,253.87,203.09,花呗,江苏省,1,已完成
ORD202511291232171232,USR48466,11/29/2025 12:32,食品生鲜,海鲜,4,243.25,973.0,支付宝,湖北省,0,待发货
ORD202604090240122827,USR89152,4/9/2026 2:40,美妆个护,洗发水,2,2707.47,5414.94,微信支付,山东省,0,已完成
ORD202601010543193860,USR94554,1/1/2026 5:43,母婴用品,奶粉,4,117.74,376.78,货到付款,福建省,1,已完成
ORD202507210933193476,USR79533,7/21/2025 9:33,运动户外,足球,1,1667.41,1667.41,货到付款,山东省,0,待发货
ORD202601241546198317,USR56170,1/24/2026 15:46,服装服饰,休闲裤,5,1213.48,6067.41,支付宝,福建省,0,已取消
ORD202605100946277058,USR62206,5/10/2026 9:46,美妆个护,香水,1,1826.26,1461.01,花呗,山东省,1,已完成
ORD202507041135113873,USR13924,7/4/2025 11:35,服装服饰,休闲裤,5,986.25,4931.23,支付宝,浙江省,0,已完成
ORD202506261249005280,USR25027,6/26/2025 12:49,运动户外,篮球,4,4096.76,16387.04,花呗,福建省,0,已完成
ORD202509290247544869,USR33580,9/29/2025 2:47,母婴用品,纸尿裤,4,172.31,689.23,微信支付,福建省,0,已完成
ORD202511021507118944,USR52294,11/2/2025 15:07,食品生鲜,蔬菜,1,409.59,409.59,微信支付,四川省,0,已完成
ORD202603061018193962,USR66280,3/6/2026 10:18,母婴用品,奶瓶,1,1014.77,1014.77,银行卡,山东省,0,已完成
ORD202603070421039640,USR34368,3/7/2026 4:21,食品生鲜,零食,3,75.54,226.63,花呗,江苏省,0,已取消
ORD202512032128551542,USR56890,12/3/2025 21:28,运动户外,足球,5,4439.94,17759.76,支付宝,福建省,1,已完成
ORD202512220350196617,USR42154,12/22/2025 3:50,母婴用品,纸尿裤,3,1316.0,3947.99,支付宝,湖北省,0,已完成
ORD202511071253162382,USR19521,11/7/2025 12:53,美妆个护,爽肤水,2,515.73,1031.46,支付宝,浙江省,0,已完成
ORD202603261707593376,USR38204,3/26/2026 17:07,家居用品,窗帘,2,120.28,192.44,银行卡,河南省,1,已完成
ORD202511070011493525,USR96108,11/7/2025 0:11,美妆个护,洗发水,1,449.1,449.1,货到付款,江苏省,0,已完成
ORD202604161804459125,USR58714,4/16/2026 18:04,服装服饰,衬衫,4,1237.16,3958.9,支付宝,山东省,1,已完成
ORD202601100627407765,USR58754,1/10/2026 6:27,美妆个护,粉底液,2,562.51,1125.02,微信支付,北京市,0,已完成
ORD202506291524237277,USR29010,6/29/2025 15:24,运动户外,跑步鞋,2,1206.24,2412.48,支付宝,山东省,0,已完成
ORD202507191607484898,USR51215,7/19/2025 16:07,数码家电,冰箱,3,688.55,1652.52,支付宝,四川省,1,已完成
ORD202510020254438211,USR26030,10/2/2025 2:54,服装服饰,牛仔裤,3,1459.71,4379.14,支付宝,江苏省,0,已完成
ORD202602051101463740,USR11262,2/5/2026 11:01,母婴用品,纸尿裤,2,1630.21,2608.34,货到付款,浙江省,1,已完成
ORD202506291916054454,USR51758,6/29/2025 19:16,服装服饰,衬衫,1,1603.85,1603.85,支付宝,四川省,0,已完成
ORD202511221803586653,USR11428,11/22/2025 18:03,家居用品,沙发,3,400.15,1200.46,货到付款,广东省,0,已完成
ORD202511282152481890,USR53105,11/28/2025 21:52,食品生鲜,肉类,2,452.62,905.24,货到付款,浙江省,0,已完成
ORD202602200304305331,USR38019,2/20/2026 3:04,母婴用品,童装,4,1360.94,5443.77,银行卡,福建省,0,已完成
ORD202512182208412900,USR70997,12/18/2025 22:08,服装服饰,休闲裤,3,1800.18,4320.43,微信支付,广东省,1,已完成
ORD202510121906371860,USR84379,10/12/2025 19:06,母婴用品,奶瓶,2,921.96,1843.93,支付宝,北京市,0,已完成
ORD202507202009543745,USR52147,7/20/2025 20:09,母婴用品,辅食,5,902.06,3608.25,支付宝,四川省,1,待发货
ORD202605072310548602,USR40493,5/7/2026 23:10,母婴用品,辅食,3,1579.85,4739.54,支付宝,浙江省,0,已完成
ORD202604182320267533,USR83615,4/18/2026 23:20,食品生鲜,零食,5,55.72,278.58,货到付款,上海市,0,已完成
ORD202603310034398802,USR18681,3/31/2026 0:34,运动户外,篮球,3,2652.28,7956.85,花呗,上海市,0,已完成
ORD202601010231135937,USR60540,1/1/2026 2:31,美妆个护,粉底液,3,2514.06,7542.18,微信支付,河南省,0,已完成
ORD202602041118418803,USR47173,2/4/2026 11:18,母婴用品,纸尿裤,5,1668.88,8344.38,支付宝,广东省,0,已完成
ORD202601150633459724,USR88879,1/15/2026 6:33,数码家电,冰箱,1,7671.0,7671.0,花呗,湖北省,0,已完成
ORD202508101601094828,USR37810,8/10/2025 16:01,运动户外,帐篷,2,3521.54,7043.07,花呗,江苏省,0,已完成
ORD202603260414367222,USR79109,3/26/2026 4:14,家居用品,窗帘,1,639.16,511.33,花呗,山东省,1,已完成
ORD202507210240277390,USR38503,7/21/2025 2:40,食品生鲜,零食,1,19.94,15.95,微信支付,福建省,1,已完成
ORD202511160017408775,USR23489,11/16/2025 0:17,服装服饰,T恤,2,984.86,1969.72,花呗,北京市,0,待发货
ORD202512130701485302,USR83525,12/13/2025 7:01,食品生鲜,面包,4,261.71,1046.86,支付宝,上海市,0,已完成
ORD202605201627123378,USR46444,5/20/2026 16:27,服装服饰,T恤,1,518.51,518.51,支付宝,湖北省,0,已完成
ORD202605040419089690,USR89679,5/4/2026 4:19,食品生鲜,面包,1,71.1,71.1,银行卡,湖北省,0,已完成
ORD202506221229068122,USR97994,6/22/2025 12:29,服装服饰,运动鞋,1,1193.11,1193.11,货到付款,广东省,0,已完成
ORD202604192107261194,USR19807,4/19/2026 21:07,母婴用品,奶瓶,4,1540.3,6161.19,花呗,河南省,0,已完成
ORD202507190515555731,USR85228,7/19/2025 5:15,美妆个护,香水,3,2979.67,7151.2,货到付款,福建省,1,已完成
ORD202512190503428353,USR94707,12/19/2025 5:03,服装服饰,休闲裤,5,1528.69,7643.45,货到付款,湖北省,0,已完成
ORD202507301012277258,USR65279,7/30/2025 10:12,服装服饰,连衣裙,5,1597.58,7987.92,货到付款,北京市,0,已完成
ORD202509270238466172,USR99408,9/27/2025 2:38,数码家电,冰箱,4,5123.46,20493.83,货到付款,广东省,0,已完成
ORD202508032242549687,USR67043,8/3/2025 22:42,服装服饰,T恤,1,1972.55,1578.04,货到付款,四川省,1,已完成
ORD202508022138291672,USR51652,8/2/2025 21:38,数码家电,空气净化器,5,5299.67,26498.36,支付宝,北京市,0,已完成
ORD202510040724582595,USR51958,10/4/2025 7:24,家居用品,窗帘,4,2583.55,8267.38,微信支付,山东省,1,已完成
ORD202605300023179704,USR35971,5/30/2026 0:23,母婴用品,奶瓶,2,1894.28,3030.85,花呗,河南省,1,已完成
ORD202603031127166797,USR35837,3/3/2026 11:27,数码家电,冰箱,5,7473.94,29895.76,花呗,福建省,1,已完成
ORD202508271332078074,USR16509,8/27/2025 13:32,美妆个护,粉底液,2,1162.8,1860.49,支付宝,河南省,1,已取消
ORD202510130910075466,USR74740,10/13/2025 9:10,运动户外,跑步鞋,1,485.44,485.44,支付宝,河南省,0,已完成
ORD202512191228406488,USR75359,12/19/2025 12:28,母婴用品,婴儿车,5,385.15,1925.77,货到付款,广东省,0,已完成
ORD202605141318505429,USR16133,5/14/2026 13:18,数码家电,空气净化器,4,944.17,3776.7,微信支付,河南省,0,已完成
ORD202509190731195375,USR45968,9/19/2025 7:31,母婴用品,玩具,3,255.52,766.57,花呗,江苏省,0,已完成
ORD202604251240252610,USR65212,4/25/2026 12:40,母婴用品,婴儿床,5,410.07,2050.35,银行卡,北京市,0,已完成
ORD202507011501395183,USR25631,7/1/2025 15:01,母婴用品,纸尿裤,5,715.13,3575.67,支付宝,福建省,0,待发货
ORD202509060748387408,USR26265,9/6/2025 7:48,家居用品,衣柜,5,1639.75,8198.74,银行卡,北京市,0,待发货
ORD202508160539598554,USR69347,8/16/2025 5:39,美妆个护,洗发水,5,2143.7,8574.78,花呗,四川省,1,已取消
ORD202602021509394961,USR32431,2/2/2026 15:09,食品生鲜,肉类,4,113.35,453.42,支付宝,河南省,0,已完成
ORD202512312212504193,USR88830,12/31/2025 22:12,食品生鲜,蔬菜,4,339.54,1358.14,花呗,河南省,0,已完成
ORD202509151404089518,USR52844,9/15/2025 14:04,数码家电,空气净化器,3,5781.94,13876.66,支付宝,山东省,1,待发货
ORD202507191440186528,USR87485,7/19/2025 14:40,母婴用品,纸尿裤,4,1139.31,4557.25,花呗,河南省,0,待发货
ORD202601291737503947,USR60181,1/29/2026 17:37,数码家电,无线耳机,4,7277.13,23286.83,银行卡,河南省,1,待发货
ORD202509261431476132,USR40988,9/26/2025 14:31,家居用品,拖把,1,350.76,280.61,微信支付,北京市,1,待发货
ORD202601251453119972,USR85551,1/25/2026 14:53,家居用品,茶几,1,547.82,547.82,支付宝,北京市,0,已完成
ORD202512250422321173,USR12787,12/25/2025 4:22,服装服饰,牛仔裤,2,885.9,1771.79,银行卡,上海市,0,已完成
ORD202507070648571138,USR47360,7/7/2025 6:48,家居用品,衣柜,3,397.6,1192.81,花呗,上海市,0,已完成
ORD202512130419162113,USR12337,12/13/2025 4:19,服装服饰,休闲裤,1,1154.28,923.42,银行卡,北京市,1,已完成
ORD202602042226091195,USR94366,2/4/2026 22:26,美妆个护,粉底液,3,1213.25,3639.75,支付宝,福建省,0,已完成
ORD202508051148017737,USR85465,8/5/2025 11:48,数码家电,笔记本电脑,3,2634.47,7903.41,银行卡,湖北省,0,已完成
ORD202601162003162600,USR10609,1/16/2026 20:03,运动户外,跑步鞋,5,932.95,3731.8,花呗,山东省,1,已完成
ORD202601121201039605,USR70525,1/12/2026 12:01,美妆个护,口红,3,1025.95,3077.86,货到付款,四川省,0,已完成
ORD202507302111412702,USR47272,7/30/2025 21:11,家居用品,茶几,5,1831.72,7326.88,微信支付,湖北省,1,已完成
ORD202508061142198306,USR27178,8/6/2025 11:42,美妆个护,洗发水,2,1740.08,2784.13,微信支付,上海市,1,已完成
ORD202602111950076759,USR62797,2/11/2026 19:50,美妆个护,爽肤水,2,515.96,825.54,货到付款,河南省,1,已完成
ORD202601291234044594,USR14850,1/29/2026 12:34,美妆个护,面霜,2,401.01,641.62,支付宝,北京市,1,已完成
ORD202603072047035641,USR79922,3/7/2026 20:47,家居用品,衣柜,5,99.5,497.48,银行卡,上海市,0,已完成
ORD202605170715275127,USR79142,5/17/2026 7:15,运动户外,篮球,5,160.89,643.54,银行卡,河南省,1,已完成
ORD202601220018124163,USR15127,1/22/2026 0:18,母婴用品,纸尿裤,2,1765.63,3531.26,货到付款,江苏省,0,已完成
ORD202510100250331557,USR54222,10/10/2025 2:50,美妆个护,口红,5,163.91,819.57,货到付款,广东省,0,已完成
ORD202604240456551388,USR94512,4/24/2026 4:56,服装服饰,T恤,4,1475.88,5903.52,花呗,河南省,0,已完成
ORD202605251938572506,USR12132,5/25/2026 19:38,家居用品,沙发,4,2618.52,8379.25,花呗,湖北省,1,已完成
ORD202601052118031931,USR19103,1/5/2026 21:18,美妆个护,粉底液,5,321.23,1284.93,微信支付,浙江省,1,已完成
ORD202506162357314552,USR71589,6/16/2025 23:57,运动户外,健身器材,5,2237.88,8951.51,支付宝,河南省,1,已完成
ORD202604171145342995,USR22467,4/17/2026 11:45,母婴用品,童装,1,1926.49,1926.49,支付宝,福建省,0,已完成
ORD202605021101272965,USR64405,5/2/2026 11:01,家居用品,沙发,1,2505.73,2004.59,货到付款,浙江省,1,已完成
ORD202506120027362415,USR49452,6/12/2025 0:27,食品生鲜,蔬菜,3,249.95,599.89,微信支付,江苏省,1,已取消
ORD202507021303063128,USR46002,7/2/2025 13:03,母婴用品,婴儿床,3,1537.01,4611.04,微信支付,福建省,0,已完成
ORD202506181544047159,USR51574,6/18/2025 15:44,服装服饰,休闲裤,3,1675.09,5025.26,花呗,福建省,0,已完成
ORD202602050246554027,USR55327,2/5/2026 2:46,美妆个护,爽肤水,2,1063.64,2127.28,银行卡,江苏省,0,已完成
ORD202603271026572816,USR62473,3/27/2026 10:26,运动户外,跑步鞋,4,4471.55,17886.2,支付宝,上海市,0,已完成
ORD202601102353514018,USR20455,1/10/2026 23:53,食品生鲜,饮料,2,240.53,481.06,微信支付,山东省,0,已完成
ORD202509111846185150,USR82935,9/11/2025 18:46,运动户外,跑步鞋,5,2686.26,13431.28,花呗,江苏省,0,已完成
ORD202602082058165826,USR51048,2/8/2026 20:58,食品生鲜,肉类,1,499.86,499.86,花呗,湖北省,0,待发货
ORD202508212052358650,USR74725,8/21/2025 20:52,家居用品,拖把,5,2533.04,12665.21,花呗,浙江省,0,已完成
ORD202603252034332240,USR90258,3/25/2026 20:34,食品生鲜,水果,5,187.27,936.34,银行卡,河南省,0,已完成
ORD202601090442188429,USR16169,1/9/2026 4:42,服装服饰,卫衣,1,70.17,70.17,微信支付,山东省,0,已完成
ORD202511091852125528,USR61554,11/9/2025 18:52,服装服饰,衬衫,5,1271.04,5084.16,货到付款,浙江省,1,已完成
ORD202601270111177995,USR49117,1/27/2026 1:11,数码家电,空气净化器,3,5779.35,17338.05,货到付款,江苏省,0,已完成
ORD202602040349466298,USR69582,2/4/2026 3:49,服装服饰,衬衫,1,1319.07,1319.07,花呗,山东省,0,已完成
ORD202506121817065216,USR74662,6/12/2025 18:17,母婴用品,奶瓶,5,1937.33,9686.66,花呗,福建省,0,待发货
ORD202512111003043653,USR94029,12/11/2025 10:03,食品生鲜,海鲜,3,432.86,1298.57,银行卡,上海市,0,已取消
ORD202605120603052212,USR25913,5/12/2026 6:03,服装服饰,羽绒服,3,925.22,2220.53,花呗,广东省,1,已完成
ORD202601301335325543,USR59008,1/30/2026 13:35,家居用品,茶几,4,207.32,829.26,微信支付,广东省,0,退款中
ORD202512292109022022,USR90999,12/29/2025 21:09,运动户外,自行车,3,2432.69,7298.06,花呗,江苏省,0,已完成
ORD202509211156077271,USR23466,9/21/2025 11:56,运动户外,跑步鞋,2,3477.3,5563.67,花呗,四川省,1,待发货
ORD202602050700347366,USR13838,2/5/2026 7:00,数码家电,智能手机,1,5057.82,5057.82,微信支付,上海市,0,已完成
ORD202509260743166450,USR39362,9/26/2025 7:43,运动户外,瑜伽垫,1,2736.87,2736.87,支付宝,广东省,0,已完成
ORD202512051322191984,USR16269,12/5/2025 13:22,食品生鲜,肉类,1,239.72,239.72,货到付款,四川省,0,已完成
ORD202509040225395230,USR11362,9/4/2025 2:25,数码家电,空气净化器,5,2703.21,13516.07,花呗,福建省,0,已完成
ORD202604091214135336,USR28184,4/9/2026 12:14,食品生鲜,海鲜,5,145.9,583.6,微信支付,山东省,1,待发货
ORD202604101302273915,USR23780,4/10/2026 13:02,家居用品,窗帘,2,1510.69,3021.38,货到付款,广东省,0,已完成
ORD202602220034388218,USR52317,2/22/2026 0:34,数码家电,冰箱,3,1704.52,4090.86,银行卡,福建省,1,待发货
ORD202511051703242137,USR67105,11/5/2025 17:03,美妆个护,粉底液,5,1041.84,4167.34,支付宝,福建省,1,已完成
ORD202509241217049056,USR39667,9/24/2025 12:17,母婴用品,纸尿裤,3,681.76,2045.28,花呗,山东省,0,已完成
ORD202511240320154287,USR32307,11/24/2025 3:20,母婴用品,玩具,3,1194.91,3584.73,支付宝,广东省,0,已完成
ORD202506290809287432,USR21536,6/29/2025 8:09,食品生鲜,海鲜,5,42.67,213.37,花呗,福建省,0,已完成
ORD202602231020373923,USR35055,2/23/2026 10:20,运动户外,篮球,5,4165.38,20826.88,花呗,福建省,0,已完成
ORD202506240625479061,USR58349,6/24/2025 6:25,美妆个护,爽肤水,2,1700.26,3400.53,花呗,江苏省,0,已完成
ORD202508010924592776,USR80458,8/1/2025 9:24,数码家电,无线耳机,4,5531.2,22124.8,支付宝,浙江省,0,已完成
ORD202511181725123357,USR10647,11/18/2025 17:25,美妆个护,洗发水,1,2118.19,2118.19,银行卡,上海市,0,已完成
ORD202511090952319857,USR16880,11/9/2025 9:52,美妆个护,爽肤水,5,895.71,3582.83,微信支付,浙江省,1,已完成
ORD202512060132518065,USR44037,12/6/2025 1:32,运动户外,自行车,5,2404.82,12024.1,微信支付,北京市,0,已完成
ORD202511280854524578,USR15646,11/28/2025 8:54,数码家电,冰箱,3,7671.84,23015.53,银行卡,上海市,0,已完成
ORD202508190537562740,USR24523,8/19/2025 5:37,家居用品,窗帘,4,2304.78,7375.3,银行卡,山东省,1,已完成
ORD202510110249288234,USR16291,10/11/2025 2:49,运动户外,篮球,5,4850.83,24254.14,花呗,河南省,0,待发货
ORD202601221429005243,USR49883,1/22/2026 14:29,美妆个护,洗发水,4,2246.38,8985.5,花呗,浙江省,0,已完成
ORD202507261905212692,USR19835,7/26/2025 19:05,美妆个护,面霜,1,551.53,551.53,微信支付,浙江省,0,已完成
ORD202509300928481571,USR44567,9/30/2025 9:28,家居用品,茶几,3,212.32,636.95,花呗,四川省,0,已完成
ORD202605011337222194,USR53165,5/1/2026 13:37,美妆个护,爽肤水,2,1745.65,3491.31,花呗,湖北省,0,已取消
ORD202603062337382153,USR90314,3/6/2026 23:37,美妆个护,口红,1,1092.71,1092.71,银行卡,北京市,0,已完成
ORD202510030014405105,USR59749,10/3/2025 0:14,美妆个护,粉底液,4,848.11,3392.44,支付宝,河南省,0,已完成
ORD202603130314158305,USR45377,3/13/2026 3:14,母婴用品,婴儿床,4,1624.06,5197.0,货到付款,湖北省,1,已完成
ORD202605010701351307,USR32326,5/1/2026 7:01,运动户外,篮球,1,1898.27,1898.27,货到付款,广东省,0,已完成
ORD202510130305129154,USR28056,10/13/2025 3:05,服装服饰,休闲裤,4,668.15,2672.61,花呗,四川省,0,已完成
ORD202511022018293438,USR86474,11/2/2025 20:18,运动户外,足球,2,4264.94,8529.88,花呗,福建省,0,已完成
ORD202507211849431014,USR70384,7/21/2025 18:49,家居用品,拖把,2,2541.94,5083.87,货到付款,福建省,0,已完成
ORD202603230954411619,USR25715,3/23/2026 9:54,美妆个护,香水,4,1088.41,4353.64,银行卡,湖北省,0,已完成
ORD202510222141057397,USR26552,10/22/2025 21:41,运动户外,登山包,4,4179.24,13373.58,货到付款,湖北省,1,已完成
ORD202512172357455365,USR51855,12/17/2025 23:57,母婴用品,玩具,2,1709.02,3418.04,货到付款,福建省,0,已完成
ORD202601050258073483,USR29398,1/5/2026 2:58,家居用品,茶几,4,1283.31,5133.25,货到付款,河南省,0,已完成
ORD202507120542216403,USR86563,7/12/2025 5:42,食品生鲜,水果,5,42.57,212.86,花呗,福建省,0,已完成
ORD202510022222327411,USR64171,10/2/2025 22:22,运动户外,健身器材,3,107.76,323.29,花呗,江苏省,0,已完成
ORD202509022109361060,USR93480,9/2/2025 21:09,食品生鲜,海鲜,5,266.41,1332.07,货到付款,北京市,0,已完成
ORD202511290350229444,USR68560,11/29/2025 3:50,美妆个护,洗发水,4,1051.9,4207.62,花呗,浙江省,0,已完成
ORD202507181359139039,USR97586,7/18/2025 13:59,母婴用品,纸尿裤,4,1994.41,7977.63,货到付款,福建省,0,已完成
ORD202509122101008833,USR26039,9/12/2025 21:01,母婴用品,奶瓶,3,1556.2,4668.6,银行卡,江苏省,0,已完成
ORD202511221432188144,USR78388,11/22/2025 14:32,运动户外,自行车,4,3830.25,15321.0,花呗,福建省,0,已完成
ORD202509050646177617,USR79152,9/5/2025 6:46,家居用品,衣柜,3,2866.62,8599.87,支付宝,河南省,0,退款中
ORD202507251704292148,USR41525,7/25/2025 17:04,家居用品,茶几,2,2665.42,5330.84,花呗,广东省,0,已完成
ORD202507081421009849,USR85744,7/8/2025 14:21,母婴用品,玩具,3,670.47,1609.12,银行卡,江苏省,1,已完成
ORD202506201540314700,USR72642,6/20/2025 15:40,家居用品,茶几,3,514.64,1543.93,银行卡,北京市,0,已完成
ORD202509211658181054,USR96673,9/21/2025 16:58,母婴用品,玩具,5,1504.49,6017.96,花呗,上海市,1,已取消
ORD202510280432097298,USR74238,10/28/2025 4:32,运动户外,健身器材,4,1953.54,7814.17,微信支付,江苏省,0,已完成
ORD202605021435278898,USR46771,5/2/2026 14:35,服装服饰,衬衫,2,972.69,1945.37,货到付款,山东省,0,已完成
ORD202601252344002985,USR52193,1/25/2026 23:44,母婴用品,辅食,1,1279.28,1279.28,货到付款,山东省,0,已完成
ORD202511100917539770,USR73269,11/10/2025 9:17,食品生鲜,肉类,3,454.86,1364.57,银行卡,上海市,0,已完成
ORD202509051002486880,USR39600,9/5/2025 10:02,家居用品,茶几,1,1268.88,1268.88,花呗,湖北省,0,已完成
ORD202605030115016463,USR22032,5/3/2026 1:15,母婴用品,辅食,4,1577.47,6309.87,微信支付,山东省,0,已完成
ORD202605171008475961,USR44578,5/17/2026 10:08,母婴用品,奶粉,3,573.26,1375.83,支付宝,湖北省,1,退款中
ORD202508020030317563,USR48828,8/2/2025 0:30,运动户外,足球,1,3520.06,3520.06,货到付款,福建省,0,待发货
ORD202604122209471904,USR20852,4/12/2026 22:09,家居用品,餐具,5,24.71,123.53,微信支付,福建省,0,待发货
ORD202510060355222485,USR56269,10/6/2025 3:55,服装服饰,运动鞋,1,1749.44,1749.44,货到付款,浙江省,0,已完成
ORD202605291511426985,USR83205,5/29/2026 15:11,运动户外,登山包,5,248.86,995.44,花呗,山东省,1,已完成
ORD202601110826009759,USR41768,1/11/2026 8:26,服装服饰,T恤,2,1439.87,2303.79,货到付款,上海市,1,已完成
ORD202603080124146571,USR96439,3/8/2026 1:24,运动户外,自行车,4,326.67,1306.66,支付宝,浙江省,0,已完成
ORD202509301042512318,USR94821,9/30/2025 10:42,家居用品,拖把,1,813.41,650.73,花呗,北京市,1,已完成
ORD202508131722558530,USR36986,8/13/2025 17:22,数码家电,冰箱,3,4229.02,12687.05,银行卡,江苏省,0,已完成
ORD202603240848245750,USR20225,3/24/2026 8:48,家居用品,餐具,4,1271.42,5085.67,微信支付,山东省,0,待发货
ORD202508012110444327,USR19849,8/1/2025 21:10,家居用品,沙发,1,591.67,591.67,货到付款,四川省,0,已完成
ORD202512111210173893,USR74828,12/11/2025 12:10,服装服饰,T恤,3,700.94,1682.25,花呗,上海市,1,已完成
ORD202512172134591644,USR17899,12/17/2025 21:34,服装服饰,休闲裤,3,1469.03,3525.67,花呗,上海市,1,已完成
ORD202511290701567294,USR37849,11/29/2025 7:01,家居用品,垃圾桶,3,2014.39,4834.53,货到付款,北京市,1,已完成
ORD202512111646384129,USR11720,12/11/2025 16:46,家居用品,床上四件套,3,234.01,702.02,银行卡,山东省,0,已完成
ORD202605080934445896,USR97883,5/8/2026 9:34,家居用品,窗帘,1,2247.0,1797.6,货到付款,河南省,1,已完成
ORD202509281948207391,USR38329,9/28/2025 19:48,服装服饰,羽绒服,2,153.44,306.88,银行卡,山东省,0,已完成
ORD202512110349372749,USR71361,12/11/2025 3:49,家居用品,床上四件套,5,1637.92,8189.6,货到付款,河南省,0,已完成
ORD202506100001076886,USR60470,6/10/2025 0:01,家居用品,沙发,5,794.99,3974.93,花呗,湖北省,0,已完成
ORD202507052319068970,USR34630,7/5/2025 23:19,美妆个护,面霜,5,1775.44,8877.2,支付宝,上海市,0,已完成
ORD202510311716582390,USR73916,10/31/2025 17:16,数码家电,洗衣机,2,2459.96,4919.93,支付宝,福建省,0,已完成
ORD202512140705018175,USR23701,12/14/2025 7:05,食品生鲜,零食,3,492.63,1477.89,花呗,广东省,0,已完成
ORD202511251341544104,USR54623,11/25/2025 13:41,数码家电,洗衣机,3,2822.96,6775.11,支付宝,湖北省,1,已完成
ORD202509021145123292,USR37349,9/2/2025 11:45,美妆个护,沐浴露,4,748.62,2994.49,银行卡,河南省,0,已完成
ORD202508231317281584,USR87401,8/23/2025 13:17,食品生鲜,牛奶,5,146.45,732.24,花呗,上海市,0,已完成
ORD202601131309404163,USR79159,1/13/2026 13:09,运动户外,跑步鞋,5,4492.72,17970.87,银行卡,福建省,1,已完成
ORD202510160113141415,USR77361,10/16/2025 1:13,家居用品,沙发,3,1915.93,5747.8,花呗,四川省,0,已完成
ORD202506192131364907,USR51072,6/19/2025 21:31,美妆个护,口红,5,2200.13,11000.66,银行卡,河南省,0,已完成
ORD202506201504149015,USR50871,6/20/2025 15:04,运动户外,跑步鞋,3,4598.25,13794.75,银行卡,浙江省,0,已完成
ORD202509180625527369,USR69509,9/18/2025 6:25,家居用品,床上四件套,3,2737.38,8212.14,支付宝,广东省,0,已完成
ORD202512100444532032,USR95890,12/10/2025 4:44,服装服饰,羽绒服,3,1490.94,4472.83,花呗,湖北省,0,已完成
ORD202601190116429856,USR30184,1/19/2026 1:16,母婴用品,纸尿裤,1,435.76,435.76,货到付款,河南省,0,已完成
ORD202605091559596041,USR76127,5/9/2026 15:59,美妆个护,香水,1,2534.82,2027.86,支付宝,福建省,1,待发货
ORD202604240755419186,USR23849,4/24/2026 7:55,服装服饰,卫衣,1,447.36,447.36,银行卡,广东省,0,已完成
ORD202602100208439748,USR27047,2/10/2026 2:08,美妆个护,香水,1,2236.41,2236.41,银行卡,上海市,0,已完成
ORD202602170420468361,USR38676,2/17/2026 4:20,美妆个护,洗面奶,2,2066.24,4132.48,货到付款,北京市,0,已完成
ORD202511301811141268,USR57663,11/30/2025 18:11,服装服饰,羽绒服,4,1529.83,6119.33,货到付款,北京市,0,已完成
ORD202509192322041606,USR60538,9/19/2025 23:22,食品生鲜,牛奶,4,271.02,1084.06,银行卡,北京市,0,已完成
ORD202512261019136558,USR69301,12/26/2025 10:19,数码家电,冰箱,3,5290.45,12697.07,货到付款,江苏省,1,待发货
ORD202506040413081918,USR91327,6/4/2025 4:13,家居用品,茶几,5,2860.89,11443.58,微信支付,北京市,1,已完成
ORD202604260013076533,USR77300,4/26/2026 0:13,美妆个护,香水,1,330.23,330.23,支付宝,上海市,0,已完成
ORD202507121756431701,USR36610,7/12/2025 17:56,家居用品,拖把,4,940.36,3009.17,花呗,北京市,1,待发货
ORD202511150832167643,USR62455,11/15/2025 8:32,母婴用品,玩具,4,1242.15,4968.58,货到付款,河南省,0,已完成
ORD202507230021502936,USR34635,7/23/2025 0:21,服装服饰,连衣裙,1,1929.91,1929.91,货到付款,北京市,0,已完成
ORD202605091705004468,USR18996,5/9/2026 17:05,家居用品,床上四件套,2,304.81,609.62,微信支付,四川省,0,已完成
ORD202509111703579570,USR46416,9/11/2025 17:03,服装服饰,牛仔裤,2,93.97,187.94,花呗,四川省,0,已完成
ORD202603101251598509,USR65455,3/10/2026 12:51,家居用品,餐具,4,186.13,595.63,微信支付,江苏省,1,已完成
ORD202510210117409791,USR31521,10/21/2025 1:17,数码家电,智能手表,2,893.04,1786.09,花呗,北京市,0,已完成
ORD202603241539393440,USR99950,3/24/2026 15:39,数码家电,无线耳机,1,7308.62,7308.62,支付宝,上海市,0,待发货
ORD202511041436014817,USR50258,11/4/2025 14:36,数码家电,空气净化器,4,5909.43,18910.19,货到付款,北京市,1,已完成
ORD202510210247002180,USR85660,10/21/2025 2:47,数码家电,平板,1,5578.3,4462.64,支付宝,四川省,1,已完成
ORD202506181341221604,USR94984,6/18/2025 13:41,数码家电,笔记本电脑,2,4419.3,7070.87,花呗,上海市,1,已完成
ORD202511031341283319,USR23377,11/3/2025 13:41,数码家电,无线耳机,1,6364.64,6364.64,货到付款,北京市,0,已完成
ORD202506202049279010,USR29305,6/20/2025 20:49,服装服饰,羽绒服,2,353.51,707.03,微信支付,河南省,0,已完成
ORD202601081124361312,USR70418,1/8/2026 11:24,美妆个护,洗发水,2,1194.07,2388.13,银行卡,江苏省,0,已完成
ORD202601050430458720,USR24047,1/5/2026 4:30,家居用品,床上四件套,1,1480.21,1480.21,微信支付,山东省,0,已取消
ORD202508151419081750,USR24444,8/15/2025 14:19,数码家电,平板,2,1328.07,2124.91,银行卡,湖北省,1,已完成
ORD202510191857594976,USR41531,10/19/2025 18:57,服装服饰,连衣裙,3,868.05,2083.32,微信支付,上海市,1,已完成
ORD202601012024413138,USR12174,1/1/2026 20:24,服装服饰,卫衣,1,667.18,533.74,花呗,上海市,1,已完成
ORD202509210157461235,USR70404,9/21/2025 1:57,服装服饰,连衣裙,3,119.39,358.16,支付宝,山东省,0,已取消
ORD202506291321563822,USR34514,6/29/2025 13:21,美妆个护,沐浴露,1,436.1,348.88,银行卡,山东省,1,已完成
ORD202510290101551818,USR44964,10/29/2025 1:01,家居用品,拖把,2,2296.83,3674.93,花呗,江苏省,1,已完成
ORD202512132000076035,USR13746,12/13/2025 20:00,美妆个护,洗面奶,2,83.57,167.15,支付宝,广东省,0,已完成
ORD202511222136252594,USR72421,11/22/2025 21:36,食品生鲜,海鲜,4,467.78,1871.14,支付宝,江苏省,0,已完成
ORD202603242045458474,USR96754,3/24/2026 20:45,运动户外,健身器材,4,523.48,1675.14,货到付款,四川省,1,已完成
ORD202512311302223796,USR79584,12/31/2025 13:02,服装服饰,羽绒服,3,1608.51,4825.54,货到付款,四川省,0,已完成
ORD202509171511082047,USR69328,9/17/2025 15:11,食品生鲜,蔬菜,2,450.32,720.52,货到付款,山东省,1,已完成
ORD202604171227322742,USR56131,4/17/2026 12:27,母婴用品,奶粉,4,1885.21,7540.86,银行卡,河南省,0,已完成
ORD202601290101572870,USR44809,1/29/2026 1:01,数码家电,平板,2,7006.08,11209.72,银行卡,浙江省,1,已完成
ORD202602200546299145,USR25509,2/20/2026 5:46,运动户外,帐篷,1,1509.0,1207.2,支付宝,湖北省,1,已完成
ORD202601240720054613,USR82129,1/24/2026 7:20,数码家电,智能手机,4,2998.15,11992.61,银行卡,江苏省,0,已完成
ORD202507170323562033,USR21018,7/17/2025 3:23,美妆个护,爽肤水,3,1296.84,3112.42,支付宝,浙江省,1,已完成
ORD202507202313464320,USR56455,7/20/2025 23:13,运动户外,健身器材,4,782.55,3130.22,花呗,北京市,0,已完成
ORD202507081308127983,USR66554,7/8/2025 13:08,家居用品,茶几,2,86.37,172.74,微信支付,广东省,0,已完成
ORD202510312326556527,USR37795,10/31/2025 23:26,食品生鲜,面包,5,435.87,2179.35,支付宝,北京市,0,已完成
ORD202510232227387586,USR29742,10/23/2025 22:27,家居用品,垃圾桶,5,1671.3,8356.52,支付宝,福建省,0,已完成
ORD202604051658446312,USR62026,4/5/2026 16:58,美妆个护,香水,2,1837.91,2940.65,花呗,上海市,1,已完成
ORD202510101630142979,USR75823,10/10/2025 16:30,数码家电,洗衣机,1,7452.41,5961.93,货到付款,山东省,1,待发货
ORD202601031522109943,USR66472,1/3/2026 15:22,运动户外,健身器材,4,3359.09,13436.36,货到付款,北京市,0,已完成
ORD202605311538053250,USR76574,5/31/2026 15:38,家居用品,垃圾桶,5,2078.74,10393.72,货到付款,湖北省,0,已完成
ORD202510202341546268,USR53743,10/20/2025 23:41,家居用品,拖把,1,2365.17,2365.17,支付宝,北京市,0,已完成
ORD202603210447074493,USR16967,3/21/2026 4:47,数码家电,空气净化器,2,1372.61,2745.23,支付宝,四川省,0,已完成
ORD202507270040091746,USR67847,7/27/2025 0:40,运动户外,登山包,1,1864.79,1491.84,银行卡,浙江省,1,已完成
ORD202508170721143841,USR45728,8/17/2025 7:21,食品生鲜,肉类,2,484.42,968.84,银行卡,江苏省,0,待发货
ORD202601202321426496,USR58467,1/20/2026 23:21,数码家电,智能手表,4,7421.98,29687.9,微信支付,江苏省,0,已完成
ORD202512151721562035,USR22820,12/15/2025 17:21,家居用品,床上四件套,1,2654.54,2654.54,微信支付,江苏省,0,待发货
ORD202511032111552978,USR16440,11/3/2025 21:11,食品生鲜,蔬菜,4,231.52,926.09,银行卡,山东省,0,已完成
ORD202512120503505487,USR95016,12/12/2025 5:03,食品生鲜,零食,1,430.02,344.02,支付宝,河南省,1,已完成
ORD202506161512103314,USR60137,6/16/2025 15:12,数码家电,笔记本电脑,2,862.97,1725.94,花呗,河南省,0,已完成
ORD202506181415287801,USR65389,6/18/2025 14:15,家居用品,拖把,2,462.58,925.16,银行卡,河南省,0,已完成
ORD202506160242163753,USR35419,6/16/2025 2:42,美妆个护,爽肤水,1,1259.48,1007.59,支付宝,江苏省,1,已完成
ORD202507240516177060,USR48535,7/24/2025 5:16,家居用品,沙发,2,1460.51,2336.81,银行卡,广东省,1,已完成
ORD202603050309293703,USR34831,3/5/2026 3:09,服装服饰,牛仔裤,3,563.84,1353.21,货到付款,山东省,1,已完成
ORD202510080809518187,USR62781,10/8/2025 8:09,运动户外,自行车,3,1846.74,4432.17,银行卡,江苏省,1,已完成
ORD202604090530174991,USR33153,4/9/2026 5:30,母婴用品,玩具,4,367.41,1175.72,货到付款,江苏省,1,已完成
ORD202512012336551666,USR87863,12/1/2025 23:36,美妆个护,爽肤水,3,1482.73,4448.18,支付宝,江苏省,0,待发货
ORD202512191631543185,USR46166,12/19/2025 16:31,食品生鲜,饮料,3,398.98,1196.95,货到付款,湖北省,0,已完成
ORD202511251126312637,USR79410,11/25/2025 11:26,美妆个护,洗发水,5,1994.24,9971.2,银行卡,上海市,0,已完成
ORD202507282013397162,USR89619,7/28/2025 20:13,运动户外,足球,5,628.18,2512.73,货到付款,北京市,1,已完成
ORD202601221045273584,USR74699,1/22/2026 10:45,食品生鲜,饮料,5,248.91,1244.57,花呗,江苏省,0,已完成
ORD202605132035261256,USR77976,5/13/2026 20:35,运动户外,登山包,5,3518.47,17592.34,货到付款,福建省,0,待发货
ORD202512180451428978,USR66828,12/18/2025 4:51,食品生鲜,面包,2,269.65,539.3,货到付款,广东省,0,已完成
ORD202507250651112322,USR24311,7/25/2025 6:51,美妆个护,洗发水,4,1193.28,3818.48,微信支付,上海市,1,已完成
ORD202510060851471104,USR99281,10/6/2025 8:51,食品生鲜,牛奶,4,314.74,1258.95,花呗,广东省,0,退款中
ORD202605281659081118,USR16536,5/28/2026 16:59,食品生鲜,饮料,3,484.63,1453.9,支付宝,河南省,0,已完成
ORD202601250212323939,USR94717,1/25/2026 2:12,服装服饰,连衣裙,4,235.07,940.28,货到付款,河南省,0,待发货
ORD202510021654542460,USR42629,10/2/2025 16:54,家居用品,茶几,3,1182.25,2837.39,花呗,上海市,1,已完成
ORD202508030237435648,USR24559,8/3/2025 2:37,家居用品,茶几,4,1231.69,4926.74,支付宝,北京市,0,已完成
ORD202510311436077819,USR38780,10/31/2025 14:36,母婴用品,婴儿床,1,1175.09,1175.09,花呗,福建省,0,待发货
ORD202601261012038798,USR25097,1/26/2026 10:12,母婴用品,玩具,1,346.74,346.74,微信支付,河南省,0,已完成
ORD202603150257213079,USR16964,3/15/2026 2:57,服装服饰,牛仔裤,4,394.45,1577.82,支付宝,山东省,0,已完成
ORD202604240537094377,USR14677,4/24/2026 5:37,母婴用品,童装,2,606.45,1212.91,支付宝,上海市,0,已完成
ORD202509250503583344,USR85396,9/25/2025 5:03,运动户外,帐篷,3,4783.76,14351.29,货到付款,上海市,0,已完成
ORD202601171354535439,USR44888,1/17/2026 13:54,美妆个护,香水,4,2210.3,8841.21,银行卡,浙江省,0,已完成
ORD202510091513409570,USR41295,10/9/2025 15:13,数码家电,智能手表,3,5462.7,13110.48,支付宝,福建省,1,已完成
ORD202512150031068379,USR18630,12/15/2025 0:31,运动户外,足球,5,4103.09,20515.46,支付宝,浙江省,0,待发货
ORD202604181612597750,USR79747,4/18/2026 16:12,数码家电,洗衣机,4,1456.82,5827.29,微信支付,上海市,0,已完成
ORD202512152252474919,USR23242,12/15/2025 22:52,数码家电,智能手机,2,6945.0,11111.99,微信支付,北京市,1,已完成
ORD202512241746003859,USR46105,12/24/2025 17:46,服装服饰,T恤,5,1209.92,4839.7,微信支付,上海市,1,已完成
ORD202512080542061616,USR39683,12/8/2025 5:42,运动户外,篮球,4,1743.11,6972.45,货到付款,江苏省,0,已完成
ORD202603030556013949,USR91293,3/3/2026 5:56,服装服饰,连衣裙,1,1640.92,1640.92,支付宝,浙江省,0,已完成
ORD202601051450039190,USR63026,1/5/2026 14:50,食品生鲜,饮料,4,403.26,1290.42,微信支付,上海市,1,已完成
ORD202509251015022442,USR61368,9/25/2025 10:15,数码家电,空气净化器,1,6842.81,5474.25,微信支付,北京市,1,已完成
ORD202512021019115934,USR61496,12/2/2025 10:19,美妆个护,洗发水,1,373.09,373.09,花呗,广东省,0,已完成
ORD202604131919486699,USR23278,4/13/2026 19:19,母婴用品,辅食,4,1940.25,7761.02,花呗,广东省,0,已完成
ORD202506071104037861,USR38821,6/7/2025 11:04,美妆个护,香水,4,2880.09,11520.36,微信支付,山东省,0,已完成
ORD202510220120371074,USR45162,10/22/2025 1:20,母婴用品,婴儿车,1,747.07,747.07,货到付款,北京市,0,已完成
ORD202510071522364860,USR74903,10/7/2025 15:22,数码家电,笔记本电脑,3,994.21,2982.62,银行卡,上海市,0,已完成
ORD202602171619504144,USR36962,2/17/2026 16:19,数码家电,平板,5,1752.92,8764.59,花呗,广东省,0,已取消
ORD202507131335192925,USR32417,7/13/2025 13:35,数码家电,冰箱,2,7946.23,15892.46,花呗,河南省,0,已完成
ORD202511091826129686,USR36683,11/9/2025 18:26,服装服饰,羽绒服,4,1147.88,4591.5,支付宝,上海市,0,已完成
ORD202601131629532567,USR55564,1/13/2026 16:29,运动户外,足球,5,1847.45,9237.23,支付宝,江苏省,0,已完成
ORD202509281145546929,USR93479,9/28/2025 11:45,母婴用品,奶瓶,5,612.0,3059.98,微信支付,河南省,0,待发货
ORD202604061017359842,USR47747,4/6/2026 10:17,运动户外,篮球,3,1359.26,4077.78,支付宝,浙江省,0,已完成
ORD202605160106599315,USR88159,5/16/2026 1:06,服装服饰,T恤,5,1345.1,6725.49,支付宝,福建省,0,已完成
ORD202603091630414592,USR47745,3/9/2026 16:30,服装服饰,连衣裙,4,867.81,2776.98,银行卡,广东省,1,已完成
ORD202605051633108605,USR10407,5/5/2026 16:33,家居用品,衣柜,5,2896.92,14484.62,货到付款,上海市,0,已完成
ORD202602230501534409,USR22352,2/23/2026 5:01,美妆个护,面霜,4,2061.01,6595.24,微信支付,四川省,1,待发货
ORD202601310907585528,USR34258,1/31/2026 9:07,美妆个护,口红,4,2382.37,9529.49,银行卡,山东省,0,已完成
ORD202506110822101869,USR75960,6/11/2025 8:22,食品生鲜,肉类,1,153.44,153.44,微信支付,湖北省,0,已完成
ORD202601181936034173,USR91542,1/18/2026 19:36,服装服饰,休闲裤,3,204.41,613.24,货到付款,广东省,0,已完成
ORD202512020730052846,USR72489,12/2/2025 7:30,母婴用品,奶粉,2,1001.25,1602.01,微信支付,广东省,1,已取消
ORD202509120255223444,USR50019,9/12/2025 2:55,家居用品,窗帘,1,957.45,957.45,支付宝,北京市,0,已完成
ORD202602101433028772,USR41276,2/10/2026 14:33,家居用品,沙发,2,622.21,1244.42,货到付款,山东省,0,已完成
ORD202604010111389151,USR32312,4/1/2026 1:11,运动户外,篮球,4,4767.95,19071.79,银行卡,四川省,0,已完成
ORD202603291021153888,USR51302,3/29/2026 10:21,美妆个护,爽肤水,1,1348.64,1078.92,银行卡,江苏省,1,已完成
ORD202601111546173617,USR99318,1/11/2026 15:46,服装服饰,衬衫,5,390.68,1562.73,花呗,山东省,1,已完成
ORD202601110756341706,USR19103,1/11/2026 7:56,食品生鲜,水果,5,107.34,536.69,银行卡,江苏省,0,已完成
ORD202508280851231885,USR31842,8/28/2025 8:51,服装服饰,卫衣,2,597.38,1194.77,花呗,四川省,0,已完成
ORD202603080356116966,USR34555,3/8/2026 3:56,运动户外,健身器材,4,4996.65,19986.6,支付宝,上海市,0,已完成
ORD202506202239535670,USR53536,6/20/2025 22:39,数码家电,空气净化器,2,2510.09,5020.17,银行卡,浙江省,0,已完成
ORD202601131449524433,USR69666,1/13/2026 14:49,服装服饰,运动鞋,3,691.16,2073.49,货到付款,湖北省,0,已完成
ORD202512041406268121,USR28590,12/4/2025 14:06,运动户外,帐篷,5,3330.71,13322.83,花呗,福建省,1,已完成
ORD202508060517155118,USR11669,8/6/2025 5:17,数码家电,冰箱,1,2704.71,2163.77,银行卡,四川省,1,已完成
ORD202512211411586477,USR97298,12/21/2025 14:11,数码家电,平板,1,2118.53,2118.53,支付宝,山东省,0,已完成
ORD202601310656248424,USR72206,1/31/2026 6:56,食品生鲜,零食,1,87.73,87.73,货到付款,江苏省,0,已完成
ORD202603080154401709,USR66088,3/8/2026 1:54,母婴用品,童装,5,659.73,3298.66,货到付款,浙江省,0,已完成
ORD202601271621222710,USR53785,1/27/2026 16:21,美妆个护,沐浴露,4,344.57,1378.28,支付宝,上海市,0,待发货
ORD202603281951081859,USR12729,3/28/2026 19:51,服装服饰,羽绒服,5,86.36,431.8,银行卡,上海市,0,已完成
ORD202604231614459804,USR33267,4/23/2026 16:14,数码家电,洗衣机,5,6534.81,32674.06,微信支付,广东省,0,已完成
ORD202510261537503881,USR44581,10/26/2025 15:37,服装服饰,连衣裙,1,318.9,318.9,银行卡,湖北省,0,已完成
ORD202507280922093589,USR20089,7/28/2025 9:22,母婴用品,奶瓶,5,1563.15,7815.77,花呗,福建省,0,已完成
ORD202604160226171476,USR32377,4/16/2026 2:26,美妆个护,粉底液,1,2398.7,1918.96,花呗,四川省,1,已完成
ORD202602200850048947,USR99024,2/20/2026 8:50,母婴用品,童装,4,1098.94,4395.77,银行卡,河南省,0,已完成
ORD202509030126089436,USR11275,9/3/2025 1:26,美妆个护,沐浴露,3,949.76,2849.27,花呗,山东省,0,已完成
ORD202506130615302901,USR87857,6/13/2025 6:15,家居用品,衣柜,1,452.2,452.2,微信支付,江苏省,0,已完成
ORD202601090844302160,USR56156,1/9/2026 8:44,美妆个护,洗发水,2,2218.31,4436.62,微信支付,上海市,0,已完成
ORD202602280119414855,USR72105,2/28/2026 1:19,食品生鲜,饮料,3,304.68,731.23,货到付款,浙江省,1,已完成
ORD202507131618018287,USR86435,7/13/2025 16:18,母婴用品,童装,4,1328.13,4250.03,花呗,河南省,1,已完成
ORD202508140214196340,USR10131,8/14/2025 2:14,数码家电,智能手表,3,565.02,1695.05,银行卡,浙江省,0,已完成
ORD202506080830327865,USR74003,6/8/2025 8:30,家居用品,沙发,1,2784.0,2227.2,货到付款,福建省,1,已完成
ORD202511190646384256,USR42441,11/19/2025 6:46,食品生鲜,海鲜,4,42.48,169.93,微信支付,广东省,0,已完成
ORD202509301949336336,USR71940,9/30/2025 19:49,服装服饰,运动鞋,2,765.27,1224.43,货到付款,山东省,1,已完成
ORD202511101518554769,USR24337,11/10/2025 15:18,母婴用品,奶粉,1,835.29,835.29,支付宝,上海市,0,已完成
ORD202507291926292804,USR15921,7/29/2025 19:26,运动户外,跑步鞋,1,106.64,106.64,花呗,四川省,0,已完成
ORD202511080904016343,USR12279,11/8/2025 9:04,运动户外,跑步鞋,4,2535.74,10142.95,银行卡,广东省,0,已完成
ORD202602240355444731,USR84352,2/24/2026 3:55,数码家电,空气净化器,4,6146.07,19667.42,微信支付,湖北省,1,已完成
ORD202508190424292606,USR99135,8/19/2025 4:24,美妆个护,洗发水,3,2475.11,7425.32,货到付款,山东省,0,已完成
ORD202511070859404884,USR48097,11/7/2025 8:59,数码家电,无线耳机,2,7095.48,11352.76,银行卡,浙江省,1,已完成
ORD202512122117487759,USR39922,12/12/2025 21:17,运动户外,健身器材,3,2489.82,7469.47,花呗,四川省,0,待发货
ORD202603282315554276,USR78848,3/28/2026 23:15,服装服饰,衬衫,3,1279.74,3071.38,银行卡,北京市,1,已完成
ORD202601241123187152,USR75948,1/24/2026 11:23,家居用品,茶几,1,256.97,256.97,花呗,北京市,0,已完成
ORD202605241152374615,USR31928,5/24/2026 11:52,家居用品,茶几,4,1474.35,4717.93,花呗,北京市,1,待发货
ORD202512010340532204,USR29212,12/1/2025 3:40,母婴用品,婴儿床,1,351.89,351.89,花呗,河南省,0,已完成
ORD202605052315028716,USR22308,5/5/2026 23:15,家居用品,垃圾桶,2,1121.54,2243.07,货到付款,河南省,0,已完成
ORD202604261126488936,USR23106,4/26/2026 11:26,母婴用品,童装,3,692.15,1661.15,花呗,福建省,1,待发货
ORD202603131830011890,USR49924,3/13/2026 18:30,母婴用品,玩具,2,875.9,1401.45,银行卡,河南省,1,已完成
ORD202603101152448141,USR53997,3/10/2026 11:52,母婴用品,婴儿车,4,1164.69,4658.77,支付宝,福建省,0,待发货
ORD202506250430133374,USR69325,6/25/2025 4:30,运动户外,瑜伽垫,4,4524.1,18096.38,银行卡,浙江省,0,已完成
ORD202603020218074541,USR74312,3/2/2026 2:18,运动户外,自行车,5,2032.97,10164.87,货到付款,四川省,0,退款中
ORD202507241501198454,USR55977,7/24/2025 15:01,美妆个护,洗发水,2,2943.96,5887.92,花呗,广东省,0,已完成
ORD202512191028403917,USR81527,12/19/2025 10:28,食品生鲜,牛奶,1,381.92,381.92,支付宝,浙江省,0,已完成
ORD202508201233537346,USR43730,8/20/2025 12:33,母婴用品,玩具,2,1047.39,2094.78,货到付款,河南省,0,待发货
ORD202601041950377119,USR96954,1/4/2026 19:50,母婴用品,奶粉,3,1305.85,3917.55,微信支付,上海市,0,已完成
ORD202510050540523234,USR73765,10/5/2025 5:40,食品生鲜,饮料,4,60.09,192.29,微信支付,福建省,1,已完成
ORD202602130424048499,USR43231,2/13/2026 4:24,数码家电,冰箱,4,6833.91,21868.52,微信支付,福建省,1,已完成
ORD202512031844264181,USR57748,12/3/2025 18:44,母婴用品,婴儿车,2,1185.6,2371.19,支付宝,湖北省,0,已完成
ORD202512220148076875,USR70129,12/22/2025 1:48,美妆个护,粉底液,2,2958.62,5917.24,银行卡,湖北省,0,已完成
ORD202510250815415418,USR11777,10/25/2025 8:15,家居用品,衣柜,2,1916.56,3833.12,支付宝,江苏省,0,已完成
ORD202509302023104313,USR56219,9/30/2025 20:23,家居用品,沙发,3,2505.65,7516.96,支付宝,江苏省,0,已完成
ORD202508070610376503,USR49470,8/7/2025 6:10,服装服饰,卫衣,3,1609.54,4828.61,支付宝,湖北省,0,已完成
ORD202511261222283084,USR53743,11/26/2025 12:22,服装服饰,连衣裙,1,723.65,723.65,微信支付,福建省,0,已完成
ORD202605210536481525,USR77873,5/21/2026 5:36,家居用品,拖把,2,793.64,1587.28,银行卡,四川省,0,待发货
ORD202512250106151977,USR97023,12/25/2025 1:06,家居用品,垃圾桶,1,1302.87,1302.87,支付宝,广东省,0,已完成
ORD202510112243085597,USR88085,10/11/2025 22:43,运动户外,篮球,5,2389.48,9557.93,银行卡,山东省,1,已完成
ORD202512300338073236,USR73485,12/30/2025 3:38,美妆个护,爽肤水,3,743.05,1783.32,花呗,河南省,1,退款中
ORD202510161411382820,USR24779,10/16/2025 14:11,食品生鲜,饮料,4,448.35,1793.41,支付宝,四川省,0,已完成
ORD202602181133068627,USR45381,2/18/2026 11:33,服装服饰,牛仔裤,5,1107.97,5539.84,支付宝,浙江省,0,已完成
ORD202603271927588513,USR99887,3/27/2026 19:27,运动户外,健身器材,4,4894.38,15662.01,支付宝,广东省,1,已完成
ORD202605032307307852,USR78066,5/3/2026 23:07,运动户外,足球,5,4069.09,20345.44,花呗,上海市,0,已完成
ORD202603072330143804,USR93859,3/7/2026 23:30,食品生鲜,水果,1,282.3,225.84,花呗,广东省,1,已完成
ORD202602200900416629,USR12716,2/20/2026 9:00,运动户外,帐篷,1,4740.5,3792.4,微信支付,浙江省,1,待发货
ORD202602052004314602,USR29385,2/5/2026 20:04,美妆个护,面霜,3,1529.48,3670.75,货到付款,江苏省,1,已完成
ORD202604090235045835,USR63781,4/9/2026 2:35,家居用品,床上四件套,4,2663.58,10654.31,银行卡,上海市,0,待发货
ORD202602250608543568,USR38869,2/25/2026 6:08,母婴用品,玩具,5,748.38,3741.91,货到付款,山东省,0,已取消
ORD202509111602023784,USR96424,9/11/2025 16:02,食品生鲜,肉类,2,195.53,312.86,支付宝,四川省,1,已完成
ORD202601232219334763,USR28564,1/23/2026 22:19,家居用品,床上四件套,2,1266.03,2532.06,支付宝,湖北省,0,已完成
ORD202512060053082416,USR56818,12/6/2025 0:53,家居用品,拖把,3,1648.94,4946.83,微信支付,上海市,0,已完成
ORD202508141601547745,USR75251,8/14/2025 16:01,数码家电,智能手表,4,4651.18,18604.71,货到付款,广东省,0,已完成
ORD202509041743299548,USR14050,9/4/2025 17:43,食品生鲜,面包,2,253.24,506.47,支付宝,北京市,0,已完成
ORD202509170831419015,USR42029,9/17/2025 8:31,运动户外,健身器材,3,1599.4,3838.57,货到付款,北京市,1,待发货
ORD202601031744404546,USR85705,1/3/2026 17:44,母婴用品,辅食,3,1858.05,5574.16,微信支付,湖北省,0,已完成
ORD202509242212498757,USR66455,9/24/2025 22:12,食品生鲜,肉类,4,298.41,954.9,货到付款,山东省,1,已完成
ORD202508270754458581,USR57109,8/27/2025 7:54,运动户外,登山包,2,2097.92,3356.68,银行卡,北京市,1,已完成
ORD202509241358075573,USR37041,9/24/2025 13:58,家居用品,床上四件套,2,1960.51,3921.01,微信支付,福建省,0,已完成
ORD202603271151541237,USR21701,3/27/2026 11:51,母婴用品,婴儿床,2,1547.54,3095.07,货到付款,福建省,0,已完成
ORD202509210542498014,USR35407,9/21/2025 5:42,运动户外,足球,1,4807.57,3846.05,支付宝,北京市,1,已取消
ORD202603011809105041,USR59516,3/1/2026 18:09,美妆个护,粉底液,2,1513.66,3027.32,花呗,四川省,0,已完成
ORD202508201158085060,USR93720,8/20/2025 11:58,运动户外,帐篷,5,649.28,2597.13,花呗,广东省,1,已完成
ORD202602240130086362,USR24146,2/24/2026 1:30,数码家电,智能手表,1,3805.74,3044.59,微信支付,北京市,1,已完成
ORD202603011858008114,USR45903,3/1/2026 18:58,家居用品,衣柜,1,1447.33,1447.33,花呗,广东省,0,已完成
ORD202512072150204643,USR92167,12/7/2025 21:50,运动户外,跑步鞋,1,4495.27,3596.22,银行卡,河南省,1,已完成
ORD202510020302023440,USR98971,10/2/2025 3:02,服装服饰,羽绒服,1,819.86,819.86,微信支付,河南省,0,已完成
ORD202512040805311083,USR81423,12/4/2025 8:05,服装服饰,T恤,3,1908.98,5726.95,支付宝,福建省,0,已完成
ORD202510141104527844,USR68886,10/14/2025 11:04,数码家电,笔记本电脑,5,4138.49,16553.96,支付宝,四川省,1,已完成
ORD202601041607221724,USR79062,1/4/2026 16:07,美妆个护,洗面奶,4,2922.13,9350.81,微信支付,河南省,1,已完成
ORD202605291443051656,USR32931,5/29/2026 14:43,家居用品,沙发,2,44.43,88.86,花呗,湖北省,0,已完成
ORD202605292202068711,USR44774,5/29/2026 22:02,食品生鲜,面包,1,450.42,450.42,花呗,四川省,0,已完成
ORD202604052142549261,USR99006,4/5/2026 21:42,数码家电,智能手机,4,7483.4,29933.61,支付宝,四川省,0,已完成
ORD202603080623581550,USR55723,3/8/2026 6:23,美妆个护,香水,3,2884.23,8652.7,银行卡,江苏省,0,已完成
ORD202509150448327974,USR53410,9/15/2025 4:48,食品生鲜,水果,4,16.41,65.63,花呗,福建省,0,已完成
ORD202509201823299701,USR61252,9/20/2025 18:23,服装服饰,T恤,1,384.82,384.82,银行卡,上海市,0,已完成
ORD202507180756567460,USR87220,7/18/2025 7:56,服装服饰,运动鞋,5,1324.84,6624.2,花呗,上海市,0,退款中
ORD202601091711288852,USR64695,1/9/2026 17:11,食品生鲜,零食,4,22.48,71.94,微信支付,广东省,1,待发货
ORD202602181834352605,USR46208,2/18/2026 18:34,数码家电,空气净化器,1,977.07,977.07,货到付款,山东省,0,已完成
ORD202512282254218412,USR50543,12/28/2025 22:54,服装服饰,运动鞋,1,481.1,481.1,支付宝,浙江省,0,已完成
ORD202510261100229114,USR34978,10/26/2025 11:00,家居用品,茶几,2,1547.07,2475.31,微信支付,湖北省,1,待发货
ORD202605142105334940,USR15387,5/14/2026 21:05,母婴用品,童装,2,1114.51,1783.22,花呗,广东省,1,待发货
ORD202511010518322361,USR85958,11/1/2025 5:18,运动户外,瑜伽垫,5,267.88,1071.52,支付宝,广东省,1,已完成
ORD202604141949501203,USR78167,4/14/2026 19:49,食品生鲜,海鲜,2,93.48,186.96,货到付款,福建省,0,已完成
ORD202510130053177662,USR54993,10/13/2025 0:53,食品生鲜,水果,5,254.86,1274.28,货到付款,山东省,0,已完成
ORD202603280528544571,USR90264,3/28/2026 5:28,服装服饰,衬衫,3,1208.18,3624.55,花呗,广东省,0,已完成
ORD202604091133473174,USR26116,4/9/2026 11:33,数码家电,智能手表,3,1613.01,4839.04,支付宝,江苏省,0,已完成
ORD202507272115236872,USR66814,7/27/2025 21:15,家居用品,茶几,2,1208.55,2417.09,花呗,福建省,0,退款中
ORD202509211912535846,USR69641,9/21/2025 19:12,数码家电,智能手机,3,7283.01,21849.03,货到付款,浙江省,0,已完成
ORD202506170805174916,USR84273,6/17/2025 8:05,美妆个护,沐浴露,4,2996.73,11986.92,微信支付,湖北省,0,已完成
ORD202509201654322486,USR55481,9/20/2025 16:54,美妆个护,面霜,4,2962.03,11848.11,微信支付,北京市,0,已完成
ORD202603050816451260,USR47802,3/5/2026 8:16,母婴用品,纸尿裤,4,1769.27,7077.06,银行卡,山东省,0,已完成
ORD202507011636278860,USR24442,7/1/2025 16:36,服装服饰,卫衣,3,819.59,2458.76,货到付款,浙江省,0,已完成
ORD202510131220305994,USR11092,10/13/2025 12:20,服装服饰,T恤,4,1388.82,5555.28,货到付款,四川省,0,已完成
ORD202605252023383650,USR75395,5/25/2026 20:23,服装服饰,羽绒服,5,862.35,4311.77,花呗,山东省,0,已完成
ORD202511191914398524,USR99853,11/19/2025 19:14,母婴用品,玩具,1,1314.63,1314.63,银行卡,四川省,0,已完成
ORD202602101806091399,USR29284,2/10/2026 18:06,美妆个护,沐浴露,2,949.01,1898.03,银行卡,四川省,0,已完成
ORD202509081413518452,USR71121,9/8/2025 14:13,数码家电,智能手表,5,5046.52,25232.58,支付宝,广东省,0,已完成
ORD202603180541588598,USR99249,3/18/2026 5:41,母婴用品,婴儿车,4,1071.33,4285.32,花呗,河南省,0,已完成
ORD202512040120323271,USR29690,12/4/2025 1:20,母婴用品,童装,1,97.74,97.74,微信支付,浙江省,0,已完成
ORD202508230230057641,USR78575,8/23/2025 2:30,数码家电,智能手机,2,6430.27,10288.43,支付宝,四川省,1,已完成
ORD202508181124374030,USR47982,8/18/2025 11:24,服装服饰,羽绒服,5,73.2,366.0,银行卡,浙江省,0,已完成
ORD202604181304097068,USR91762,4/18/2026 13:04,家居用品,床上四件套,2,893.6,1787.21,微信支付,上海市,0,已完成
ORD202512270354368607,USR83156,12/27/2025 3:54,数码家电,智能手表,3,544.43,1306.63,货到付款,浙江省,1,已完成
ORD202509140708241022,USR97073,9/14/2025 7:08,美妆个护,洗面奶,4,1147.32,4589.27,花呗,河南省,0,待发货
ORD202605290824482158,USR31313,5/29/2026 8:24,食品生鲜,蔬菜,5,40.95,204.74,银行卡,北京市,0,已完成
ORD202601050623157305,USR49799,1/5/2026 6:23,食品生鲜,零食,5,457.62,2288.1,货到付款,湖北省,0,已完成
ORD202602260847126454,USR73809,2/26/2026 8:47,运动户外,篮球,1,2136.83,1709.46,银行卡,北京市,1,已完成
ORD202509141141449698,USR47782,9/14/2025 11:41,运动户外,瑜伽垫,1,2351.53,2351.53,微信支付,四川省,0,已完成
ORD202507240728361535,USR18469,7/24/2025 7:28,母婴用品,奶粉,1,732.21,732.21,支付宝,浙江省,0,已完成
ORD202507131003555859,USR48630,7/13/2025 10:03,食品生鲜,海鲜,2,317.48,634.96,微信支付,江苏省,0,已完成
ORD202601260231337977,USR12043,1/26/2026 2:31,家居用品,沙发,4,2357.54,9430.14,花呗,山东省,0,待发货
ORD202603151736155420,USR69488,3/15/2026 17:36,服装服饰,运动鞋,2,1313.89,2627.77,花呗,河南省,0,已完成
ORD202601142139249887,USR15367,1/14/2026 21:39,美妆个护,面霜,4,2252.18,7206.96,银行卡,福建省,1,已完成
ORD202509012216134393,USR38485,9/1/2025 22:16,运动户外,自行车,5,4539.27,22696.35,微信支付,四川省,0,已完成
ORD202509030352212326,USR47095,9/3/2025 3:52,家居用品,茶几,2,2593.37,5186.74,支付宝,江苏省,0,已完成
ORD202506201710056500,USR87735,6/20/2025 17:10,美妆个护,洗面奶,2,2031.95,4063.91,花呗,河南省,0,已完成
ORD202602160318181898,USR26178,2/16/2026 3:18,美妆个护,沐浴露,2,667.47,1334.95,支付宝,四川省,0,已取消
ORD202605181255419433,USR16972,5/18/2026 12:55,服装服饰,休闲裤,3,1293.52,3104.45,货到付款,福建省,1,已完成
ORD202512240539556963,USR74011,12/24/2025 5:39,母婴用品,婴儿车,4,1036.86,4147.45,银行卡,山东省,0,已完成
ORD202508271524431844,USR50084,8/27/2025 15:24,食品生鲜,牛奶,4,361.44,1445.75,支付宝,上海市,0,已完成
ORD202602031804272818,USR10667,2/3/2026 18:04,服装服饰,T恤,2,1674.22,3348.43,银行卡,山东省,0,已完成
ORD202508301011387274,USR66403,8/30/2025 10:11,家居用品,沙发,3,2233.31,6699.93,货到付款,湖北省,0,已完成
ORD202506210915096989,USR56170,6/21/2025 9:15,母婴用品,婴儿车,2,1700.79,3401.59,支付宝,江苏省,0,已完成
ORD202507092154458624,USR96540,7/9/2025 21:54,家居用品,床上四件套,4,210.32,673.03,支付宝,浙江省,1,退款中
ORD202511081214521669,USR10084,11/8/2025 12:14,母婴用品,纸尿裤,5,111.66,558.3,货到付款,北京市,0,已完成
ORD202510070633346989,USR16540,10/7/2025 6:33,运动户外,健身器材,3,1366.65,3279.97,微信支付,河南省,1,已完成
ORD202603061415427003,USR42955,3/6/2026 14:15,家居用品,衣柜,3,2703.98,6489.56,支付宝,江苏省,1,待发货
ORD202512011107243871,USR28051,12/1/2025 11:07,服装服饰,卫衣,2,1656.14,2649.82,支付宝,北京市,1,已完成
ORD202507100108472097,USR55903,7/10/2025 1:08,母婴用品,婴儿床,5,1381.32,6906.59,花呗,上海市,0,已完成
ORD202602201310104354,USR47128,2/20/2026 13:10,母婴用品,纸尿裤,4,1416.48,5665.92,微信支付,河南省,0,已完成
ORD202603270803373267,USR75797,3/27/2026 8:03,美妆个护,爽肤水,1,2188.21,1750.57,支付宝,浙江省,1,已完成
ORD202507240917086487,USR97205,7/24/2025 9:17,美妆个护,洗面奶,4,2829.53,9054.5,货到付款,河南省,1,已取消
ORD202506030017404909,USR83498,6/3/2025 0:17,数码家电,智能手表,4,6741.43,21572.59,银行卡,浙江省,1,已完成
ORD202512311739279841,USR30321,12/31/2025 17:39,家居用品,窗帘,5,1877.7,9388.52,货到付款,江苏省,0,已完成
ORD202605271950122860,USR21272,5/27/2026 19:50,美妆个护,香水,3,2007.17,6021.52,微信支付,北京市,0,待发货
ORD202508010807038839,USR45477,8/1/2025 8:07,数码家电,智能手表,4,2103.05,6729.77,花呗,河南省,1,已完成
ORD202511060039084437,USR28696,11/6/2025 0:39,运动户外,瑜伽垫,3,3320.86,9962.59,花呗,山东省,0,已完成
ORD202602091324064693,USR35785,2/9/2026 13:24,运动户外,帐篷,5,2180.93,10904.64,花呗,河南省,0,已完成
ORD202605300307506250,USR66629,5/30/2026 3:07,美妆个护,沐浴露,5,484.3,2421.48,货到付款,山东省,0,已完成
ORD202605090013456778,USR86706,5/9/2026 0:13,家居用品,床上四件套,2,2423.08,4846.16,银行卡,广东省,0,已完成
ORD202605080316405380,USR20579,5/8/2026 3:16,母婴用品,辅食,1,1044.98,1044.98,银行卡,北京市,0,已完成
ORD202512021750319250,USR48116,12/2/2025 17:50,食品生鲜,水果,5,488.94,2444.69,支付宝,广东省,0,已取消
ORD202512031008337929,USR38686,12/3/2025 10:08,家居用品,拖把,5,859.4,4297.02,银行卡,河南省,0,已完成
ORD202602081527365540,USR14212,2/8/2026 15:27,服装服饰,衬衫,3,987.31,2961.92,银行卡,上海市,0,已完成
ORD202508171103511892,USR72020,8/17/2025 11:03,运动户外,瑜伽垫,5,2295.18,11475.89,支付宝,北京市,0,已完成
ORD202603211336062038,USR56482,3/21/2026 13:36,美妆个护,爽肤水,4,388.72,1554.86,货到付款,广东省,0,已完成
ORD202509201319047108,USR42601,9/20/2025 13:19,美妆个护,香水,2,1295.56,2072.9,货到付款,四川省,1,已完成
ORD202510031729596656,USR98932,10/3/2025 17:29,母婴用品,奶粉,2,610.73,1221.46,微信支付,上海市,0,已完成
ORD202509192015498412,USR93498,9/19/2025 20:15,服装服饰,羽绒服,4,362.62,1450.5,货到付款,江苏省,0,已完成
ORD202602062012178966,USR60625,2/6/2026 20:12,母婴用品,纸尿裤,5,600.2,2400.81,花呗,广东省,1,已完成
ORD202506232326069215,USR65386,6/23/2025 23:26,服装服饰,羽绒服,1,504.84,403.87,花呗,上海市,1,待发货
ORD202605191435089629,USR62312,5/19/2026 14:35,食品生鲜,海鲜,5,369.7,1848.48,微信支付,江苏省,0,已完成
ORD202603261302103010,USR22863,3/26/2026 13:02,运动户外,足球,2,250.8,501.6,银行卡,四川省,0,已完成
ORD202507051750038703,USR44243,7/5/2025 17:50,美妆个护,粉底液,1,1863.86,1863.86,微信支付,湖北省,0,已完成
ORD202602090751539714,USR49586,2/9/2026 7:51,美妆个护,洗面奶,3,2289.16,6867.49,支付宝,北京市,0,已完成
ORD202601092318389730,USR88255,1/9/2026 23:18,食品生鲜,饮料,3,245.55,589.33,微信支付,湖北省,1,已取消
ORD202508300426565788,USR50728,8/30/2025 4:26,数码家电,冰箱,5,7486.74,29946.95,微信支付,广东省,1,已完成
ORD202512251958508405,USR32715,12/25/2025 19:58,运动户外,足球,5,3568.62,14274.46,花呗,河南省,1,待发货
ORD202603142103267031,USR83912,3/14/2026 21:03,母婴用品,婴儿床,1,1508.45,1508.45,支付宝,河南省,0,已完成
ORD202603081956422075,USR67123,3/8/2026 19:56,食品生鲜,海鲜,1,106.5,106.5,支付宝,山东省,0,已完成
ORD202604270540444085,USR98987,4/27/2026 5:40,母婴用品,奶粉,5,1565.73,6262.91,微信支付,上海市,1,已完成
ORD202605301823298501,USR52268,5/30/2026 18:23,家居用品,窗帘,2,2499.64,4999.28,支付宝,湖北省,0,待发货
ORD202506151138412430,USR85781,6/15/2025 11:38,美妆个护,洗面奶,3,1102.96,3308.88,支付宝,江苏省,0,已完成
ORD202605211555042313,USR28242,5/21/2026 15:55,母婴用品,纸尿裤,1,466.06,372.85,货到付款,广东省,1,已完成
ORD202605242043527400,USR99564,5/24/2026 20:43,服装服饰,羽绒服,2,800.85,1601.7,支付宝,浙江省,0,已完成
ORD202508072343193929,USR36149,8/7/2025 23:43,母婴用品,奶粉,5,1492.24,7461.18,银行卡,江苏省,0,已完成
ORD202511100658135724,USR42770,11/10/2025 6:58,家居用品,垃圾桶,4,1264.56,4046.61,支付宝,浙江省,1,已完成
ORD202605091507082260,USR27785,5/9/2026 15:07,运动户外,自行车,1,3709.59,3709.59,花呗,山东省,0,退款中
ORD202604220702362791,USR64566,4/22/2026 7:02,美妆个护,面霜,4,367.29,1469.15,货到付款,河南省,0,已完成
ORD202508080628103699,USR82651,8/8/2025 6:28,食品生鲜,牛奶,2,404.95,809.89,花呗,北京市,0,已完成
ORD202605291647225521,USR36151,5/29/2026 16:47,家居用品,衣柜,3,774.56,2323.67,花呗,北京市,0,已完成
ORD202605240337032835,USR49460,5/24/2026 3:37,美妆个护,粉底液,2,769.32,1538.64,银行卡,河南省,0,已完成
ORD202506150242423424,USR49976,6/15/2025 2:42,母婴用品,婴儿床,3,1201.24,3603.73,货到付款,山东省,0,已完成
ORD202604211758439131,USR21219,4/21/2026 17:58,运动户外,登山包,2,443.58,887.16,微信支付,四川省,0,已取消
ORD202511020415273465,USR48972,11/2/2025 4:15,数码家电,平板,1,697.23,557.79,支付宝,湖北省,1,已完成
ORD202604030019314346,USR84273,4/3/2026 0:19,运动户外,自行车,1,1379.04,1379.04,银行卡,浙江省,0,已完成
ORD202512100918459530,USR92355,12/10/2025 9:18,数码家电,笔记本电脑,4,4535.51,14513.62,银行卡,浙江省,1,已完成
ORD202508120833001371,USR70444,8/12/2025 8:33,服装服饰,衬衫,2,1819.85,3639.7,微信支付,广东省,0,已完成
ORD202605301749345803,USR81543,5/30/2026 17:49,运动户外,瑜伽垫,2,4247.53,8495.06,银行卡,河南省,0,已完成
ORD202603182112567824,USR34034,3/18/2026 21:12,美妆个护,粉底液,4,1486.63,5946.5,微信支付,上海市,0,已完成
ORD202605051820189870,USR59278,5/5/2026 18:20,数码家电,智能手表,5,777.89,3889.45,微信支付,湖北省,0,已完成
ORD202605261518563163,USR67264,5/26/2026 15:18,食品生鲜,蔬菜,2,272.27,435.64,微信支付,山东省,1,已完成
ORD202509211001398764,USR22588,9/21/2025 10:01,美妆个护,爽肤水,2,2123.24,4246.49,银行卡,河南省,0,已完成
ORD202605071150196680,USR28167,5/7/2026 11:50,食品生鲜,肉类,2,176.19,352.38,微信支付,河南省,0,已完成
ORD202506151312367883,USR79018,6/15/2025 13:12,运动户外,瑜伽垫,5,644.21,3221.05,银行卡,四川省,0,已完成
ORD202506041422348272,USR67920,6/4/2025 14:22,食品生鲜,肉类,1,146.5,146.5,货到付款,上海市,0,已完成
ORD202509242113011351,USR51059,9/24/2025 21:13,数码家电,冰箱,4,6286.92,25147.67,微信支付,江苏省,0,已完成
ORD202601071347175776,USR76036,1/7/2026 13:47,美妆个护,洗面奶,5,1073.19,5365.97,银行卡,江苏省,0,已完成
ORD202601210220404097,USR99805,1/21/2026 2:20,母婴用品,辅食,3,1633.36,4900.09,银行卡,福建省,0,已完成
ORD202507121606532031,USR56865,7/12/2025 16:06,家居用品,茶几,3,972.17,2916.52,银行卡,四川省,0,已完成
ORD202605271349341361,USR71391,5/27/2026 13:49,数码家电,洗衣机,5,1726.66,8633.31,支付宝,江苏省,0,已完成
ORD202510090249074806,USR56424,10/9/2025 2:49,数码家电,冰箱,5,3768.86,18844.31,支付宝,四川省,0,待发货
ORD202509191218249513,USR66055,9/19/2025 12:18,母婴用品,童装,1,931.94,931.94,微信支付,浙江省,0,已完成
ORD202511241050256503,USR71151,11/24/2025 10:50,美妆个护,沐浴露,3,77.84,233.52,货到付款,北京市,0,已完成
ORD202602050127537745,USR65116,2/5/2026 1:27,美妆个护,洗面奶,4,377.62,1208.4,微信支付,北京市,1,已完成
ORD202512282355396616,USR63773,12/28/2025 23:55,运动户外,帐篷,2,1006.14,1609.82,花呗,河南省,1,已完成
ORD202512211500106346,USR70461,12/21/2025 15:00,食品生鲜,肉类,2,65.66,105.05,花呗,北京市,1,已完成
ORD202512091935508965,USR13627,12/9/2025 19:35,运动户外,篮球,1,1773.48,1773.48,货到付款,湖北省,0,已完成
ORD202605120830129686,USR83257,5/12/2026 8:30,母婴用品,婴儿车,1,1931.01,1544.81,货到付款,江苏省,1,已完成
ORD202605311201049986,USR13463,5/31/2026 12:01,运动户外,登山包,3,2595.19,7785.57,货到付款,湖北省,0,已完成
ORD202507230250028295,USR65170,7/23/2025 2:50,母婴用品,玩具,4,1273.73,4075.95,支付宝,广东省,1,已完成
ORD202604271227068503,USR21590,4/27/2026 12:27,美妆个护,爽肤水,4,1088.47,4353.87,支付宝,江苏省,0,已完成
ORD202512131936095982,USR28426,12/13/2025 19:36,食品生鲜,肉类,5,168.51,842.55,花呗,上海市,0,已完成
ORD202511291816113161,USR90636,11/29/2025 18:16,运动户外,足球,1,213.42,213.42,货到付款,山东省,0,已完成
ORD202509142301336021,USR49634,9/14/2025 23:01,数码家电,洗衣机,2,4252.5,8505.0,银行卡,福建省,0,已完成
ORD202508142107563813,USR41804,8/14/2025 21:07,服装服饰,运动鞋,2,993.04,1588.86,花呗,四川省,1,已完成
ORD202604110241305259,USR86064,4/11/2026 2:41,家居用品,衣柜,3,490.34,1176.81,货到付款,河南省,1,已完成
ORD202507141756384715,USR77135,7/14/2025 17:56,数码家电,智能手表,2,6232.43,9971.89,银行卡,四川省,1,已完成
ORD202510071011578933,USR58904,10/7/2025 10:11,美妆个护,爽肤水,4,1493.24,5972.97,货到付款,山东省,0,已完成
ORD202508030233227093,USR26682,8/3/2025 2:33,家居用品,衣柜,4,1030.2,4120.81,微信支付,山东省,0,已完成
ORD202603112231305720,USR91381,3/11/2026 22:31,服装服饰,卫衣,1,336.47,336.47,银行卡,山东省,0,已取消
ORD202511260523341775,USR81207,11/26/2025 5:23,服装服饰,T恤,3,1126.71,2704.11,微信支付,江苏省,1,已完成
ORD202602071827263430,USR84130,2/7/2026 18:27,食品生鲜,蔬菜,2,378.88,757.76,支付宝,福建省,0,已完成
ORD202509082152566785,USR48449,9/8/2025 21:52,家居用品,拖把,1,860.36,688.29,花呗,上海市,1,已完成
ORD202603070149135659,USR17017,3/7/2026 1:49,食品生鲜,面包,5,117.21,586.05,货到付款,山东省,0,已完成
ORD202508120730048469,USR61466,8/12/2025 7:30,数码家电,空气净化器,5,4414.51,22072.56,花呗,河南省,0,已完成
ORD202506061116273725,USR26506,6/6/2025 11:16,母婴用品,辅食,2,352.92,564.67,货到付款,江苏省,1,已完成
ORD202603140146353634,USR62814,3/14/2026 1:46,母婴用品,奶瓶,2,1349.9,2699.79,微信支付,上海市,0,已完成
ORD202510092206479770,USR97828,10/9/2025 22:06,母婴用品,婴儿床,2,1230.42,2460.84,银行卡,山东省,0,已完成
ORD202604040229195673,USR10780,4/4/2026 2:29,家居用品,拖把,4,279.5,1118.02,银行卡,广东省,0,已完成
ORD202509231349313986,USR70661,9/23/2025 13:49,母婴用品,辅食,2,121.21,193.94,货到付款,河南省,1,已完成
ORD202601071206163873,USR77896,1/7/2026 12:06,数码家电,洗衣机,5,5152.16,25760.82,微信支付,广东省,0,已完成
ORD202602172152273514,USR70322,2/17/2026 21:52,食品生鲜,饮料,2,154.2,308.41,货到付款,福建省,0,已完成
ORD202603220223123641,USR17123,3/22/2026 2:23,家居用品,窗帘,3,277.61,832.83,货到付款,湖北省,0,已完成
ORD202508150023374897,USR21096,8/15/2025 0:23,食品生鲜,饮料,5,382.12,1910.6,货到付款,福建省,0,已完成
ORD202508080343522915,USR17168,8/8/2025 3:43,家居用品,窗帘,3,955.85,2867.55,银行卡,湖北省,0,已完成
ORD202601240630311674,USR45412,1/24/2026 6:30,食品生鲜,零食,5,235.2,1176.02,货到付款,湖北省,0,已完成
ORD202604291151496187,USR95181,4/29/2026 11:51,服装服饰,牛仔裤,1,511.79,409.43,银行卡,上海市,1,已完成
ORD202602040121213072,USR24031,2/4/2026 1:21,食品生鲜,水果,5,317.39,1269.54,支付宝,浙江省,1,已完成
ORD202605150902408223,USR53710,5/15/2026 9:02,母婴用品,玩具,5,637.9,3189.51,微信支付,河南省,0,已完成
ORD202511051126395266,USR87901,11/5/2025 11:26,服装服饰,衬衫,3,1937.64,4650.34,支付宝,上海市,1,已完成
ORD202604180406137056,USR22766,4/18/2026 4:06,食品生鲜,饮料,3,354.44,1063.33,货到付款,北京市,0,已完成
ORD202511140228594022,USR48086,11/14/2025 2:28,家居用品,床上四件套,5,427.43,2137.16,银行卡,广东省,0,已完成
ORD202512180245494361,USR84113,12/18/2025 2:45,家居用品,拖把,5,1261.75,6308.75,微信支付,福建省,0,退款中
ORD202510060829521568,USR73106,10/6/2025 8:29,家居用品,沙发,4,1168.55,4674.22,花呗,山东省,0,已完成
ORD202507041627166192,USR53425,7/4/2025 16:27,美妆个护,口红,1,1616.71,1616.71,微信支付,河南省,0,已完成
ORD202511031602116633,USR17977,11/3/2025 16:02,数码家电,平板,1,6814.48,6814.48,微信支付,江苏省,0,已完成
ORD202602152155003423,USR25917,2/15/2026 21:55,家居用品,拖把,2,1758.6,2813.76,货到付款,福建省,1,已完成
ORD202507080103137109,USR86626,7/8/2025 1:03,服装服饰,T恤,5,170.04,850.18,支付宝,浙江省,0,已完成
ORD202508111817088347,USR98396,8/11/2025 18:17,家居用品,窗帘,5,1973.14,9865.69,支付宝,福建省,0,已完成
ORD202507251435519845,USR76954,7/25/2025 14:35,美妆个护,爽肤水,5,54.55,272.74,花呗,河南省,0,已完成
ORD202512031011413663,USR16949,12/3/2025 10:11,母婴用品,奶粉,5,1570.92,7854.61,货到付款,广东省,0,已完成
ORD202510041611109743,USR36878,10/4/2025 16:11,服装服饰,运动鞋,1,1349.94,1349.94,微信支付,浙江省,0,已完成
ORD202605301031295940,USR77667,5/30/2026 10:31,美妆个护,爽肤水,3,947.09,2841.28,支付宝,江苏省,0,已完成
ORD202509050757592990,USR28894,9/5/2025 7:57,母婴用品,婴儿床,4,620.26,1984.84,支付宝,上海市,1,已完成
ORD202506031539401408,USR83668,6/3/2025 15:39,运动户外,足球,3,4011.54,9627.69,银行卡,北京市,1,已完成
ORD202509100641417628,USR74920,9/10/2025 6:41,运动户外,瑜伽垫,3,3938.35,11815.05,微信支付,上海市,0,已完成
ORD202510272310209182,USR27878,10/27/2025 23:10,服装服饰,衬衫,1,736.99,736.99,货到付款,福建省,0,已完成
ORD202508311113013381,USR39300,8/31/2025 11:13,食品生鲜,零食,4,156.48,500.75,支付宝,江苏省,1,已完成
ORD202511211152368504,USR98562,11/21/2025 11:52,数码家电,无线耳机,5,4698.69,23493.43,货到付款,广东省,0,已完成
ORD202603201731166246,USR93842,3/20/2026 17:31,数码家电,笔记本电脑,1,562.74,562.74,微信支付,河南省,0,已完成
ORD202509121634023556,USR30286,9/12/2025 16:34,美妆个护,面霜,1,275.52,275.52,微信支付,福建省,0,待发货
ORD202510070019491070,USR49438,10/7/2025 0:19,母婴用品,纸尿裤,4,296.03,1184.12,支付宝,山东省,0,退款中
ORD202509260620219948,USR92344,9/26/2025 6:20,数码家电,无线耳机,2,1890.59,3024.94,花呗,浙江省,1,已完成
ORD202601130455399313,USR50749,1/13/2026 4:55,母婴用品,童装,1,1048.44,1048.44,货到付款,浙江省,0,已完成
ORD202603081745126427,USR10845,3/8/2026 17:45,母婴用品,奶瓶,3,1984.87,5954.62,货到付款,江苏省,0,已完成
ORD202601091136145842,USR73564,1/9/2026 11:36,美妆个护,沐浴露,3,1968.26,5904.79,银行卡,四川省,0,已完成
ORD202506051035198764,USR91744,6/5/2025 10:35,美妆个护,粉底液,5,212.06,1060.29,微信支付,四川省,0,已完成
ORD202509101351075748,USR36306,9/10/2025 13:51,美妆个护,面霜,1,1590.97,1272.78,微信支付,福建省,1,已完成
ORD202602092046143409,USR25035,2/9/2026 20:46,数码家电,空气净化器,5,4224.84,21124.2,支付宝,福建省,0,已完成
ORD202510181516068243,USR18800,10/18/2025 15:16,运动户外,篮球,1,806.42,806.42,支付宝,福建省,0,已完成
ORD202602250104166549,USR10004,2/25/2026 1:04,美妆个护,口红,4,2763.21,8842.27,支付宝,福建省,1,已完成
ORD202508311829582840,USR30056,8/31/2025 18:29,数码家电,无线耳机,1,3805.74,3805.74,银行卡,四川省,0,已完成
ORD202506250302268847,USR89140,6/25/2025 3:02,美妆个护,香水,2,2983.84,5967.68,花呗,河南省,0,已完成
ORD202602150813031656,USR25864,2/15/2026 8:13,家居用品,拖把,3,1271.82,3815.45,支付宝,浙江省,0,已完成
ORD202507162156073284,USR78134,7/16/2025 21:56,母婴用品,童装,4,1235.52,4942.07,支付宝,广东省,0,已完成
ORD202511281747442914,USR22696,11/28/2025 17:47,美妆个护,沐浴露,3,341.14,1023.43,支付宝,山东省,0,已完成
ORD202509280338326047,USR42401,9/28/2025 3:38,服装服饰,卫衣,5,935.74,4678.72,银行卡,四川省,0,已完成
ORD202508020040071406,USR36777,8/2/2025 0:40,母婴用品,辅食,4,515.59,2062.37,货到付款,广东省,0,已完成
ORD202511051045247580,USR23579,11/5/2025 10:45,母婴用品,奶粉,2,1679.35,2686.96,花呗,江苏省,1,已完成
ORD202602221040104610,USR72094,2/22/2026 10:40,美妆个护,口红,3,2358.24,7074.72,货到付款,广东省,0,已完成
ORD202512130349488306,USR13231,12/13/2025 3:49,运动户外,自行车,1,4138.48,4138.48,微信支付,福建省,0,已完成
ORD202605251158176855,USR76296,5/25/2026 11:58,食品生鲜,牛奶,1,364.57,364.57,微信支付,湖北省,0,已完成
ORD202605141506282515,USR68171,5/14/2026 15:06,运动户外,足球,1,4180.15,3344.12,支付宝,河南省,1,已完成
ORD202605111854326347,USR61211,5/11/2026 18:54,美妆个护,洗发水,4,626.46,2505.85,货到付款,四川省,0,已完成
ORD202603010537361901,USR17294,3/1/2026 5:37,母婴用品,婴儿车,2,931.49,1490.38,银行卡,湖北省,1,已完成
ORD202603262326194197,USR25966,3/26/2026 23:26,服装服饰,衬衫,2,1399.1,2798.2,花呗,江苏省,0,已取消
ORD202509291831289625,USR49311,9/29/2025 18:31,母婴用品,童装,2,1292.92,2068.66,货到付款,福建省,1,待发货
ORD202602240158214639,USR63026,2/24/2026 1:58,运动户外,跑步鞋,3,3610.14,10830.41,货到付款,浙江省,0,已完成
ORD202507161423385553,USR73402,7/16/2025 14:23,服装服饰,连衣裙,4,487.3,1949.22,花呗,山东省,0,已完成
ORD202602040113154206,USR34123,2/4/2026 1:13,数码家电,空气净化器,1,1238.26,1238.26,货到付款,北京市,0,已完成
ORD202605221857141369,USR40792,5/22/2026 18:57,家居用品,衣柜,3,2752.08,6605.0,货到付款,上海市,1,已完成
ORD202509231356592369,USR81659,9/23/2025 13:56,母婴用品,婴儿床,2,1142.34,2284.67,花呗,山东省,0,已完成
ORD202510211745269821,USR44114,10/21/2025 17:45,美妆个护,香水,1,486.86,486.86,银行卡,山东省,0,已完成
ORD202601251643278298,USR90315,1/25/2026 16:43,数码家电,无线耳机,4,6450.77,25803.1,花呗,江苏省,0,已完成
ORD202508251827502431,USR99302,8/25/2025 18:27,家居用品,床上四件套,5,2746.49,10985.96,支付宝,浙江省,1,已完成
ORD202508250225359385,USR67557,8/25/2025 2:25,美妆个护,洗面奶,2,533.6,853.77,支付宝,湖北省,1,已完成
ORD202507222057047462,USR96266,7/22/2025 20:57,食品生鲜,海鲜,2,410.53,821.06,支付宝,四川省,0,退款中
ORD202512031658424185,USR90892,12/3/2025 16:58,美妆个护,洗发水,2,2801.68,5603.36,支付宝,上海市,0,已完成
ORD202507301147349035,USR26147,7/30/2025 11:47,服装服饰,休闲裤,2,1879.81,3759.61,微信支付,山东省,0,已完成
ORD202511241642306206,USR66669,11/24/2025 16:42,服装服饰,卫衣,1,1832.61,1466.08,银行卡,江苏省,1,已完成
ORD202603180923379381,USR29168,3/18/2026 9:23,食品生鲜,水果,4,277.75,888.79,微信支付,四川省,1,已完成
ORD202601220553461918,USR93387,1/22/2026 5:53,数码家电,洗衣机,3,3171.58,9514.75,货到付款,江苏省,0,待发货
ORD202510240226096915,USR12838,10/24/2025 2:26,家居用品,沙发,1,41.67,41.67,货到付款,浙江省,0,已完成
ORD202511091157437513,USR34223,11/9/2025 11:57,美妆个护,口红,4,210.91,674.91,花呗,河南省,1,退款中
ORD202602281433423423,USR28571,2/28/2026 14:33,服装服饰,卫衣,3,886.24,2126.97,支付宝,江苏省,1,已完成
ORD202512310714118006,USR96175,12/31/2025 7:14,数码家电,平板,2,3494.95,6989.89,花呗,湖北省,0,已完成
ORD202605211153017056,USR41546,5/21/2026 11:53,食品生鲜,水果,4,100.51,402.04,货到付款,江苏省,0,已完成
ORD202511302026087326,USR32383,11/30/2025 20:26,运动户外,瑜伽垫,2,2037.85,4075.7,支付宝,四川省,0,待发货
ORD202603220301067108,USR77045,3/22/2026 3:01,母婴用品,奶粉,4,390.57,1562.27,银行卡,浙江省,0,已完成
ORD202512261801401199,USR81654,12/26/2025 18:01,运动户外,自行车,5,4259.08,21295.39,货到付款,湖北省,0,已完成
ORD202604081108065663,USR36260,4/8/2026 11:08,运动户外,登山包,2,1561.15,3122.31,花呗,广东省,0,已完成
ORD202602132148316651,USR72411,2/13/2026 21:48,服装服饰,运动鞋,2,1217.2,2434.4,花呗,江苏省,0,已完成
ORD202604171510566756,USR72975,4/17/2026 15:10,食品生鲜,饮料,2,256.39,512.79,货到付款,浙江省,0,待发货
ORD202508241944376047,USR48015,8/24/2025 19:44,美妆个护,面霜,1,184.09,184.09,微信支付,河南省,0,已完成
ORD202603232102468300,USR47938,3/23/2026 21:02,运动户外,瑜伽垫,3,4716.95,14150.84,银行卡,北京市,0,已完成
ORD202509050232412435,USR97495,9/5/2025 2:32,运动户外,瑜伽垫,2,2683.41,4293.45,货到付款,四川省,1,已完成
ORD202602200514464533,USR23109,2/20/2026 5:14,家居用品,衣柜,2,988.67,1977.34,货到付款,浙江省,0,已完成
ORD202603210240568278,USR87170,3/21/2026 2:40,服装服饰,T恤,1,358.35,358.35,花呗,四川省,0,已完成
ORD202601180923357809,USR74613,1/18/2026 9:23,服装服饰,休闲裤,1,710.13,710.13,支付宝,河南省,0,已完成
ORD202605060212308249,USR58147,5/6/2026 2:12,美妆个护,沐浴露,5,90.92,363.68,支付宝,北京市,1,已完成
ORD202604021849365728,USR97516,4/2/2026 18:49,母婴用品,纸尿裤,4,758.94,2428.6,支付宝,浙江省,1,已完成
ORD202507021905113683,USR46068,7/2/2025 19:05,数码家电,冰箱,2,4486.14,8972.29,花呗,福建省,0,已完成
ORD202512220204377944,USR61273,12/22/2025 2:04,家居用品,餐具,4,2618.16,8378.12,支付宝,河南省,1,已完成
ORD202511211159347786,USR60570,11/21/2025 11:59,服装服饰,运动鞋,1,1390.38,1390.38,货到付款,福建省,0,已完成
ORD202512230255493286,USR24068,12/23/2025 2:55,家居用品,餐具,1,352.52,282.01,微信支付,上海市,1,已取消
ORD202603010734322410,USR70812,3/1/2026 7:34,服装服饰,T恤,5,338.11,1690.53,微信支付,上海市,0,已完成
ORD202510191204453353,USR64643,10/19/2025 12:04,家居用品,拖把,3,1295.81,3887.42,微信支付,四川省,0,已完成
ORD202507010758124404,USR65683,7/1/2025 7:58,食品生鲜,牛奶,1,105.9,105.9,支付宝,山东省,0,已完成
ORD202605230520255968,USR29420,5/23/2026 5:20,运动户外,帐篷,2,236.46,472.93,微信支付,湖北省,0,已完成
ORD202601060226018776,USR13666,1/6/2026 2:26,服装服饰,卫衣,5,1619.78,8098.9,支付宝,浙江省,0,待发货
ORD202507141351429606,USR47148,7/14/2025 13:51,家居用品,茶几,3,78.18,187.63,货到付款,北京市,1,已完成
ORD202506242337366495,USR69910,6/24/2025 23:37,数码家电,笔记本电脑,5,6730.17,26920.69,货到付款,山东省,1,已完成
ORD202604182044022083,USR25745,4/18/2026 20:44,食品生鲜,饮料,1,80.61,80.61,花呗,四川省,0,已完成
ORD202512301627397156,USR83952,12/30/2025 16:27,食品生鲜,水果,3,487.59,1462.78,花呗,上海市,0,已完成
ORD202605171531392449,USR61043,5/17/2026 15:31,数码家电,空气净化器,4,5029.05,20116.22,银行卡,河南省,0,已完成
ORD202512140728511108,USR11444,12/14/2025 7:28,家居用品,沙发,3,2210.25,6630.75,货到付款,河南省,0,已完成
ORD202508181214157708,USR86092,8/18/2025 12:14,美妆个护,口红,2,358.14,716.27,支付宝,上海市,0,已完成
ORD202601090957595478,USR49683,1/9/2026 9:57,数码家电,无线耳机,4,6965.78,27863.12,银行卡,广东省,0,待发货
ORD202512261002067791,USR14467,12/26/2025 10:02,家居用品,茶几,4,2520.79,8066.54,货到付款,江苏省,1,已完成
ORD202507290443313865,USR94555,7/29/2025 4:43,数码家电,空气净化器,2,5397.45,10794.89,支付宝,浙江省,0,已完成
ORD202508032135508571,USR95252,8/3/2025 21:35,数码家电,智能手表,4,4267.06,17068.25,货到付款,江苏省,0,已完成
ORD202510061016403243,USR96139,10/6/2025 10:16,服装服饰,休闲裤,1,1456.9,1456.9,货到付款,北京市,0,已完成
ORD202604282023124264,USR91248,4/28/2026 20:23,家居用品,茶几,3,37.67,113.0,支付宝,广东省,0,已完成
ORD202512200156044047,USR68258,12/20/2025 1:56,美妆个护,爽肤水,3,1789.55,5368.65,货到付款,北京市,0,待发货
ORD202511191415087254,USR15587,11/19/2025 14:15,运动户外,健身器材,2,4252.29,6803.66,货到付款,浙江省,1,已完成
ORD202507160326075742,USR56494,7/16/2025 3:26,服装服饰,运动鞋,1,745.95,745.95,货到付款,上海市,0,已完成
ORD202602200448409037,USR28258,2/20/2026 4:48,数码家电,空气净化器,4,1312.17,5248.68,花呗,山东省,0,已完成
ORD202508191828501691,USR71329,8/19/2025 18:28,运动户外,健身器材,3,2162.3,5189.52,微信支付,湖北省,1,已完成
ORD202603061009355947,USR70076,3/6/2026 10:09,母婴用品,婴儿床,3,1467.85,4403.56,货到付款,福建省,0,待发货
ORD202601131119495979,USR46294,1/13/2026 11:19,运动户外,帐篷,3,625.78,1501.86,支付宝,山东省,1,已完成
ORD202512072012249095,USR11195,12/7/2025 20:12,数码家电,无线耳机,3,2045.36,6136.09,货到付款,福建省,0,已完成
ORD202507060738158593,USR30750,7/6/2025 7:38,数码家电,洗衣机,5,1606.64,8033.19,花呗,浙江省,0,已完成
ORD202605160215214678,USR56890,5/16/2026 2:15,家居用品,茶几,2,2394.9,3831.85,花呗,四川省,1,已完成
ORD202512160502351439,USR75619,12/16/2025 5:02,家居用品,衣柜,4,207.42,663.74,货到付款,北京市,1,已完成
ORD202511210011581040,USR75956,11/21/2025 0:11,服装服饰,卫衣,4,1388.84,5555.37,银行卡,湖北省,0,已完成
ORD202604110133233523,USR37627,4/11/2026 1:33,美妆个护,沐浴露,2,1118.38,2236.75,微信支付,福建省,0,已完成
ORD202506221433475303,USR55722,6/22/2025 14:33,服装服饰,休闲裤,1,1523.79,1219.03,支付宝,湖北省,1,已完成
ORD202511240217435917,USR78820,11/24/2025 2:17,食品生鲜,水果,2,482.55,965.1,支付宝,上海市,0,已完成
ORD202507220548378742,USR61199,7/22/2025 5:48,数码家电,冰箱,3,1359.09,4077.27,支付宝,广东省,0,已完成
ORD202512170748593034,USR77245,12/17/2025 7:48,运动户外,跑步鞋,3,1640.49,3937.17,支付宝,湖北省,1,已完成
ORD202511090802155713,USR18226,11/9/2025 8:02,母婴用品,玩具,2,1629.74,3259.49,花呗,湖北省,0,已完成
ORD202511250940137834,USR32871,11/25/2025 9:40,数码家电,智能手机,2,2496.19,3993.9,微信支付,四川省,1,已完成
ORD202601060001593938,USR95972,1/6/2026 0:01,数码家电,智能手表,4,2113.4,6762.89,货到付款,北京市,1,已完成
ORD202506231008449059,USR29844,6/23/2025 10:08,服装服饰,衬衫,4,1659.49,6637.95,货到付款,北京市,0,已完成
ORD202601040022025009,USR56119,1/4/2026 0:22,母婴用品,辅食,5,1974.81,7899.24,银行卡,福建省,1,已完成
ORD202511271340411466,USR95974,11/27/2025 13:40,母婴用品,辅食,5,1135.92,5679.59,货到付款,山东省,0,已完成
ORD202602170638582955,USR83812,2/17/2026 6:38,母婴用品,童装,3,592.2,1776.59,微信支付,广东省,0,已完成
ORD202604100859465541,USR54471,4/10/2026 8:59,服装服饰,羽绒服,5,827.2,4136.02,货到付款,湖北省,0,已完成
ORD202509281620549078,USR70225,9/28/2025 16:20,数码家电,无线耳机,5,1775.98,7103.91,花呗,北京市,1,已完成
ORD202603082127322093,USR28355,3/8/2026 21:27,服装服饰,连衣裙,1,1535.68,1228.54,货到付款,河南省,1,已完成
ORD202506091054556927,USR46482,6/9/2025 10:54,家居用品,茶几,2,2324.95,4649.91,支付宝,四川省,0,已完成
ORD202511011830348872,USR96303,11/1/2025 18:30,家居用品,餐具,4,2627.86,10511.44,支付宝,北京市,0,已完成
ORD202509071942478144,USR49705,9/7/2025 19:42,服装服饰,运动鞋,5,101.87,407.5,支付宝,江苏省,1,已完成
ORD202604140153445225,USR61633,4/14/2026 1:53,母婴用品,辅食,4,1145.86,4583.45,支付宝,山东省,0,退款中
ORD202506020406228799,USR18940,6/2/2025 4:06,数码家电,冰箱,5,2106.92,10534.58,花呗,河南省,0,已完成
ORD202603171524052959,USR94559,3/17/2026 15:24,服装服饰,连衣裙,5,714.72,3573.61,花呗,上海市,0,已完成
ORD202508241459147114,USR73405,8/24/2025 14:59,服装服饰,T恤,3,1580.66,3793.59,花呗,湖北省,1,已完成
ORD202601111415069397,USR59351,1/11/2026 14:15,服装服饰,连衣裙,1,424.47,339.57,货到付款,上海市,1,已完成
ORD202506290841041287,USR71833,6/29/2025 8:41,食品生鲜,海鲜,2,322.79,516.46,支付宝,福建省,1,已完成
ORD202506181407535252,USR89408,6/18/2025 14:07,家居用品,餐具,2,1970.61,3941.21,银行卡,浙江省,0,已完成
ORD202511121308453668,USR96372,11/12/2025 13:08,运动户外,自行车,3,4775.06,11460.14,银行卡,湖北省,1,已完成
ORD202510121914301958,USR33642,10/12/2025 19:14,母婴用品,奶瓶,3,1561.56,4684.69,支付宝,上海市,0,已完成
ORD202602280003363394,USR85502,2/28/2026 0:03,美妆个护,洗发水,2,2416.8,3866.87,微信支付,上海市,1,已完成
ORD202506251817076237,USR76450,6/25/2025 18:17,运动户外,跑步鞋,2,2704.84,5409.69,货到付款,福建省,0,已完成
ORD202512280400338553,USR96364,12/28/2025 4:00,母婴用品,婴儿车,1,414.22,414.22,银行卡,广东省,0,已完成
ORD202506240937233219,USR78869,6/24/2025 9:37,美妆个护,面霜,5,1293.92,6469.62,花呗,浙江省,0,已完成
ORD202605292256346855,USR43977,5/29/2026 22:56,食品生鲜,面包,1,279.25,279.25,微信支付,江苏省,0,已完成
ORD202605140643123675,USR26963,5/14/2026 6:43,服装服饰,运动鞋,2,1372.92,2196.67,花呗,河南省,1,已完成
ORD202506271918181866,USR52477,6/27/2025 19:18,食品生鲜,牛奶,5,307.78,1231.11,微信支付,湖北省,1,已完成
ORD202605291525085467,USR87182,5/29/2026 15:25,食品生鲜,面包,2,203.05,406.1,微信支付,北京市,0,已完成
ORD202512010801216917,USR86116,12/1/2025 8:01,运动户外,自行车,1,1400.03,1120.03,货到付款,上海市,1,已完成
ORD202506130747257873,USR55625,6/13/2025 7:47,数码家电,平板,1,1761.73,1761.73,花呗,浙江省,0,已完成
ORD202509201152456832,USR86610,9/20/2025 11:52,运动户外,登山包,1,3499.84,2799.87,花呗,河南省,1,已完成
ORD202511061854571798,USR90933,11/6/2025 18:54,家居用品,床上四件套,5,1943.29,7773.15,银行卡,山东省,1,已取消
ORD202508092132515749,USR62923,8/9/2025 21:32,美妆个护,面霜,4,2071.5,6628.79,支付宝,河南省,1,已完成
ORD202603261520205778,USR18856,3/26/2026 15:20,服装服饰,衬衫,4,776.43,3105.71,支付宝,四川省,0,待发货
ORD202507231417189677,USR15888,7/23/2025 14:17,运动户外,跑步鞋,2,1385.8,2771.6,银行卡,湖北省,0,待发货
ORD202603251001522258,USR13869,3/25/2026 10:01,美妆个护,面霜,5,2286.37,9145.49,微信支付,福建省,1,已完成
ORD202602050326469419,USR30863,2/5/2026 3:26,母婴用品,辅食,3,1558.61,4675.84,银行卡,北京市,0,已完成
ORD202603110528144175,USR40369,3/11/2026 5:28,美妆个护,粉底液,4,1383.18,4426.18,银行卡,北京市,1,已完成
ORD202602062002434002,USR22653,2/6/2026 20:02,母婴用品,辅食,5,1243.21,4972.85,花呗,上海市,1,已完成
ORD202511110603262548,USR97197,11/11/2025 6:03,运动户外,健身器材,5,1930.25,9651.23,银行卡,江苏省,0,已完成
ORD202510241013433738,USR23922,10/24/2025 10:13,家居用品,茶几,4,2111.8,6757.77,微信支付,河南省,1,已完成
ORD202605130349529908,USR75461,5/13/2026 3:49,运动户外,足球,5,4195.04,16780.14,支付宝,北京市,1,已完成
ORD202510271258066285,USR99040,10/27/2025 12:58,母婴用品,婴儿床,5,1392.05,6960.27,货到付款,河南省,0,已完成
ORD202511220440086180,USR72444,11/22/2025 4:40,美妆个护,香水,4,1552.37,6209.48,银行卡,浙江省,0,已完成
ORD202605041726545932,USR52422,5/4/2026 17:26,美妆个护,面霜,1,1392.21,1113.77,银行卡,湖北省,1,已完成
ORD202605230407555447,USR40347,5/23/2026 4:07,母婴用品,奶瓶,2,1302.52,2605.05,花呗,湖北省,0,退款中
ORD202605190341026939,USR41013,5/19/2026 3:41,食品生鲜,零食,3,343.11,1029.32,花呗,湖北省,0,已完成
ORD202510251431152570,USR23819,10/25/2025 14:31,家居用品,拖把,2,1685.01,2696.02,银行卡,北京市,1,已完成
ORD202510242116129755,USR32806,10/24/2025 21:16,数码家电,洗衣机,1,5187.07,5187.07,银行卡,福建省,0,已完成
ORD202507020359026761,USR60342,7/2/2025 3:59,服装服饰,运动鞋,1,238.35,190.68,微信支付,湖北省,1,已完成
ORD202602210330293354,USR65057,2/21/2026 3:30,美妆个护,粉底液,5,2856.74,14283.72,支付宝,广东省,0,已完成
ORD202602130021121211,USR18437,2/13/2026 0:21,服装服饰,衬衫,2,1592.01,3184.01,支付宝,浙江省,0,已完成
ORD202605061525533243,USR18116,5/6/2026 15:25,数码家电,冰箱,1,3304.46,2643.57,货到付款,福建省,1,已完成
ORD202512271038349489,USR90203,12/27/2025 10:38,运动户外,跑步鞋,2,2857.78,5715.56,支付宝,北京市,0,已完成
ORD202507221533175610,USR42831,7/22/2025 15:33,服装服饰,羽绒服,1,142.28,113.83,货到付款,北京市,1,已完成
ORD202602091922457111,USR25004,2/9/2026 19:22,数码家电,洗衣机,3,809.21,1942.1,花呗,山东省,1,已完成
ORD202605010227078944,USR14904,5/1/2026 2:27,母婴用品,奶瓶,1,539.06,431.25,货到付款,四川省,1,已完成
ORD202510140127017750,USR19552,10/14/2025 1:27,食品生鲜,饮料,2,347.95,695.91,货到付款,广东省,0,已完成
ORD202507170144286575,USR67872,7/17/2025 1:44,美妆个护,爽肤水,5,2560.88,12804.39,支付宝,福建省,0,已完成
ORD202508090729413671,USR59063,8/9/2025 7:29,数码家电,笔记本电脑,2,4693.89,7510.23,银行卡,湖北省,1,已完成
ORD202512261536432678,USR89499,12/26/2025 15:36,服装服饰,休闲裤,4,1087.66,4350.64,花呗,上海市,0,已完成
ORD202510311534194569,USR92744,10/31/2025 15:34,美妆个护,香水,2,1224.86,2449.72,微信支付,四川省,0,已完成
ORD202512230910113532,USR13861,12/23/2025 9:10,食品生鲜,面包,3,89.18,267.55,货到付款,北京市,0,已完成
ORD202507201057399247,USR32815,7/20/2025 10:57,母婴用品,婴儿床,3,280.79,842.37,货到付款,广东省,0,已完成
ORD202603101607464622,USR52094,3/10/2026 16:07,运动户外,自行车,3,3827.33,9185.59,货到付款,湖北省,1,已完成
ORD202508261137234087,USR24111,8/26/2025 11:37,美妆个护,香水,1,2784.69,2227.75,银行卡,四川省,1,已完成
ORD202604210506059612,USR68918,4/21/2026 5:06,运动户外,篮球,3,2345.59,5629.41,微信支付,北京市,1,已完成
ORD202506020822249717,USR59496,6/2/2025 8:22,数码家电,冰箱,2,5445.84,10891.68,支付宝,上海市,0,已完成
ORD202603211606102867,USR27460,3/21/2026 16:06,食品生鲜,面包,5,458.08,1832.34,花呗,四川省,1,已完成
ORD202506091954307837,USR93544,6/9/2025 19:54,服装服饰,羽绒服,3,225.72,677.16,银行卡,湖北省,0,已完成
ORD202509242056408544,USR85206,9/24/2025 20:56,食品生鲜,饮料,2,387.54,775.07,微信支付,河南省,0,已完成
ORD202511271930322251,USR82937,11/27/2025 19:30,食品生鲜,海鲜,1,312.24,312.24,花呗,上海市,0,已完成
ORD202602171328252909,USR36179,2/17/2026 13:28,家居用品,拖把,1,1803.94,1443.15,支付宝,河南省,1,已完成
ORD202603070626293150,USR35653,3/7/2026 6:26,食品生鲜,水果,5,153.34,613.38,花呗,山东省,1,退款中
ORD202512291035541284,USR43095,12/29/2025 10:35,食品生鲜,零食,5,345.11,1380.43,货到付款,江苏省,1,已完成
ORD202511121709358856,USR74369,11/12/2025 17:09,美妆个护,洗发水,2,2390.55,3824.88,货到付款,福建省,1,已完成
ORD202512241358506705,USR67345,12/24/2025 13:58,服装服饰,运动鞋,5,270.07,1080.29,银行卡,江苏省,1,已完成
ORD202510260706466104,USR98978,10/26/2025 7:06,美妆个护,洗面奶,5,1614.56,8072.79,花呗,广东省,0,已完成
ORD202604161816316940,USR47498,4/16/2026 18:16,美妆个护,爽肤水,1,330.76,264.61,货到付款,北京市,1,已完成
ORD202508290437273277,USR39556,8/29/2025 4:37,数码家电,洗衣机,2,7044.31,14088.61,银行卡,四川省,0,已完成
ORD202509050258458240,USR36370,9/5/2025 2:58,美妆个护,沐浴露,5,1537.68,7688.41,银行卡,山东省,0,已完成
ORD202511262120199570,USR31245,11/26/2025 21:20,家居用品,垃圾桶,2,2427.74,4855.48,银行卡,四川省,0,已完成
ORD202510131026336604,USR66893,10/13/2025 10:26,家居用品,窗帘,3,1116.9,3350.69,支付宝,河南省,0,已完成
ORD202507310550093821,USR79275,7/31/2025 5:50,运动户外,健身器材,1,712.88,712.88,货到付款,浙江省,0,已完成
ORD202509160114305991,USR35204,9/16/2025 1:14,数码家电,洗衣机,1,811.24,811.24,货到付款,四川省,0,已完成
ORD202508130445541471,USR21274,8/13/2025 4:45,运动户外,帐篷,1,1479.4,1479.4,微信支付,上海市,0,已完成
ORD202605310117522943,USR86298,5/31/2026 1:17,运动户外,足球,4,1296.75,4149.58,支付宝,北京市,1,已完成
ORD202605062131534643,USR13177,5/6/2026 21:31,母婴用品,奶粉,2,1142.69,1828.3,货到付款,四川省,1,已完成
ORD202603091342463108,USR92459,3/9/2026 13:42,服装服饰,运动鞋,3,92.39,277.17,货到付款,北京市,0,已完成
ORD202603250652593332,USR97642,3/25/2026 6:52,服装服饰,T恤,5,1065.11,5325.56,微信支付,北京市,0,已完成
ORD202507141947174712,USR22609,7/14/2025 19:47,美妆个护,爽肤水,3,1193.56,3580.69,花呗,山东省,0,已完成
ORD202506131217136036,USR36678,6/13/2025 12:17,美妆个护,香水,2,1744.05,3488.11,花呗,河南省,0,已完成
ORD202604110853003053,USR14356,4/11/2026 8:53,母婴用品,婴儿床,1,1419.71,1419.71,支付宝,湖北省,0,已完成
ORD202602120929184438,USR28423,2/12/2026 9:29,美妆个护,口红,4,1913.25,6122.41,银行卡,河南省,1,已完成
ORD202511101936203133,USR10686,11/10/2025 19:36,服装服饰,休闲裤,2,1970.06,3940.11,微信支付,山东省,0,已完成
ORD202601251929582287,USR57128,1/25/2026 19:29,运动户外,跑步鞋,2,777.5,1555.0,微信支付,福建省,0,已完成
ORD202603251208087960,USR63480,3/25/2026 12:08,食品生鲜,肉类,5,220.57,1102.86,货到付款,上海市,0,已完成
ORD202605301422112830,USR84487,5/30/2026 14:22,家居用品,沙发,3,1286.0,3857.99,货到付款,福建省,0,已完成
ORD202605100512312273,USR81641,5/10/2026 5:12,食品生鲜,面包,3,214.36,643.07,微信支付,浙江省,0,已完成
ORD202605120627571308,USR19432,5/12/2026 6:27,食品生鲜,零食,5,335.26,1676.31,银行卡,湖北省,0,已完成
ORD202506070149458934,USR54657,6/7/2025 1:49,服装服饰,衬衫,4,1005.16,3216.53,花呗,福建省,1,已完成
ORD202509021110208065,USR34288,9/2/2025 11:10,食品生鲜,肉类,1,263.54,263.54,支付宝,北京市,0,已完成
ORD202508200049111696,USR99438,8/20/2025 0:49,母婴用品,婴儿床,1,893.09,893.09,花呗,北京市,0,已完成
ORD202506270311484217,USR94178,6/27/2025 3:11,数码家电,冰箱,4,7937.75,31750.98,支付宝,江苏省,0,已完成
ORD202507100425312766,USR79226,7/10/2025 4:25,美妆个护,沐浴露,5,2784.86,13924.29,银行卡,江苏省,0,已完成
ORD202601171557381537,USR75034,1/17/2026 15:57,数码家电,智能手表,2,2807.93,5615.86,微信支付,广东省,0,已完成
ORD202506140057129412,USR34921,6/14/2025 0:57,运动户外,跑步鞋,3,646.81,1940.43,银行卡,北京市,0,已完成
ORD202511210907561971,USR37194,11/21/2025 9:07,家居用品,餐具,2,2522.5,5045.0,微信支付,江苏省,0,已完成
ORD202601190345328685,USR84759,1/19/2026 3:45,美妆个护,香水,3,2991.6,8974.79,货到付款,浙江省,0,待发货
ORD202602162342512948,USR72093,2/16/2026 23:42,食品生鲜,海鲜,2,153.38,306.76,支付宝,湖北省,0,已完成
ORD202603010306115145,USR75647,3/1/2026 3:06,家居用品,茶几,5,1086.2,5431.0,货到付款,福建省,0,待发货
ORD202605051736321709,USR56151,5/5/2026 17:36,美妆个护,香水,5,2826.65,14133.25,微信支付,山东省,0,已完成
ORD202506192141462085,USR56725,6/19/2025 21:41,母婴用品,纸尿裤,4,1436.7,5746.81,支付宝,江苏省,0,已完成
ORD202509040105155942,USR91065,9/4/2025 1:05,母婴用品,奶粉,2,626.49,1252.99,支付宝,河南省,0,已完成
ORD202603151420351168,USR83229,3/15/2026 14:20,母婴用品,玩具,2,1183.04,2366.08,货到付款,湖北省,0,已完成
ORD202506180418582581,USR28071,6/18/2025 4:18,母婴用品,童装,4,1891.25,7564.99,支付宝,湖北省,0,已完成
ORD202511040523053028,USR18802,11/4/2025 5:23,食品生鲜,牛奶,4,407.79,1631.15,微信支付,广东省,0,已完成
ORD202511181125474365,USR67524,11/18/2025 11:25,数码家电,洗衣机,5,6063.75,30318.73,微信支付,浙江省,0,已完成
ORD202508310012014277,USR66034,8/31/2025 0:12,美妆个护,香水,5,2218.88,11094.4,货到付款,四川省,0,待发货
ORD202512271455334027,USR91981,12/27/2025 14:55,食品生鲜,肉类,2,97.23,194.46,银行卡,广东省,0,已完成
ORD202508240905446759,USR59298,8/24/2025 9:05,母婴用品,奶瓶,5,1658.13,6632.51,微信支付,江苏省,1,已完成
ORD202603202323031479,USR19288,3/20/2026 23:23,运动户外,登山包,5,1452.98,5811.93,微信支付,河南省,1,已完成
ORD202605021032572487,USR84599,5/2/2026 10:32,数码家电,智能手表,2,7477.75,11964.4,支付宝,四川省,1,已完成
ORD202603290926143384,USR20242,3/29/2026 9:26,运动户外,登山包,4,1886.74,6037.56,支付宝,北京市,1,已完成
ORD202506222205475544,USR26671,6/22/2025 22:05,家居用品,餐具,2,2575.83,4121.32,微信支付,浙江省,1,已完成
ORD202507251009296698,USR77796,7/25/2025 10:09,运动户外,篮球,1,1404.54,1123.64,货到付款,江苏省,1,已完成
ORD202512131638586770,USR49089,12/13/2025 16:38,家居用品,窗帘,2,1553.29,3106.58,银行卡,湖北省,0,待发货
ORD202509210807503630,USR23226,9/21/2025 8:07,家居用品,垃圾桶,1,338.52,338.52,支付宝,福建省,0,已完成
ORD202508302232369202,USR25456,8/30/2025 22:32,母婴用品,纸尿裤,2,1337.23,2674.46,支付宝,河南省,0,已完成
ORD202604131940444962,USR75367,4/13/2026 19:40,家居用品,沙发,1,2511.52,2511.52,银行卡,广东省,0,已完成
ORD202605222126219272,USR40221,5/22/2026 21:26,服装服饰,卫衣,1,1450.97,1160.78,支付宝,江苏省,1,已完成
ORD202603120214132119,USR16747,3/12/2026 2:14,美妆个护,洗面奶,2,1584.08,3168.16,货到付款,湖北省,0,已完成
ORD202601101744152623,USR88838,1/10/2026 17:44,美妆个护,面霜,5,163.99,655.98,支付宝,河南省,1,已完成
ORD202510022023521229,USR80849,10/2/2025 20:23,母婴用品,奶粉,3,1870.21,5610.63,支付宝,浙江省,0,已完成
ORD202601110627199664,USR53374,1/11/2026 6:27,服装服饰,卫衣,5,1425.7,7128.52,微信支付,山东省,0,已完成
ORD202601190459474555,USR12954,1/19/2026 4:59,运动户外,瑜伽垫,1,3754.73,3754.73,货到付款,湖北省,0,已完成
ORD202603280034404138,USR39362,3/28/2026 0:34,食品生鲜,饮料,2,399.39,798.79,货到付款,上海市,0,已完成
ORD202602170427055617,USR47997,2/17/2026 4:27,运动户外,瑜伽垫,2,3763.94,7527.89,微信支付,福建省,0,已完成
ORD202604141952393814,USR42949,4/14/2026 19:52,食品生鲜,蔬菜,2,226.15,361.84,花呗,浙江省,1,待发货
ORD202510031248559800,USR61173,10/3/2025 12:48,家居用品,窗帘,2,2206.19,3529.91,银行卡,江苏省,1,已完成
ORD202509010006201070,USR56911,9/1/2025 0:06,数码家电,冰箱,3,5187.7,12450.48,货到付款,河南省,1,已完成
ORD202509260438542616,USR18906,9/26/2025 4:38,食品生鲜,面包,4,428.47,1713.87,花呗,上海市,0,已完成
ORD202605070719104506,USR30691,5/7/2026 7:19,数码家电,空气净化器,1,6518.45,5214.76,银行卡,河南省,1,已完成
ORD202507261517029260,USR47757,7/26/2025 15:17,美妆个护,香水,3,152.88,458.65,货到付款,北京市,0,已完成
ORD202602120937328777,USR19801,2/12/2026 9:37,数码家电,智能手机,5,3341.65,16708.27,支付宝,四川省,0,已完成
ORD202512201024437004,USR80047,12/20/2025 10:24,美妆个护,洗发水,4,133.11,425.94,货到付款,四川省,1,已完成
ORD202508252016034033,USR85413,8/25/2025 20:16,服装服饰,T恤,4,249.05,996.18,银行卡,北京市,0,待发货
ORD202511081439378203,USR41640,11/8/2025 14:39,服装服饰,运动鞋,2,1222.75,2445.5,花呗,河南省,0,已完成
ORD202509251652182758,USR77863,9/25/2025 16:52,母婴用品,玩具,3,1753.95,5261.86,支付宝,山东省,0,待发货
ORD202509152037133963,USR90117,9/15/2025 20:37,母婴用品,奶瓶,5,283.66,1134.63,银行卡,四川省,1,待发货
ORD202506241609586813,USR75542,6/24/2025 16:09,家居用品,垃圾桶,2,1364.25,2728.49,银行卡,湖北省,0,已完成
ORD202601030459207219,USR50925,1/3/2026 4:59,食品生鲜,海鲜,2,456.33,912.66,货到付款,北京市,0,已完成
ORD202601161844147948,USR62326,1/16/2026 18:44,家居用品,茶几,1,2446.62,2446.62,微信支付,河南省,0,已完成
ORD202605081531394510,USR91087,5/8/2026 15:31,美妆个护,洗面奶,4,1573.41,5034.92,微信支付,广东省,1,已完成
ORD202603131240249425,USR17424,3/13/2026 12:40,家居用品,窗帘,5,2319.28,9277.13,支付宝,四川省,1,已完成
ORD202605210031104728,USR81557,5/21/2026 0:31,数码家电,洗衣机,4,4420.2,17680.81,银行卡,江苏省,0,已完成
ORD202508080021347677,USR24532,8/8/2025 0:21,美妆个护,洗面奶,3,499.53,1498.6,花呗,广东省,0,已完成
ORD202601300240442848,USR86385,1/30/2026 2:40,母婴用品,玩具,1,293.24,293.24,支付宝,山东省,0,已完成
ORD202602191424346149,USR71732,2/19/2026 14:24,服装服饰,牛仔裤,2,417.32,834.64,支付宝,四川省,0,待发货
ORD202511132147523025,USR44478,11/13/2025 21:47,母婴用品,奶粉,1,734.3,587.44,货到付款,江苏省,1,待发货
ORD202601022054138633,USR95620,1/2/2026 20:54,食品生鲜,面包,2,465.96,931.92,花呗,广东省,0,已完成
ORD202512101131142807,USR13929,12/10/2025 11:31,美妆个护,洗面奶,1,2405.04,2405.04,银行卡,江苏省,0,待发货
ORD202506190459299515,USR14230,6/19/2025 4:59,美妆个护,面霜,2,1315.42,2104.67,银行卡,北京市,1,已完成
ORD202510121810433226,USR54308,10/12/2025 18:10,数码家电,平板,4,4198.08,16792.3,银行卡,四川省,0,已完成
ORD202602052008259123,USR65234,2/5/2026 20:08,食品生鲜,零食,4,140.15,448.48,支付宝,湖北省,1,已完成
ORD202602161721576918,USR44194,2/16/2026 17:21,服装服饰,卫衣,4,1423.49,4555.16,货到付款,湖北省,1,已完成
ORD202510270037075723,USR36281,10/27/2025 0:37,运动户外,帐篷,4,4033.55,12907.37,支付宝,上海市,1,已完成
ORD202604020413461665,USR53848,4/2/2026 4:13,美妆个护,香水,1,739.55,739.55,微信支付,四川省,0,已完成
ORD202512211621002347,USR17784,12/21/2025 16:21,美妆个护,爽肤水,2,154.21,308.42,微信支付,北京市,0,已完成
ORD202510021849136375,USR28256,10/2/2025 18:49,数码家电,冰箱,4,5179.17,16573.33,银行卡,江苏省,1,已完成
ORD202602261003539088,USR36769,2/26/2026 10:03,家居用品,窗帘,1,1696.29,1696.29,货到付款,北京市,0,待发货
ORD202511091625362895,USR81707,11/9/2025 16:25,服装服饰,休闲裤,2,834.16,1668.31,银行卡,浙江省,0,待发货
ORD202511061315047304,USR53202,11/6/2025 13:15,母婴用品,婴儿车,1,1305.59,1305.59,银行卡,山东省,0,已完成
ORD202507282248325646,USR96944,7/28/2025 22:48,食品生鲜,零食,4,279.8,1119.2,支付宝,广东省,0,已完成
ORD202509251109488486,USR18169,9/25/2025 11:09,美妆个护,洗面奶,3,774.23,1858.15,银行卡,山东省,1,已完成
ORD202510250451476111,USR40882,10/25/2025 4:51,美妆个护,爽肤水,1,1211.26,1211.26,银行卡,北京市,0,已完成
ORD202508110952348273,USR74691,8/11/2025 9:52,母婴用品,婴儿床,4,884.82,3539.29,货到付款,湖北省,0,已完成
ORD202603202340034700,USR19556,3/20/2026 23:40,服装服饰,T恤,5,1766.48,7065.93,货到付款,河南省,1,已完成
ORD202512262151177672,USR83905,12/26/2025 21:51,家居用品,拖把,2,2883.49,4613.59,货到付款,山东省,1,待发货
ORD202512012130555761,USR89954,12/1/2025 21:30,美妆个护,洗面奶,4,2682.21,10728.86,银行卡,河南省,0,已完成
ORD202509021359108011,USR14634,9/2/2025 13:59,服装服饰,T恤,5,1452.4,7261.99,货到付款,福建省,0,已完成
ORD202604262025524093,USR55330,4/26/2026 20:25,母婴用品,辅食,1,1190.74,1190.74,货到付款,北京市,0,已完成
ORD202508271221482140,USR19275,8/27/2025 12:21,数码家电,平板,1,5669.46,5669.46,花呗,广东省,0,已完成
ORD202509251903598793,USR64557,9/25/2025 19:03,家居用品,衣柜,5,2818.55,11274.18,花呗,湖北省,1,已完成
ORD202604300051497020,USR88400,4/30/2026 0:51,食品生鲜,肉类,5,132.5,662.5,微信支付,北京市,0,已完成
ORD202603021905373937,USR90272,3/2/2026 19:05,美妆个护,爽肤水,2,1619.31,3238.62,支付宝,上海市,0,已完成
ORD202507270127201209,USR20563,7/27/2025 1:27,服装服饰,连衣裙,1,1394.74,1394.74,支付宝,山东省,0,已完成
ORD202604092222419055,USR82276,4/9/2026 22:22,数码家电,无线耳机,5,5594.35,27971.76,货到付款,北京市,0,已完成
ORD202511271942262723,USR72753,11/27/2025 19:42,食品生鲜,水果,3,133.62,400.85,微信支付,广东省,0,已完成
ORD202605220600207494,USR26969,5/22/2026 6:00,运动户外,健身器材,3,2974.98,8924.95,微信支付,浙江省,0,已完成
ORD202506230905388177,USR45456,6/23/2025 9:05,服装服饰,T恤,5,1602.03,6408.12,花呗,上海市,1,已完成
ORD202601050949019563,USR15471,1/5/2026 9:49,服装服饰,羽绒服,2,976.4,1952.81,微信支付,四川省,0,待发货
ORD202511080625582392,USR23639,11/8/2025 6:25,食品生鲜,面包,1,398.72,318.97,银行卡,北京市,1,已完成
ORD202511091808042953,USR14666,11/9/2025 18:08,数码家电,智能手机,3,3199.12,9597.36,货到付款,河南省,0,已完成
ORD202601031017203348,USR75089,1/3/2026 10:17,运动户外,自行车,5,4699.92,23499.62,银行卡,浙江省,0,已完成
ORD202512231952547468,USR76532,12/23/2025 19:52,母婴用品,奶瓶,5,1091.16,5455.8,支付宝,四川省,0,已完成
ORD202507230150067563,USR39523,7/23/2025 1:50,数码家电,平板,4,4969.61,19878.44,花呗,北京市,0,已完成
ORD202510292019402666,USR95240,10/29/2025 20:19,家居用品,餐具,5,113.46,567.29,银行卡,上海市,0,已完成
ORD202509030736193764,USR55908,9/3/2025 7:36,美妆个护,香水,2,535.7,1071.4,货到付款,湖北省,0,已完成
ORD202509080043542060,USR66559,9/8/2025 0:43,食品生鲜,海鲜,3,320.14,768.33,银行卡,山东省,1,已完成
ORD202508182314086959,USR72599,8/18/2025 23:14,母婴用品,纸尿裤,4,868.75,2779.99,银行卡,上海市,1,已完成
ORD202510070616274261,USR49769,10/7/2025 6:16,运动户外,自行车,3,2590.0,7770.01,微信支付,四川省,0,已完成
ORD202602070344076548,USR39852,2/7/2026 3:44,食品生鲜,面包,3,40.86,122.57,花呗,江苏省,0,已完成
ORD202507011659234281,USR12810,7/1/2025 16:59,食品生鲜,面包,2,418.73,669.96,支付宝,福建省,1,已完成
ORD202605250346137623,USR17255,5/25/2026 3:46,数码家电,洗衣机,5,6383.79,31918.96,货到付款,浙江省,0,已完成
ORD202511221619013011,USR13454,11/22/2025 16:19,美妆个护,沐浴露,2,580.5,928.8,货到付款,河南省,1,已完成
ORD202604252351194815,USR35712,4/25/2026 23:51,家居用品,床上四件套,5,1910.3,7641.21,支付宝,上海市,1,已完成
ORD202510230241347958,USR80016,10/23/2025 2:41,服装服饰,运动鞋,4,1645.71,6582.86,货到付款,上海市,0,已完成
ORD202507062149369177,USR89709,7/6/2025 21:49,服装服饰,卫衣,2,1299.67,2599.33,微信支付,福建省,0,已完成
ORD202512260029065563,USR59727,12/26/2025 0:29,食品生鲜,面包,2,162.1,324.19,银行卡,湖北省,0,已完成
ORD202603090937085472,USR99383,3/9/2026 9:37,美妆个护,香水,1,1978.65,1582.92,微信支付,浙江省,1,已完成
ORD202604190237367557,USR99600,4/19/2026 2:37,运动户外,登山包,2,1131.26,2262.53,微信支付,广东省,0,已完成
ORD202508132325026834,USR12371,8/13/2025 23:25,运动户外,跑步鞋,1,1659.45,1327.56,微信支付,河南省,1,已完成
ORD202506210021228795,USR82416,6/21/2025 0:21,母婴用品,玩具,5,518.14,2590.68,支付宝,四川省,0,已完成
ORD202509130614367626,USR73199,9/13/2025 6:14,数码家电,无线耳机,5,4676.94,23384.69,花呗,江苏省,0,已完成
ORD202510251127378938,USR16834,10/25/2025 11:27,美妆个护,洗发水,5,351.43,1757.17,支付宝,浙江省,0,待发货
ORD202602171504389379,USR60741,2/17/2026 15:04,美妆个护,粉底液,1,2801.93,2801.93,支付宝,上海市,0,退款中
ORD202601212243265569,USR59444,1/21/2026 22:43,数码家电,笔记本电脑,5,3001.34,15006.71,微信支付,浙江省,0,已完成
ORD202601210338263414,USR26415,1/21/2026 3:38,运动户外,跑步鞋,3,1172.95,3518.86,花呗,浙江省,0,已完成
ORD202506160836358448,USR66324,6/16/2025 8:36,运动户外,自行车,2,2533.09,5066.19,支付宝,北京市,0,已完成
ORD202605060643582770,USR65945,5/6/2026 6:43,运动户外,瑜伽垫,1,1457.29,1457.29,花呗,福建省,0,已完成
ORD202506290623563001,USR82029,6/29/2025 6:23,食品生鲜,饮料,5,272.1,1360.52,微信支付,北京市,0,已完成
ORD202508130148325107,USR28057,8/13/2025 1:48,美妆个护,香水,3,1065.07,2556.17,支付宝,四川省,1,已完成
ORD202604091153149017,USR25149,4/9/2026 11:53,服装服饰,连衣裙,2,307.53,615.06,花呗,湖北省,0,已完成
ORD202603231931309147,USR67403,3/23/2026 19:31,数码家电,空气净化器,2,2494.21,4988.43,货到付款,浙江省,0,已完成
ORD202601150440364781,USR25465,1/15/2026 4:40,运动户外,瑜伽垫,5,2248.36,8993.42,支付宝,广东省,1,已完成
ORD202603090700503205,USR90694,3/9/2026 7:00,母婴用品,纸尿裤,3,109.07,261.77,支付宝,江苏省,1,已完成
ORD202602161822201486,USR58196,2/16/2026 18:22,运动户外,瑜伽垫,1,3876.15,3876.15,支付宝,山东省,0,已完成
ORD202601040051502631,USR56109,1/4/2026 0:51,运动户外,足球,5,3146.94,15734.7,花呗,北京市,0,已完成
ORD202508240644261865,USR35381,8/24/2025 6:44,家居用品,茶几,2,1812.05,2899.28,银行卡,四川省,1,待发货
ORD202512040416402117,USR54974,12/4/2025 4:16,食品生鲜,饮料,2,277.56,444.1,支付宝,四川省,1,已完成
ORD202508210259149161,USR67216,8/21/2025 2:59,数码家电,洗衣机,2,4927.35,7883.76,货到付款,浙江省,1,已完成
ORD202605041605011438,USR17592,5/4/2026 16:05,家居用品,沙发,5,2805.26,14026.31,货到付款,湖北省,0,已完成
ORD202605190609313934,USR41217,5/19/2026 6:09,家居用品,沙发,4,45.54,182.14,微信支付,上海市,0,待发货
ORD202510080727087269,USR40413,10/8/2025 7:27,母婴用品,婴儿床,4,143.21,572.84,银行卡,广东省,0,已完成
ORD202509261755016356,USR22057,9/26/2025 17:55,美妆个护,沐浴露,4,598.74,1915.95,银行卡,浙江省,1,已完成
ORD202605200026223502,USR87151,5/20/2026 0:26,母婴用品,童装,3,376.24,1128.71,花呗,山东省,0,待发货
ORD202506062255135960,USR11317,6/6/2025 22:55,美妆个护,香水,5,568.15,2840.74,微信支付,北京市,0,已完成
ORD202508220611292578,USR39769,8/22/2025 6:11,美妆个护,爽肤水,2,2025.67,3241.08,花呗,河南省,1,已完成
ORD202605302257432253,USR64141,5/30/2026 22:57,数码家电,智能手机,3,3946.12,11838.37,微信支付,湖北省,0,已完成
ORD202508131908579518,USR80283,8/13/2025 19:08,运动户外,足球,4,4959.72,19838.87,银行卡,山东省,0,已完成
ORD202603152302599064,USR84455,3/15/2026 23:02,数码家电,空气净化器,1,2201.64,2201.64,花呗,山东省,0,已完成
ORD202507161327588635,USR16000,7/16/2025 13:27,食品生鲜,牛奶,3,162.31,486.92,微信支付,浙江省,0,已完成
ORD202603180125084308,USR11952,3/18/2026 1:25,美妆个护,口红,3,2953.19,8859.58,银行卡,河南省,0,已完成
ORD202603202252195809,USR42757,3/20/2026 22:52,家居用品,沙发,5,2498.64,12493.2,银行卡,浙江省,0,已取消
ORD202512032351579157,USR17455,12/3/2025 23:51,运动户外,篮球,3,2402.02,7206.05,支付宝,河南省,0,已完成
ORD202605220312389032,USR20041,5/22/2026 3:12,服装服饰,运动鞋,5,1131.46,5657.32,花呗,四川省,0,已完成
ORD202509030507569270,USR17425,9/3/2025 5:07,食品生鲜,肉类,1,423.16,423.16,支付宝,广东省,0,已完成
ORD202602260342245287,USR26608,2/26/2026 3:42,数码家电,笔记本电脑,2,4107.35,8214.7,银行卡,湖北省,0,已完成
ORD202601211725509887,USR67482,1/21/2026 17:25,母婴用品,童装,2,451.75,903.49,花呗,四川省,0,已完成
ORD202603010735556629,USR33670,3/1/2026 7:35,食品生鲜,牛奶,4,415.94,1663.75,花呗,湖北省,0,已完成
ORD202508191012029856,USR47040,8/19/2025 10:12,食品生鲜,水果,4,273.51,1094.03,货到付款,北京市,0,已完成
ORD202511020052439955,USR15730,11/2/2025 0:52,运动户外,自行车,1,849.91,849.91,微信支付,上海市,0,待发货
ORD202605220935481289,USR51173,5/22/2026 9:35,食品生鲜,蔬菜,2,257.74,515.47,货到付款,广东省,0,已完成
ORD202509012243341517,USR55831,9/1/2025 22:43,食品生鲜,面包,4,212.47,849.88,货到付款,湖北省,0,已完成
ORD202601010945078051,USR88959,1/1/2026 9:45,服装服饰,连衣裙,3,1759.84,5279.53,银行卡,上海市,0,已完成
ORD202510032140082951,USR95879,10/3/2025 21:40,母婴用品,辅食,5,295.81,1479.04,微信支付,上海市,0,已完成
ORD202603290418477285,USR42013,3/29/2026 4:18,母婴用品,婴儿车,4,1756.66,5621.31,货到付款,上海市,1,已完成
ORD202509182218108374,USR48327,9/18/2025 22:18,母婴用品,童装,1,1048.81,1048.81,货到付款,浙江省,0,已完成
ORD202510262001286153,USR27002,10/26/2025 20:01,美妆个护,沐浴露,2,1230.96,2461.92,花呗,上海市,0,已完成
ORD202511290146097165,USR89445,11/29/2025 1:46,家居用品,衣柜,1,502.66,502.66,银行卡,浙江省,0,已完成
ORD202512250558468250,USR62142,12/25/2025 5:58,母婴用品,辅食,5,1416.6,5666.38,货到付款,四川省,1,已完成
ORD202602072231168531,USR72744,2/7/2026 22:31,食品生鲜,水果,5,464.14,2320.68,微信支付,河南省,0,已完成
ORD202510181232301589,USR96190,10/18/2025 12:32,食品生鲜,零食,1,193.93,193.93,支付宝,福建省,0,已完成
ORD202509281842141538,USR26040,9/28/2025 18:42,母婴用品,辅食,4,521.09,2084.36,支付宝,浙江省,0,已完成
ORD202509101355513897,USR96060,9/10/2025 13:55,运动户外,跑步鞋,4,2818.85,11275.39,银行卡,浙江省,0,已完成
ORD202510181607505965,USR20066,10/18/2025 16:07,母婴用品,童装,2,1602.56,2564.1,支付宝,浙江省,1,已完成
ORD202512170347473689,USR20011,12/17/2025 3:47,食品生鲜,牛奶,2,11.85,23.69,花呗,广东省,0,已完成
ORD202605092024139052,USR42794,5/9/2026 20:24,美妆个护,洗面奶,3,1905.19,4572.46,花呗,山东省,1,已完成
ORD202512110257378056,USR81256,12/11/2025 2:57,数码家电,洗衣机,3,4973.87,14921.61,微信支付,山东省,0,已完成
ORD202511282328213203,USR36982,11/28/2025 23:28,数码家电,洗衣机,2,2886.14,5772.28,银行卡,广东省,0,已完成
ORD202507090705436119,USR74871,7/9/2025 7:05,母婴用品,婴儿床,3,930.27,2790.82,银行卡,广东省,0,已完成
ORD202604081847357374,USR56787,4/8/2026 18:47,服装服饰,衬衫,1,531.58,531.58,支付宝,山东省,0,已完成
ORD202603081322578986,USR38873,3/8/2026 13:22,母婴用品,婴儿车,4,1590.28,6361.11,货到付款,山东省,0,已完成
ORD202511300758042792,USR68135,11/30/2025 7:58,运动户外,帐篷,3,3209.22,9627.66,货到付款,上海市,0,已完成
ORD202603231853479037,USR49677,3/23/2026 18:53,母婴用品,婴儿床,3,1088.79,3266.36,货到付款,江苏省,0,已完成
ORD202604230251429837,USR58094,4/23/2026 2:51,数码家电,智能手机,1,3443.95,2755.16,微信支付,湖北省,1,已完成
ORD202510030847258697,USR82273,10/3/2025 8:47,食品生鲜,饮料,5,152.78,763.89,银行卡,山东省,0,已完成
ORD202605220210408797,USR48362,5/22/2026 2:10,母婴用品,奶瓶,2,1654.34,3308.67,支付宝,广东省,0,已完成
ORD202508182117073560,USR95674,8/18/2025 21:17,食品生鲜,水果,1,231.19,231.19,微信支付,江苏省,0,已完成
ORD202510222313139301,USR42008,10/22/2025 23:13,食品生鲜,零食,5,255.71,1278.55,花呗,广东省,0,已完成
ORD202509301238401913,USR79054,9/30/2025 12:38,服装服饰,休闲裤,1,1065.62,1065.62,花呗,江苏省,0,已完成
ORD202511081806317412,USR45066,11/8/2025 18:06,食品生鲜,肉类,4,229.7,735.04,花呗,浙江省,1,已完成
ORD202506181805555315,USR51793,6/18/2025 18:05,数码家电,空气净化器,1,2420.66,1936.53,银行卡,北京市,1,待发货
ORD202601051106379105,USR80964,1/5/2026 11:06,美妆个护,面霜,1,387.41,387.41,花呗,江苏省,0,已完成
ORD202605021351167189,USR75987,5/2/2026 13:51,美妆个护,口红,4,322.66,1290.62,货到付款,河南省,0,已完成
ORD202508252225266779,USR23681,8/25/2025 22:25,家居用品,餐具,2,2277.24,4554.48,花呗,四川省,0,已完成
ORD202603152058225660,USR17077,3/15/2026 20:58,运动户外,登山包,5,1195.29,4781.15,微信支付,河南省,1,已完成
ORD202507271605536250,USR55434,7/27/2025 16:05,母婴用品,婴儿车,3,158.56,475.69,花呗,浙江省,0,已完成
ORD202506070710492006,USR63848,6/7/2025 7:10,运动户外,跑步鞋,2,4007.84,8015.67,货到付款,福建省,0,已完成
ORD202509100635271461,USR91509,9/10/2025 6:35,数码家电,笔记本电脑,1,1655.46,1324.37,花呗,福建省,1,待发货
ORD202601012114151739,USR73728,1/1/2026 21:14,食品生鲜,面包,3,316.32,759.17,支付宝,河南省,1,已完成
ORD202605300034423100,USR46671,5/30/2026 0:34,美妆个护,洗面奶,4,1035.77,4143.08,货到付款,福建省,0,已完成
ORD202601131934187003,USR20282,1/13/2026 19:34,运动户外,自行车,2,719.75,1151.61,银行卡,江苏省,1,已完成
ORD202601112200116715,USR36680,1/11/2026 22:00,数码家电,空气净化器,5,3608.61,18043.04,花呗,河南省,0,已完成
ORD202603071459511440,USR27974,3/7/2026 14:59,美妆个护,沐浴露,2,73.98,147.96,微信支付,广东省,0,已完成
ORD202511100406356591,USR78287,11/10/2025 4:06,食品生鲜,面包,2,422.11,844.22,花呗,浙江省,0,已完成
ORD202509231523297235,USR40216,9/23/2025 15:23,运动户外,自行车,3,2616.14,6278.74,微信支付,福建省,1,已完成
ORD202507300434382594,USR49968,7/30/2025 4:34,美妆个护,爽肤水,4,443.31,1773.22,支付宝,广东省,0,已完成
ORD202508160438238014,USR82478,8/16/2025 4:38,母婴用品,奶粉,4,512.11,2048.45,银行卡,湖北省,0,已完成
ORD202510070234026654,USR37625,10/7/2025 2:34,母婴用品,童装,2,923.55,1477.68,货到付款,浙江省,1,已完成
ORD202508290755446855,USR26088,8/29/2025 7:55,家居用品,餐具,4,582.83,2331.32,货到付款,浙江省,0,已完成
ORD202510261221477749,USR58809,10/26/2025 12:21,家居用品,拖把,3,820.43,1969.02,银行卡,山东省,1,已完成
ORD202601080649236755,USR28607,1/8/2026 6:49,美妆个护,洗面奶,3,1617.13,4851.38,支付宝,河南省,0,已完成
ORD202604201530121924,USR14701,4/20/2026 15:30,数码家电,冰箱,5,6744.57,33722.84,支付宝,浙江省,0,已完成
ORD202509041022115001,USR40815,9/4/2025 10:22,母婴用品,童装,4,833.59,3334.35,花呗,上海市,0,已完成
ORD202512112149375056,USR67708,12/11/2025 21:49,数码家电,洗衣机,5,5877.31,23509.26,支付宝,江苏省,1,已完成
ORD202512312021374844,USR95184,12/31/2025 20:21,数码家电,空气净化器,1,7075.13,7075.13,花呗,北京市,0,已完成
ORD202602100523186113,USR69475,2/10/2026 5:23,美妆个护,面霜,3,672.41,2017.24,微信支付,湖北省,0,已完成
ORD202602212313592391,USR24973,2/21/2026 23:13,数码家电,洗衣机,2,6553.94,13107.88,银行卡,浙江省,0,已完成
ORD202510100219372073,USR12790,10/10/2025 2:19,母婴用品,婴儿床,3,1526.93,3664.64,微信支付,北京市,1,已完成
ORD202509082227335995,USR75392,9/8/2025 22:27,食品生鲜,水果,1,184.9,184.9,微信支付,四川省,0,已完成
ORD202603241102122875,USR14424,3/24/2026 11:02,家居用品,床上四件套,2,2968.77,5937.54,微信支付,山东省,0,已完成
ORD202604160147306531,USR45428,4/16/2026 1:47,食品生鲜,蔬菜,4,138.66,554.64,微信支付,上海市,0,已完成
ORD202512071816433781,USR46433,12/7/2025 18:16,数码家电,笔记本电脑,4,2411.02,7715.28,货到付款,福建省,1,已完成
ORD202603090002551322,USR87101,3/9/2026 0:02,食品生鲜,水果,3,388.41,1165.22,支付宝,四川省,0,已完成
ORD202602050501329821,USR60354,2/5/2026 5:01,母婴用品,纸尿裤,2,897.58,1795.16,银行卡,江苏省,0,已完成
ORD202603150530596343,USR49375,3/15/2026 5:30,母婴用品,玩具,2,695.05,1112.08,银行卡,上海市,1,待发货
ORD202512081240561612,USR21074,12/8/2025 12:40,数码家电,智能手机,5,1839.97,7359.88,微信支付,湖北省,1,已取消
ORD202511262314158551,USR17827,11/26/2025 23:14,美妆个护,口红,1,2303.04,2303.04,银行卡,北京市,0,已完成
ORD202508050803047921,USR46581,8/5/2025 8:03,食品生鲜,肉类,4,395.3,1264.95,花呗,山东省,1,已完成
ORD202603121355569433,USR89920,3/12/2026 13:55,美妆个护,粉底液,3,1712.7,5138.09,银行卡,浙江省,0,待发货
ORD202604051742317900,USR60323,4/5/2026 17:42,美妆个护,香水,2,2873.22,5746.44,微信支付,湖北省,0,已完成
ORD202510151831115368,USR74927,10/15/2025 18:31,服装服饰,运动鞋,4,670.42,2681.67,银行卡,四川省,0,待发货
ORD202508051740141334,USR12470,8/5/2025 17:40,数码家电,智能手机,3,2147.14,6441.43,支付宝,河南省,0,已完成
ORD202507250830288695,USR60146,7/25/2025 8:30,家居用品,茶几,4,2038.85,6524.32,微信支付,湖北省,1,已完成
ORD202603071748311364,USR60418,3/7/2026 17:48,母婴用品,奶粉,3,1528.9,4586.69,货到付款,北京市,0,已取消
ORD202512300610516185,USR68198,12/30/2025 6:10,母婴用品,婴儿车,4,488.57,1954.27,支付宝,北京市,0,已完成
ORD202512071526167188,USR15821,12/7/2025 15:26,数码家电,智能手表,5,1074.58,5372.9,银行卡,湖北省,0,已完成
ORD202508111126587394,USR39418,8/11/2025 11:26,运动户外,登山包,1,4071.53,4071.53,货到付款,北京市,0,已完成
ORD202605230207186282,USR36965,5/23/2026 2:07,运动户外,健身器材,4,4884.86,19539.44,支付宝,湖北省,0,待发货
ORD202605120928412601,USR59719,5/12/2026 9:28,运动户外,足球,1,3258.89,3258.89,花呗,广东省,0,已完成
ORD202512281304549001,USR34173,12/28/2025 13:04,家居用品,茶几,4,848.04,3392.17,支付宝,福建省,0,待发货
ORD202602050605512639,USR96497,2/5/2026 6:05,母婴用品,玩具,2,1993.51,3189.62,货到付款,福建省,1,已完成
ORD202506231925204373,USR66503,6/23/2025 19:25,数码家电,空气净化器,5,7199.5,35997.5,花呗,四川省,0,退款中
ORD202512211130576504,USR79794,12/21/2025 11:30,母婴用品,辅食,5,1051.09,5255.46,银行卡,江苏省,0,已完成
ORD202506140315369138,USR16849,6/14/2025 3:15,美妆个护,爽肤水,1,2481.2,2481.2,微信支付,四川省,0,已完成
ORD202604222041069237,USR96560,4/22/2026 20:41,食品生鲜,海鲜,2,409.75,819.5,银行卡,北京市,0,已完成
ORD202604251947296563,USR49996,4/25/2026 19:47,食品生鲜,蔬菜,3,468.05,1123.32,微信支付,浙江省,1,已完成
ORD202506292048343730,USR14103,6/29/2025 20:48,母婴用品,奶粉,5,1689.8,6759.21,微信支付,湖北省,1,待发货
ORD202604141616285907,USR80981,4/14/2026 16:16,服装服饰,羽绒服,2,1305.17,2610.35,货到付款,上海市,0,已完成
ORD202602151213136952,USR55587,2/15/2026 12:13,家居用品,沙发,2,1835.73,3671.45,花呗,河南省,0,已完成
ORD202506192011128143,USR13406,6/19/2025 20:11,运动户外,健身器材,1,2390.05,2390.05,花呗,四川省,0,已完成
ORD202603242009154305,USR89788,3/24/2026 20:09,家居用品,茶几,2,1886.93,3773.85,支付宝,河南省,0,已完成
ORD202506031130059142,USR54068,6/3/2025 11:30,家居用品,床上四件套,2,2389.75,4779.49,银行卡,山东省,0,已完成
ORD202511080346262234,USR44410,11/8/2025 3:46,美妆个护,洗面奶,3,2908.04,6979.3,货到付款,河南省,1,已完成
ORD202507240930509779,USR87458,7/24/2025 9:30,家居用品,茶几,1,1412.52,1130.01,银行卡,上海市,1,已完成
ORD202604240505094507,USR38382,4/24/2026 5:05,食品生鲜,饮料,1,291.09,291.09,支付宝,福建省,0,已完成
ORD202601312233555708,USR13584,1/31/2026 22:33,美妆个护,洗发水,2,1351.07,2161.72,支付宝,广东省,1,已完成
ORD202508292106565344,USR54688,8/29/2025 21:06,数码家电,平板,3,5513.66,13232.8,货到付款,北京市,1,待发货
ORD202506270930251778,USR91465,6/27/2025 9:30,家居用品,窗帘,4,1897.16,6070.92,支付宝,四川省,1,已完成
ORD202603021517535871,USR66895,3/2/2026 15:17,家居用品,拖把,5,73.14,292.58,货到付款,福建省,1,已完成
ORD202507291541547586,USR66039,7/29/2025 15:41,数码家电,平板,1,4558.71,4558.71,支付宝,山东省,0,已取消
ORD202506041312164700,USR17486,6/4/2025 13:12,家居用品,拖把,3,283.69,851.07,花呗,北京市,0,已完成
ORD202508242236542506,USR24314,8/24/2025 22:36,数码家电,笔记本电脑,3,697.88,1674.91,货到付款,浙江省,1,已完成
ORD202512140946202552,USR82521,12/14/2025 9:46,美妆个护,香水,2,2379.86,3807.77,花呗,福建省,1,已完成
ORD202511250219056518,USR60870,11/25/2025 2:19,食品生鲜,肉类,5,136.74,546.95,花呗,北京市,1,已完成
ORD202510232228575478,USR98862,10/23/2025 22:28,数码家电,平板,1,3054.91,3054.91,货到付款,福建省,0,已完成
ORD202506241126092102,USR47672,6/24/2025 11:26,服装服饰,休闲裤,4,174.96,699.86,银行卡,江苏省,0,已完成
ORD202601262238309700,USR80092,1/26/2026 22:38,数码家电,空气净化器,2,1846.25,3692.5,微信支付,浙江省,0,已完成
ORD202602031603408786,USR70752,2/3/2026 16:03,家居用品,垃圾桶,1,2301.5,2301.5,支付宝,江苏省,0,已完成
ORD202602142236167997,USR65552,2/14/2026 22:36,运动户外,自行车,1,2518.3,2518.3,支付宝,上海市,0,已完成
ORD202605291636484436,USR85052,5/29/2026 16:36,运动户外,健身器材,3,4415.28,13245.83,银行卡,浙江省,0,已完成
ORD202601261022366690,USR84488,1/26/2026 10:22,美妆个护,面霜,5,1209.81,6049.05,微信支付,上海市,0,已完成
ORD202605211127362256,USR78014,5/21/2026 11:27,母婴用品,纸尿裤,4,573.97,2295.87,银行卡,上海市,0,已完成
ORD202512051547205945,USR44091,12/5/2025 15:47,美妆个护,爽肤水,5,1062.37,5311.86,微信支付,山东省,0,已完成
ORD202602120058319268,USR31305,2/12/2026 0:58,母婴用品,纸尿裤,3,1439.9,4319.71,货到付款,北京市,0,已完成
ORD202512071107565913,USR59976,12/7/2025 11:07,运动户外,登山包,4,2819.53,11278.11,货到付款,河南省,0,已完成
ORD202506070237508092,USR71254,6/7/2025 2:37,运动户外,跑步鞋,4,4530.54,18122.15,花呗,河南省,0,待发货
ORD202506031337539846,USR41224,6/3/2025 13:37,数码家电,智能手表,2,5016.27,8026.03,花呗,江苏省,1,已完成
ORD202512241634476133,USR27284,12/24/2025 16:34,食品生鲜,蔬菜,4,251.58,1006.32,货到付款,湖北省,0,待发货
ORD202601010541264278,USR11990,1/1/2026 5:41,服装服饰,休闲裤,1,1582.22,1582.22,花呗,河南省,0,已完成
ORD202511071757107788,USR46791,11/7/2025 17:57,美妆个护,香水,5,2844.18,11376.7,货到付款,河南省,1,已取消
ORD202506051427327591,USR99469,6/5/2025 14:27,家居用品,垃圾桶,5,1080.42,5402.1,银行卡,浙江省,0,已完成
ORD202506071153565116,USR45965,6/7/2025 11:53,母婴用品,奶粉,2,537.26,859.61,支付宝,福建省,1,已完成
ORD202512231431489443,USR21211,12/23/2025 14:31,家居用品,衣柜,4,1856.33,7425.31,货到付款,江苏省,0,已完成
ORD202603081119268425,USR42759,3/8/2026 11:19,食品生鲜,牛奶,3,254.45,610.67,货到付款,江苏省,1,已完成
ORD202509151646099971,USR81146,9/15/2025 16:46,母婴用品,童装,1,1978.91,1978.91,货到付款,山东省,0,已完成
ORD202512260126273958,USR48774,12/26/2025 1:26,美妆个护,洗发水,2,1403.21,2245.14,花呗,上海市,1,已完成
ORD202509200807511304,USR54241,9/20/2025 8:07,数码家电,智能手表,4,1057.49,3383.96,花呗,上海市,1,已完成
ORD202506071546509457,USR84852,6/7/2025 15:46,家居用品,沙发,3,2932.56,8797.68,花呗,广东省,0,已完成
ORD202512130059334056,USR61721,12/13/2025 0:59,食品生鲜,零食,4,423.36,1693.43,花呗,山东省,0,已完成
ORD202604121910289178,USR15060,4/12/2026 19:10,美妆个护,面霜,2,559.4,1118.81,银行卡,四川省,0,已完成
ORD202602270031044489,USR90681,2/27/2026 0:31,运动户外,瑜伽垫,3,4532.57,13597.7,货到付款,四川省,0,已完成
ORD202602171826328656,USR45949,2/17/2026 18:26,运动户外,帐篷,3,1769.27,5307.8,银行卡,四川省,0,待发货
ORD202511150513595389,USR57408,11/15/2025 5:13,美妆个护,粉底液,3,1150.02,2760.05,花呗,北京市,1,已完成
ORD202604100201399728,USR45225,4/10/2026 2:01,美妆个护,洗面奶,3,2721.98,8165.95,银行卡,福建省,0,退款中
ORD202605312244598106,USR96406,5/31/2026 22:44,美妆个护,洗发水,4,1604.44,6417.77,货到付款,山东省,0,已完成
ORD202605200742081981,USR42835,5/20/2026 7:42,母婴用品,婴儿床,3,318.64,764.73,货到付款,北京市,1,已取消
ORD202508091453179556,USR95594,8/9/2025 14:53,美妆个护,爽肤水,4,1126.1,4504.39,花呗,上海市,0,已完成
ORD202507121327554287,USR89691,7/12/2025 13:27,家居用品,窗帘,3,2171.85,6515.55,货到付款,上海市,0,已完成
ORD202605231250076968,USR11617,5/23/2026 12:50,食品生鲜,饮料,3,95.35,228.84,银行卡,上海市,1,已完成
ORD202507080942378577,USR26293,7/8/2025 9:42,母婴用品,婴儿床,2,1200.95,1921.52,微信支付,上海市,1,已完成
ORD202512211537343420,USR50225,12/21/2025 15:37,美妆个护,口红,4,2094.96,8379.86,货到付款,山东省,0,已完成
ORD202507281949304938,USR84506,7/28/2025 19:49,服装服饰,连衣裙,4,720.51,2305.65,银行卡,山东省,1,已完成
ORD202509021359323465,USR96609,9/2/2025 13:59,服装服饰,牛仔裤,5,1403.07,7015.34,银行卡,北京市,0,已完成
ORD202508141256115919,USR52072,8/14/2025 12:56,食品生鲜,牛奶,2,443.26,886.52,银行卡,湖北省,0,已完成
ORD202601271646348133,USR44670,1/27/2026 16:46,运动户外,自行车,4,2413.37,9653.49,货到付款,四川省,0,已完成
ORD202512221055317721,USR33433,12/22/2025 10:55,数码家电,平板,2,3371.82,6743.64,微信支付,福建省,0,退款中
ORD202509070042296220,USR68170,9/7/2025 0:42,数码家电,智能手表,2,2383.69,4767.38,花呗,山东省,0,已完成
ORD202604131420552055,USR70650,4/13/2026 14:20,运动户外,自行车,2,3060.61,6121.21,花呗,湖北省,0,已完成
ORD202510161537494335,USR12263,10/16/2025 15:37,母婴用品,辅食,1,1765.71,1412.57,货到付款,北京市,1,已完成
ORD202509121938497757,USR67659,9/12/2025 19:38,母婴用品,婴儿车,4,683.09,2732.36,货到付款,福建省,0,已完成
ORD202604051720375373,USR11162,4/5/2026 17:20,母婴用品,奶粉,2,822.66,1316.25,支付宝,上海市,1,待发货
ORD202511020320345702,USR71137,11/2/2025 3:20,数码家电,智能手表,1,3549.69,3549.69,微信支付,山东省,0,已完成
ORD202507011630453631,USR14850,7/1/2025 16:30,服装服饰,运动鞋,1,1143.58,914.87,银行卡,上海市,1,已完成
ORD202510232105335201,USR57018,10/23/2025 21:05,数码家电,笔记本电脑,3,2213.07,6639.2,银行卡,四川省,0,已完成
ORD202511051626594868,USR72941,11/5/2025 16:26,家居用品,拖把,3,2470.19,7410.57,花呗,河南省,0,已完成
ORD202511260610087649,USR93590,11/26/2025 6:10,美妆个护,爽肤水,4,907.94,3631.76,货到付款,北京市,0,已完成
ORD202601061012074907,USR82955,1/6/2026 10:12,母婴用品,奶粉,3,1425.46,3421.1,微信支付,福建省,1,已完成
ORD202509031051422860,USR38553,9/3/2025 10:51,服装服饰,卫衣,4,1050.77,3362.47,花呗,山东省,1,已完成
ORD202602261842483456,USR63557,2/26/2026 18:42,食品生鲜,饮料,1,297.09,297.09,微信支付,河南省,0,已完成
ORD202508271708314144,USR17678,8/27/2025 17:08,食品生鲜,零食,1,98.01,98.01,货到付款,浙江省,0,已完成
ORD202509251157581453,USR85965,9/25/2025 11:57,美妆个护,洗发水,4,2213.02,8852.08,银行卡,湖北省,0,已完成
ORD202602211543485023,USR20426,2/21/2026 15:43,服装服饰,卫衣,3,417.81,1002.74,支付宝,河南省,1,已完成
ORD202604181405526087,USR46234,4/18/2026 14:05,数码家电,空气净化器,3,1351.05,3242.53,微信支付,四川省,1,已完成
ORD202604260641398604,USR89996,4/26/2026 6:41,数码家电,智能手表,4,4600.1,14720.31,银行卡,北京市,1,已完成
ORD202507020724148952,USR82279,7/2/2025 7:24,家居用品,沙发,5,2133.71,8534.82,微信支付,江苏省,1,已完成
ORD202602092115308145,USR51160,2/9/2026 21:15,家居用品,茶几,3,169.11,405.86,微信支付,浙江省,1,已完成
ORD202604300710567914,USR18394,4/30/2026 7:10,数码家电,冰箱,2,1020.46,2040.93,微信支付,浙江省,0,已完成
ORD202602080927191606,USR67729,2/8/2026 9:27,食品生鲜,水果,3,403.31,967.95,货到付款,江苏省,1,已取消
ORD202603222351114309,USR33567,3/22/2026 23:51,母婴用品,婴儿床,5,1627.61,6510.46,花呗,广东省,1,已完成
ORD202506130719153610,USR43817,6/13/2025 7:19,食品生鲜,肉类,1,130.2,104.16,微信支付,广东省,1,已完成
ORD202507070729165468,USR46194,7/7/2025 7:29,家居用品,沙发,1,1853.38,1853.38,货到付款,河南省,0,已完成
ORD202511050928033235,USR44018,11/5/2025 9:28,美妆个护,洗面奶,1,1346.24,1346.24,支付宝,福建省,0,已完成
ORD202510260659481477,USR74871,10/26/2025 6:59,数码家电,智能手机,3,5245.22,15735.66,花呗,四川省,0,已完成
ORD202510251128305233,USR26675,10/25/2025 11:28,家居用品,床上四件套,1,2591.38,2591.38,货到付款,山东省,0,待发货
ORD202601011533025551,USR39808,1/1/2026 15:33,家居用品,拖把,5,257.97,1289.86,支付宝,河南省,0,已完成
ORD202512022041203883,USR92619,12/2/2025 20:41,母婴用品,婴儿床,5,1567.07,7835.35,花呗,广东省,0,已完成
ORD202506221901441691,USR32871,6/22/2025 19:01,数码家电,无线耳机,3,4197.72,12593.15,货到付款,广东省,0,已完成
ORD202602030655208960,USR29254,2/3/2026 6:55,母婴用品,纸尿裤,2,1150.05,2300.1,支付宝,湖北省,0,已取消
ORD202506041604551326,USR90995,6/4/2025 16:04,数码家电,洗衣机,3,5404.49,16213.46,货到付款,北京市,0,已完成
ORD202602282259291906,USR95980,2/28/2026 22:59,母婴用品,婴儿床,1,1849.12,1849.12,支付宝,河南省,0,已完成
ORD202508061324382375,USR16498,8/6/2025 13:24,食品生鲜,面包,3,37.79,90.7,微信支付,山东省,1,已完成
ORD202507030241256143,USR40496,7/3/2025 2:41,美妆个护,面霜,5,117.54,470.18,微信支付,上海市,1,已完成
ORD202512120301045882,USR25000,12/12/2025 3:01,美妆个护,洗发水,3,559.44,1678.31,花呗,广东省,0,已完成
ORD202604250702412041,USR95799,4/25/2026 7:02,数码家电,智能手机,3,7898.36,18956.06,支付宝,上海市,1,待发货
ORD202511161219517668,USR15046,11/16/2025 12:19,服装服饰,T恤,2,1444.4,2311.04,微信支付,福建省,1,已完成
ORD202602061058166954,USR34150,2/6/2026 10:58,运动户外,登山包,5,3111.74,15558.71,花呗,福建省,0,已完成
ORD202604011455012479,USR99711,4/1/2026 14:55,家居用品,餐具,4,160.18,640.71,银行卡,四川省,0,待发货
ORD202510071539577502,USR76416,10/7/2025 15:39,家居用品,衣柜,4,2639.75,10558.99,微信支付,广东省,0,待发货
ORD202601061809573302,USR67712,1/6/2026 18:09,数码家电,洗衣机,5,6595.68,32978.38,微信支付,浙江省,0,已完成
ORD202604300446104867,USR86007,4/30/2026 4:46,母婴用品,童装,4,1346.36,4308.35,货到付款,四川省,1,已完成
ORD202507080050122833,USR51593,7/8/2025 0:50,服装服饰,衬衫,1,711.31,711.31,银行卡,浙江省,0,已完成
ORD202605141203309196,USR15499,5/14/2026 12:03,食品生鲜,面包,4,44.55,178.19,支付宝,福建省,0,待发货
ORD202512230248012976,USR82536,12/23/2025 2:48,母婴用品,婴儿床,1,1181.08,944.86,花呗,湖北省,1,已完成
ORD202605232307109551,USR39878,5/23/2026 23:07,母婴用品,纸尿裤,5,1453.4,7267.02,银行卡,江苏省,0,已完成
ORD202506171236409605,USR17970,6/17/2025 12:36,数码家电,笔记本电脑,4,1206.8,3861.77,支付宝,江苏省,1,已完成
ORD202508290534445125,USR43954,8/29/2025 5:34,数码家电,空气净化器,4,5253.26,21013.03,微信支付,山东省,0,已完成
ORD202508220232599133,USR43743,8/22/2025 2:32,家居用品,衣柜,1,873.37,873.37,花呗,江苏省,0,已完成
ORD202605170028222478,USR12112,5/17/2026 0:28,数码家电,智能手表,1,6231.83,6231.83,花呗,湖北省,0,已完成
ORD202605040326094900,USR98917,5/4/2026 3:26,数码家电,空气净化器,3,4547.12,13641.36,银行卡,四川省,0,已完成
ORD202602242035203003,USR56312,2/24/2026 20:35,数码家电,平板,2,1467.78,2935.55,货到付款,上海市,0,已完成
ORD202605111636206134,USR80836,5/11/2026 16:36,家居用品,床上四件套,4,1589.03,6356.11,支付宝,山东省,0,已完成
ORD202601070248406395,USR15863,1/7/2026 2:48,食品生鲜,牛奶,2,203.91,407.82,银行卡,四川省,0,已完成
ORD202512021559027388,USR88719,12/2/2025 15:59,食品生鲜,面包,2,98.37,196.75,货到付款,上海市,0,已完成
ORD202509140647204865,USR40762,9/14/2025 6:47,运动户外,篮球,4,4223.43,16893.71,货到付款,北京市,0,已完成
ORD202506190159207928,USR55839,6/19/2025 1:59,运动户外,自行车,1,154.04,123.23,货到付款,河南省,1,已完成
ORD202605252147194571,USR24308,5/25/2026 21:47,数码家电,冰箱,3,2840.96,8522.89,花呗,四川省,0,待发货
ORD202506292058263363,USR20155,6/29/2025 20:58,运动户外,瑜伽垫,5,161.72,808.58,支付宝,河南省,0,已完成
ORD202602211920172750,USR76445,2/21/2026 19:20,家居用品,茶几,4,306.1,1224.4,支付宝,四川省,0,已完成
ORD202605261104323869,USR68171,5/26/2026 11:04,食品生鲜,海鲜,4,155.58,622.31,银行卡,上海市,0,已完成
ORD202509172115574507,USR24835,9/17/2025 21:15,母婴用品,奶瓶,5,155.83,779.14,微信支付,广东省,0,已完成
ORD202605160611315498,USR76982,5/16/2026 6:11,食品生鲜,海鲜,2,302.35,604.7,银行卡,山东省,0,已完成
ORD202512282124468200,USR20151,12/28/2025 21:24,食品生鲜,海鲜,3,52.56,126.15,支付宝,北京市,1,已完成
ORD202601052017337690,USR41061,1/5/2026 20:17,家居用品,床上四件套,2,2111.11,4222.21,花呗,上海市,0,已完成
ORD202602111401215166,USR36744,2/11/2026 14:01,运动户外,健身器材,5,357.95,1789.73,银行卡,浙江省,0,已完成
ORD202506131840001916,USR52701,6/13/2025 18:40,母婴用品,婴儿床,5,165.65,828.26,微信支付,广东省,0,待发货
ORD202508091542189034,USR84758,8/9/2025 15:42,家居用品,餐具,3,929.87,2231.69,银行卡,湖北省,1,已完成
ORD202605271643479740,USR58674,5/27/2026 16:43,数码家电,无线耳机,5,7224.29,36121.43,货到付款,浙江省,0,已完成
ORD202604270633357139,USR99262,4/27/2026 6:33,美妆个护,口红,5,1934.94,9674.69,微信支付,湖北省,0,已完成
ORD202510010312352850,USR64521,10/1/2025 3:12,食品生鲜,牛奶,3,387.36,1162.09,货到付款,山东省,0,已完成
ORD202506070156386185,USR19357,6/7/2025 1:56,美妆个护,沐浴露,4,450.41,1801.64,花呗,山东省,0,已完成
ORD202508201051129941,USR94133,8/20/2025 10:51,家居用品,餐具,2,2505.69,5011.39,支付宝,浙江省,0,已完成
ORD202601142334237943,USR65898,1/14/2026 23:34,家居用品,茶几,4,44.28,141.68,银行卡,山东省,1,已完成
ORD202507262357458780,USR47104,7/26/2025 23:57,家居用品,沙发,4,654.91,2619.64,银行卡,江苏省,0,已完成
ORD202603200331115036,USR28753,3/20/2026 3:31,美妆个护,爽肤水,2,1859.79,3719.59,货到付款,河南省,0,已完成
ORD202604151723315550,USR13236,4/15/2026 17:23,家居用品,沙发,4,1138.23,3642.35,货到付款,福建省,1,已完成
ORD202603041857063374,USR52800,3/4/2026 18:57,数码家电,冰箱,3,7881.45,23644.35,支付宝,上海市,0,已完成
ORD202604151921536947,USR89556,4/15/2026 19:21,家居用品,衣柜,2,110.41,220.82,银行卡,湖北省,0,已完成
ORD202511021623168786,USR57223,11/2/2025 16:23,服装服饰,牛仔裤,1,1997.27,1997.27,支付宝,北京市,0,已完成
ORD202605271744317025,USR53907,5/27/2026 17:44,运动户外,自行车,4,3155.78,12623.11,货到付款,福建省,0,已完成
ORD202506302106336049,USR63495,6/30/2025 21:06,美妆个护,粉底液,5,1689.36,8446.8,货到付款,江苏省,0,已完成
ORD202509250527461345,USR95456,9/25/2025 5:27,服装服饰,衬衫,2,166.05,332.1,微信支付,广东省,0,已完成
ORD202508030208451570,USR59114,8/3/2025 2:08,家居用品,床上四件套,1,834.52,667.62,货到付款,广东省,1,退款中
ORD202601060028171895,USR71693,1/6/2026 0:28,数码家电,冰箱,5,7434.97,29739.88,货到付款,上海市,1,已取消
ORD202509020921474926,USR48543,9/2/2025 9:21,食品生鲜,蔬菜,1,183.58,146.86,支付宝,福建省,1,已完成
ORD202601070159195144,USR91515,1/7/2026 1:59,母婴用品,童装,4,1340.22,5360.89,微信支付,福建省,0,已完成
ORD202604210330257302,USR14083,4/21/2026 3:30,运动户外,健身器材,5,4997.53,24987.66,微信支付,上海市,0,已完成
ORD202604262122386067,USR31012,4/26/2026 21:22,母婴用品,婴儿床,4,562.99,2251.94,银行卡,湖北省,0,已完成
ORD202510300312086945,USR58274,10/30/2025 3:12,家居用品,沙发,5,1736.72,8683.61,花呗,四川省,0,待发货
ORD202602182225232999,USR15847,2/18/2026 22:25,运动户外,跑步鞋,2,3512.55,5620.07,银行卡,上海市,1,已完成
ORD202605150413329763,USR48125,5/15/2026 4:13,运动户外,篮球,3,906.67,2720.02,银行卡,山东省,0,已完成
ORD202512272224254872,USR29669,12/27/2025 22:24,数码家电,笔记本电脑,3,1615.04,3876.11,银行卡,河南省,1,已完成
ORD202510071956468248,USR87493,10/7/2025 19:56,运动户外,跑步鞋,1,2335.91,2335.91,微信支付,福建省,0,已完成
ORD202510280142217364,USR13346,10/28/2025 1:42,美妆个护,粉底液,5,1175.86,5879.32,支付宝,四川省,0,待发货
ORD202603211047191128,USR23924,3/21/2026 10:47,服装服饰,卫衣,4,1442.72,5770.88,货到付款,上海市,0,退款中
ORD202603150655297438,USR89827,3/15/2026 6:55,服装服饰,连衣裙,2,185.54,371.08,微信支付,广东省,0,已完成
ORD202507250826025186,USR37719,7/25/2025 8:26,服装服饰,运动鞋,2,1945.72,3113.16,货到付款,北京市,1,已完成
ORD202604032358345929,USR51039,4/3/2026 23:58,美妆个护,香水,2,72.4,115.84,货到付款,广东省,1,已完成
ORD202602231650232478,USR76951,2/23/2026 16:50,母婴用品,奶粉,3,1222.57,3667.7,花呗,上海市,0,已完成
ORD202603090541374857,USR76608,3/9/2026 5:41,数码家电,智能手表,4,4719.74,18878.98,银行卡,河南省,0,待发货
ORD202507011059565872,USR86216,7/1/2025 10:59,运动户外,健身器材,2,760.11,1520.21,花呗,河南省,0,已完成
ORD202512121143394446,USR55095,12/12/2025 11:43,美妆个护,沐浴露,2,478.22,956.44,银行卡,广东省,0,已完成
ORD202603171209313625,USR38163,3/17/2026 12:09,服装服饰,休闲裤,1,1595.72,1595.72,微信支付,湖北省,0,已完成
ORD202510130738398190,USR59655,10/13/2025 7:38,家居用品,垃圾桶,5,2664.94,10659.74,货到付款,浙江省,1,已完成
ORD202506212029136196,USR86373,6/21/2025 20:29,食品生鲜,牛奶,5,148.68,743.39,花呗,北京市,0,已完成
ORD202507082229517656,USR14272,7/8/2025 22:29,运动户外,跑步鞋,5,2246.02,11230.12,微信支付,山东省,0,已完成
ORD202511171757281555,USR96122,11/17/2025 17:57,美妆个护,沐浴露,1,1084.34,867.47,微信支付,广东省,1,已完成
ORD202508300344205489,USR29670,8/30/2025 3:44,美妆个护,粉底液,3,245.46,736.39,银行卡,浙江省,0,已完成
ORD202604221700512312,USR59950,4/22/2026 17:00,数码家电,智能手机,1,5549.03,5549.03,货到付款,河南省,0,已完成
ORD202506301232299055,USR95093,6/30/2025 12:32,数码家电,笔记本电脑,2,6688.95,13377.89,银行卡,山东省,0,已完成
ORD202510110633168718,USR20281,10/11/2025 6:33,美妆个护,沐浴露,4,935.49,3741.97,银行卡,山东省,0,已完成
ORD202601220034537765,USR20133,1/22/2026 0:34,服装服饰,T恤,2,1980.84,3961.69,微信支付,山东省,0,待发货
ORD202603261539076451,USR39436,3/26/2026 15:39,食品生鲜,蔬菜,2,47.17,94.33,银行卡,河南省,0,待发货
ORD202601250938197920,USR84108,1/25/2026 9:38,运动户外,帐篷,4,3342.77,10696.88,支付宝,福建省,1,已完成
ORD202601180728302644,USR75994,1/18/2026 7:28,数码家电,洗衣机,5,3861.71,15446.84,货到付款,湖北省,1,已完成
ORD202511020132253627,USR85292,11/2/2025 1:32,运动户外,跑步鞋,1,2288.35,1830.68,银行卡,湖北省,1,已完成
ORD202603281003155275,USR92617,3/28/2026 10:03,服装服饰,羽绒服,3,942.41,2827.23,银行卡,浙江省,0,已完成
ORD202510051803039295,USR81857,10/5/2025 18:03,运动户外,跑步鞋,2,1367.54,2188.07,花呗,浙江省,1,待发货
ORD202506121207522087,USR64798,6/12/2025 12:07,家居用品,床上四件套,2,2152.38,4304.75,货到付款,北京市,0,已完成
ORD202602020627156764,USR80643,2/2/2026 6:27,数码家电,智能手表,3,5911.82,17735.47,货到付款,福建省,0,已完成
ORD202509150335337895,USR25891,9/15/2025 3:35,服装服饰,牛仔裤,1,600.67,600.67,银行卡,河南省,0,已完成
ORD202604010711529973,USR79174,4/1/2026 7:11,服装服饰,卫衣,2,1678.85,3357.7,支付宝,江苏省,0,已完成
ORD202511222325556353,USR16741,11/22/2025 23:25,食品生鲜,零食,3,165.25,495.76,花呗,江苏省,0,已取消
ORD202512081245208426,USR89574,12/8/2025 12:45,食品生鲜,海鲜,2,365.3,730.59,支付宝,上海市,0,已完成
ORD202508281424141448,USR71909,8/28/2025 14:24,家居用品,沙发,5,380.58,1522.32,银行卡,江苏省,1,已完成
ORD202510170424021853,USR96402,10/17/2025 4:24,服装服饰,连衣裙,5,378.97,1894.84,货到付款,江苏省,0,已完成
ORD202601011841064010,USR78740,1/1/2026 18:41,母婴用品,玩具,2,665.8,1065.28,货到付款,四川省,1,已完成
ORD202510241913598264,USR78201,10/24/2025 19:13,服装服饰,运动鞋,2,1208.05,2416.11,支付宝,河南省,0,已完成
ORD202511151706523229,USR67805,11/15/2025 17:06,食品生鲜,面包,5,326.3,1631.5,微信支付,河南省,0,已完成
ORD202508120312071050,USR51541,8/12/2025 3:12,母婴用品,婴儿床,2,822.89,1645.79,银行卡,福建省,0,已完成
ORD202602192312547564,USR45282,2/19/2026 23:12,数码家电,智能手表,1,1083.79,1083.79,货到付款,浙江省,0,退款中
ORD202601141245064278,USR35562,1/14/2026 12:45,数码家电,洗衣机,1,3302.26,3302.26,微信支付,湖北省,0,已完成
ORD202602121354306006,USR85398,2/12/2026 13:54,运动户外,瑜伽垫,4,3474.96,13899.84,货到付款,山东省,0,已完成
ORD202510261432046140,USR48412,10/26/2025 14:32,美妆个护,粉底液,1,2022.86,2022.86,货到付款,江苏省,0,已完成
ORD202507040643372347,USR41985,7/4/2025 6:43,食品生鲜,牛奶,2,88.5,176.99,微信支付,湖北省,0,已完成
ORD202603272107182815,USR53081,3/27/2026 21:07,美妆个护,爽肤水,2,53.12,84.99,支付宝,湖北省,1,待发货
ORD202601270555043585,USR41860,1/27/2026 5:55,母婴用品,纸尿裤,3,1518.31,4554.94,银行卡,山东省,0,已完成
ORD202509231708105089,USR57443,9/23/2025 17:08,食品生鲜,海鲜,1,62.12,62.12,微信支付,福建省,0,已取消
ORD202604062224489460,USR40263,4/6/2026 22:24,家居用品,衣柜,5,265.4,1061.6,微信支付,山东省,1,已完成
ORD202509041704423131,USR69745,9/4/2025 17:04,服装服饰,运动鞋,5,55.27,276.34,货到付款,四川省,0,已取消
ORD202603042239117722,USR51263,3/4/2026 22:39,家居用品,窗帘,4,1309.15,4189.29,微信支付,四川省,1,已完成
ORD202506291307556233,USR25127,6/29/2025 13:07,母婴用品,纸尿裤,3,1031.36,2475.28,银行卡,山东省,1,已完成
ORD202507022038588397,USR41594,7/2/2025 20:38,食品生鲜,牛奶,5,322.46,1289.82,支付宝,河南省,1,已完成
ORD202509130140498837,USR68328,9/13/2025 1:40,母婴用品,奶粉,4,627.32,2509.3,支付宝,上海市,0,已完成
ORD202507302126363187,USR63729,7/30/2025 21:26,服装服饰,休闲裤,1,1435.33,1435.33,支付宝,广东省,0,已完成
ORD202510261351235270,USR57432,10/26/2025 13:51,数码家电,智能手机,3,1769.99,5309.97,银行卡,上海市,0,已完成
ORD202603040918423842,USR20445,3/4/2026 9:18,数码家电,智能手表,3,6739.93,20219.78,货到付款,四川省,0,已完成
ORD202604011023136367,USR56135,4/1/2026 10:23,母婴用品,婴儿床,2,1165.1,2330.21,银行卡,四川省,0,退款中
ORD202602020423045616,USR83460,2/2/2026 4:23,美妆个护,口红,1,1764.15,1764.15,微信支付,浙江省,0,已完成
ORD202507302157534254,USR76275,7/30/2025 21:57,食品生鲜,面包,3,112.79,270.7,花呗,河南省,1,待发货
ORD202603150605132382,USR20019,3/15/2026 6:05,食品生鲜,水果,4,46.31,185.25,花呗,广东省,0,已完成
ORD202510300732247791,USR57486,10/30/2025 7:32,数码家电,平板,5,3985.44,15941.74,花呗,浙江省,1,已完成
ORD202510012339187022,USR95633,10/1/2025 23:39,运动户外,健身器材,1,3116.5,2493.2,支付宝,四川省,1,已完成
ORD202510190158113980,USR73459,10/19/2025 1:58,家居用品,垃圾桶,1,303.24,303.24,银行卡,福建省,0,已取消
ORD202507120907357447,USR89327,7/12/2025 9:07,运动户外,自行车,3,4757.62,14272.86,银行卡,上海市,0,已完成
ORD202507061301567182,USR40192,7/6/2025 13:01,服装服饰,连衣裙,3,1961.81,5885.42,支付宝,江苏省,0,已完成
ORD202506030025224677,USR68847,6/3/2025 0:25,家居用品,衣柜,3,1645.46,3949.11,微信支付,浙江省,1,已完成
ORD202509281715391339,USR64899,9/28/2025 17:15,家居用品,床上四件套,4,2851.21,11404.82,花呗,山东省,0,已完成
ORD202511201714191376,USR40115,11/20/2025 17:14,母婴用品,玩具,2,399.92,799.84,花呗,上海市,0,待发货
ORD202510181840274747,USR84624,10/18/2025 18:40,数码家电,冰箱,3,690.66,2071.97,支付宝,江苏省,0,已完成
ORD202603231615492457,USR26420,3/23/2026 16:15,运动户外,篮球,2,293.11,468.97,花呗,江苏省,1,已完成
ORD202509131824198576,USR80466,9/13/2025 18:24,运动户外,自行车,2,2978.81,4766.1,货到付款,福建省,1,已完成
ORD202507101651574248,USR42105,7/10/2025 16:51,数码家电,平板,1,962.31,962.31,银行卡,江苏省,0,已完成
ORD202507221103175289,USR63427,7/22/2025 11:03,运动户外,登山包,5,4796.87,23984.37,花呗,四川省,0,已完成
ORD202507042140093764,USR98356,7/4/2025 21:40,数码家电,冰箱,5,1564.5,7822.5,花呗,湖北省,0,已完成
ORD202508121837041815,USR86645,8/12/2025 18:37,母婴用品,婴儿车,4,644.21,2576.84,货到付款,湖北省,0,已完成
ORD202511150901127570,USR97281,11/15/2025 9:01,美妆个护,爽肤水,4,2472.88,7913.21,微信支付,北京市,1,已完成
ORD202511220731348027,USR28106,11/22/2025 7:31,家居用品,衣柜,5,671.85,2687.38,微信支付,广东省,1,已完成
ORD202601030728365262,USR89370,1/3/2026 7:28,母婴用品,纸尿裤,5,523.79,2095.15,货到付款,福建省,1,已完成
ORD202601021033053445,USR44115,1/2/2026 10:33,食品生鲜,牛奶,1,324.73,324.73,微信支付,北京市,0,待发货
ORD202512170017412459,USR47602,12/17/2025 0:17,服装服饰,牛仔裤,1,588.37,588.37,支付宝,广东省,0,已完成
ORD202511061114507028,USR54770,11/6/2025 11:14,美妆个护,爽肤水,5,675.82,3379.1,货到付款,湖北省,0,已完成
ORD202507110245353787,USR51136,7/11/2025 2:45,食品生鲜,零食,3,134.55,403.64,银行卡,福建省,0,已完成
ORD202506110446432922,USR25461,6/11/2025 4:46,家居用品,衣柜,3,1482.13,4446.39,银行卡,四川省,0,已完成
ORD202507051918291231,USR20683,7/5/2025 19:18,运动户外,跑步鞋,1,4833.89,3867.11,银行卡,河南省,1,已完成
ORD202510161043129615,USR63543,10/16/2025 10:43,数码家电,笔记本电脑,2,6741.78,13483.57,花呗,浙江省,0,已完成
ORD202601020542108129,USR65184,1/2/2026 5:42,家居用品,垃圾桶,5,868.14,3472.55,货到付款,浙江省,1,待发货
ORD202507070325188433,USR76194,7/7/2025 3:25,母婴用品,玩具,4,758.58,3034.31,货到付款,上海市,0,已完成
ORD202601181944249096,USR29450,1/18/2026 19:44,服装服饰,连衣裙,3,955.8,2867.4,微信支付,湖北省,0,已完成
ORD202601190610192941,USR85499,1/19/2026 6:10,母婴用品,纸尿裤,2,1958.91,3917.83,货到付款,湖北省,0,已完成
ORD202604011529554677,USR74775,4/1/2026 15:29,美妆个护,洗面奶,3,542.0,1626.0,货到付款,四川省,0,已完成
ORD202510042354354328,USR92920,10/4/2025 23:54,美妆个护,爽肤水,2,1091.72,2183.45,微信支付,北京市,0,已完成
ORD202605021026124121,USR35965,5/2/2026 10:26,服装服饰,连衣裙,5,1472.38,5889.52,货到付款,河南省,1,已完成
ORD202510281440395361,USR33581,10/28/2025 14:40,食品生鲜,牛奶,5,482.33,2411.66,货到付款,湖北省,0,已完成
ORD202506051901225717,USR69515,6/5/2025 19:01,食品生鲜,蔬菜,5,86.28,345.12,支付宝,江苏省,1,已完成
ORD202509220812529096,USR12033,9/22/2025 8:12,美妆个护,洗面奶,1,705.32,564.25,微信支付,上海市,1,已完成
ORD202511081659217259,USR31859,11/8/2025 16:59,美妆个护,口红,2,700.31,1400.63,支付宝,浙江省,0,已完成
ORD202510291433133133,USR25832,10/29/2025 14:33,运动户外,跑步鞋,4,202.57,648.21,花呗,湖北省,1,已完成
ORD202603301422568066,USR64870,3/30/2026 14:22,数码家电,洗衣机,4,5030.87,20123.47,微信支付,河南省,0,已完成
ORD202507032127244385,USR44521,7/3/2025 21:27,运动户外,自行车,5,3386.45,13545.78,货到付款,山东省,1,已完成
ORD202603091202034531,USR82689,3/9/2026 12:02,运动户外,篮球,4,3052.38,12209.51,货到付款,北京市,0,已完成
ORD202605162311485636,USR71585,5/16/2026 23:11,食品生鲜,水果,3,44.95,134.84,支付宝,河南省,0,已完成
ORD202601040715304102,USR23237,1/4/2026 7:15,服装服饰,T恤,2,185.0,370.0,支付宝,江苏省,0,已完成
ORD202605181308457853,USR26567,5/18/2026 13:08,食品生鲜,饮料,2,113.09,226.18,花呗,北京市,0,已完成
ORD202509030631273955,USR14466,9/3/2025 6:31,数码家电,笔记本电脑,2,2677.21,4283.53,花呗,浙江省,1,待发货
ORD202601090303277693,USR66547,1/9/2026 3:03,母婴用品,婴儿车,3,1583.76,3801.02,货到付款,北京市,1,已完成
ORD202512200902463391,USR13136,12/20/2025 9:02,美妆个护,沐浴露,1,503.39,402.71,银行卡,河南省,1,已完成
ORD202508052037381471,USR31880,8/5/2025 20:37,美妆个护,口红,3,160.95,482.86,花呗,福建省,0,已完成
ORD202602220336285754,USR19570,2/22/2026 3:36,数码家电,平板,2,3454.91,6909.81,货到付款,河南省,0,已完成
ORD202510262040465289,USR27351,10/26/2025 20:40,运动户外,登山包,2,2140.32,4280.64,花呗,湖北省,0,已完成
ORD202508051952144858,USR77488,8/5/2025 19:52,服装服饰,休闲裤,2,929.27,1858.54,微信支付,江苏省,0,已取消
ORD202507242204598388,USR79377,7/24/2025 22:04,美妆个护,洗发水,4,2485.9,9943.61,支付宝,四川省,0,已完成
ORD202509131030235068,USR60870,9/13/2025 10:30,家居用品,餐具,1,312.06,312.06,货到付款,北京市,0,已完成
ORD202509252244487056,USR65359,9/25/2025 22:44,运动户外,帐篷,3,3549.32,10647.95,花呗,河南省,0,已完成
ORD202509130543578506,USR56447,9/13/2025 5:43,美妆个护,口红,2,1033.7,2067.4,支付宝,广东省,0,已完成
ORD202512091214532404,USR26705,12/9/2025 12:14,家居用品,垃圾桶,5,943.74,4718.7,银行卡,广东省,0,已完成
ORD202507271612401169,USR62732,7/27/2025 16:12,数码家电,洗衣机,1,7494.07,7494.07,花呗,上海市,0,已完成
ORD202506251341338682,USR82999,6/25/2025 13:41,数码家电,智能手表,5,2363.51,9454.06,货到付款,北京市,1,已完成
ORD202508042229093182,USR41645,8/4/2025 22:29,运动户外,帐篷,1,3248.41,3248.41,微信支付,福建省,0,待发货
ORD202511161928356296,USR48455,11/16/2025 19:28,美妆个护,香水,2,847.13,1355.41,支付宝,江苏省,1,已完成
ORD202509160409037513,USR25601,9/16/2025 4:09,食品生鲜,牛奶,1,258.5,258.5,支付宝,山东省,0,已完成
ORD202511111257294476,USR54146,11/11/2025 12:57,家居用品,床上四件套,1,2363.15,1890.52,微信支付,江苏省,1,已完成
ORD202509250953367283,USR54124,9/25/2025 9:53,服装服饰,T恤,2,1769.36,3538.72,货到付款,北京市,0,已完成
ORD202512060121467935,USR87526,12/6/2025 1:21,美妆个护,爽肤水,5,2520.93,12604.65,银行卡,广东省,0,已完成
ORD202603312258545198,USR89791,3/31/2026 22:58,服装服饰,休闲裤,5,1185.25,5926.26,微信支付,江苏省,0,已完成
ORD202506302057322196,USR90822,6/30/2025 20:57,美妆个护,沐浴露,4,768.98,2460.75,银行卡,河南省,1,已完成
ORD202510190555412561,USR24125,10/19/2025 5:55,食品生鲜,海鲜,5,334.0,1670.02,货到付款,江苏省,0,已完成
ORD202509061800411962,USR15929,9/6/2025 18:00,食品生鲜,面包,5,357.85,1789.27,花呗,北京市,0,已完成
ORD202509041823091853,USR19666,9/4/2025 18:23,运动户外,健身器材,1,152.39,121.91,花呗,河南省,1,待发货
ORD202603072316116453,USR56525,3/7/2026 23:16,运动户外,登山包,4,2252.13,9008.53,货到付款,浙江省,0,已完成
ORD202601291744104847,USR68837,1/29/2026 17:44,食品生鲜,饮料,2,423.2,846.4,银行卡,江苏省,0,已完成
ORD202512101312498715,USR63592,12/10/2025 13:12,母婴用品,奶瓶,2,1004.7,2009.39,微信支付,上海市,0,已完成
ORD202601171440366804,USR92684,1/17/2026 14:40,食品生鲜,零食,3,162.57,487.72,货到付款,北京市,0,已完成
ORD202601261146111745,USR68950,1/26/2026 11:46,数码家电,洗衣机,4,7038.48,28153.93,货到付款,湖北省,0,已完成
ORD202508152238291087,USR67106,8/15/2025 22:38,数码家电,平板,1,1669.11,1669.11,花呗,湖北省,0,已完成
ORD202511251934475155,USR47917,11/25/2025 19:34,母婴用品,辅食,3,452.57,1086.16,微信支付,上海市,1,已完成
ORD202507121303179266,USR72535,7/12/2025 13:03,家居用品,拖把,3,2068.37,4964.09,花呗,湖北省,1,已完成
ORD202507231451147241,USR27643,7/23/2025 14:51,服装服饰,T恤,2,737.25,1474.5,银行卡,上海市,0,已完成
ORD202509270737065956,USR34045,9/27/2025 7:37,美妆个护,香水,5,2147.66,10738.3,银行卡,浙江省,0,已完成
ORD202506031504357466,USR87274,6/3/2025 15:04,美妆个护,面霜,1,498.38,398.7,支付宝,福建省,1,已完成
ORD202511011606597076,USR76764,11/1/2025 16:06,母婴用品,纸尿裤,4,541.92,1734.16,货到付款,广东省,1,已完成
ORD202510080029193166,USR20982,10/8/2025 0:29,数码家电,笔记本电脑,3,1674.86,4019.65,微信支付,河南省,1,已完成
ORD202604232024191673,USR29956,4/23/2026 20:24,运动户外,帐篷,1,4769.26,4769.26,微信支付,上海市,0,已完成
ORD202601272036363938,USR11020,1/27/2026 20:36,美妆个护,洗发水,2,1234.05,1974.48,花呗,四川省,1,已完成
ORD202510261249515264,USR87798,10/26/2025 12:49,数码家电,智能手机,3,3029.15,7269.96,花呗,四川省,1,已完成
ORD202604090632083783,USR87732,4/9/2026 6:32,家居用品,沙发,3,62.32,186.97,微信支付,四川省,0,已完成
ORD202605012016149253,USR58480,5/1/2026 20:16,服装服饰,T恤,2,349.16,698.33,花呗,山东省,0,已完成
ORD202510062333059074,USR98330,10/6/2025 23:33,家居用品,窗帘,2,1274.98,2549.97,支付宝,湖北省,0,退款中
ORD202511182310306557,USR95118,11/18/2025 23:10,母婴用品,奶瓶,2,183.58,367.16,货到付款,上海市,0,已完成
ORD202510082358038669,USR69444,10/8/2025 23:58,食品生鲜,饮料,1,260.26,208.21,支付宝,北京市,1,已取消
ORD202511150538023161,USR59725,11/15/2025 5:38,食品生鲜,水果,1,232.96,186.37,银行卡,上海市,1,已完成
ORD202604131646562468,USR52000,4/13/2026 16:46,食品生鲜,蔬菜,1,385.91,308.73,微信支付,北京市,1,已完成
ORD202604161954176198,USR67486,4/16/2026 19:54,家居用品,衣柜,5,1986.21,7944.85,支付宝,浙江省,1,已完成
ORD202604301911589690,USR33163,4/30/2026 19:11,美妆个护,粉底液,3,1354.46,4063.39,支付宝,北京市,0,已完成
ORD202602082006118093,USR76672,2/8/2026 20:06,服装服饰,牛仔裤,1,488.09,488.09,花呗,福建省,0,已完成
ORD202601172008363323,USR87080,1/17/2026 20:08,食品生鲜,水果,5,366.16,1464.65,花呗,四川省,1,已完成
ORD202507232046195266,USR46608,7/23/2025 20:46,母婴用品,纸尿裤,3,1430.33,4290.99,花呗,湖北省,0,已完成
ORD202509251615352914,USR22700,9/25/2025 16:15,母婴用品,童装,1,348.93,348.93,银行卡,河南省,0,已完成
ORD202510031248576132,USR40443,10/3/2025 12:48,食品生鲜,蔬菜,2,458.23,916.46,支付宝,河南省,0,已完成
ORD202601210620111723,USR48974,1/21/2026 6:20,食品生鲜,零食,4,41.56,166.23,货到付款,山东省,0,已完成
ORD202602260035383095,USR74656,2/26/2026 0:35,服装服饰,T恤,1,157.32,157.32,花呗,浙江省,0,已完成
ORD202508180004179179,USR54710,8/18/2025 0:04,食品生鲜,蔬菜,4,101.8,407.21,银行卡,福建省,0,已完成
ORD202512040041395603,USR16329,12/4/2025 0:41,服装服饰,牛仔裤,1,1823.45,1823.45,银行卡,福建省,0,待发货
ORD202510010024016907,USR83941,10/1/2025 0:24,母婴用品,奶瓶,2,1064.0,1702.39,花呗,湖北省,1,已完成
ORD202508082341578046,USR77853,8/8/2025 23:41,食品生鲜,牛奶,4,396.09,1267.49,微信支付,北京市,1,已完成
ORD202511021551425635,USR78838,11/2/2025 15:51,家居用品,窗帘,5,698.97,2795.89,支付宝,山东省,1,已完成
ORD202510022234435312,USR85999,10/2/2025 22:34,运动户外,帐篷,2,2502.09,5004.18,花呗,广东省,0,已完成
ORD202509220429375321,USR76614,9/22/2025 4:29,家居用品,垃圾桶,4,1087.7,3480.65,货到付款,北京市,1,已完成
ORD202603130931319470,USR65927,3/13/2026 9:31,母婴用品,童装,4,1664.27,5325.65,支付宝,山东省,1,已完成
ORD202602252128336128,USR47389,2/25/2026 21:28,服装服饰,牛仔裤,2,94.08,188.16,银行卡,福建省,0,已完成
ORD202602011904428139,USR52310,2/1/2026 19:04,家居用品,衣柜,2,746.65,1194.64,货到付款,浙江省,1,已完成
ORD202512081631113703,USR60340,12/8/2025 16:31,服装服饰,牛仔裤,2,347.52,695.04,支付宝,河南省,0,已完成
ORD202601101535026169,USR51756,1/10/2026 15:35,家居用品,窗帘,3,2580.38,6192.92,货到付款,上海市,1,已完成
ORD202603311631459049,USR33385,3/31/2026 16:31,家居用品,衣柜,5,1413.28,7066.4,银行卡,北京市,0,已完成
ORD202509030333293478,USR28769,9/3/2025 3:33,服装服饰,卫衣,1,838.23,838.23,花呗,江苏省,0,已完成
ORD202510051328478208,USR15496,10/5/2025 13:28,美妆个护,口红,4,1364.96,5459.86,货到付款,北京市,0,已取消
ORD202510250105221871,USR37614,10/25/2025 1:05,家居用品,垃圾桶,1,2916.34,2916.34,花呗,上海市,0,已完成
ORD202509172035124095,USR66431,9/17/2025 20:35,食品生鲜,面包,2,426.63,853.26,银行卡,福建省,0,待发货
ORD202604140216493435,USR78044,4/14/2026 2:16,运动户外,瑜伽垫,5,3561.21,14244.83,银行卡,山东省,1,已完成
ORD202604020448251894,USR46471,4/2/2026 4:48,母婴用品,奶粉,5,616.43,2465.74,货到付款,浙江省,1,已完成
ORD202510311425154766,USR85384,10/31/2025 14:25,美妆个护,洗发水,3,520.56,1249.35,货到付款,江苏省,1,已完成
ORD202510201811294000,USR90671,10/20/2025 18:11,服装服饰,衬衫,2,1846.8,3693.59,银行卡,福建省,0,已完成
ORD202507150530411587,USR51204,7/15/2025 5:30,美妆个护,粉底液,4,1286.53,4116.91,货到付款,广东省,1,已完成
ORD202605282329438704,USR23037,5/28/2026 23:29,数码家电,冰箱,3,2590.67,7772.01,货到付款,河南省,0,已完成
ORD202601052328035263,USR55527,1/5/2026 23:28,数码家电,智能手机,2,4031.91,6451.05,货到付款,湖北省,1,已完成
ORD202508171416173679,USR47328,8/17/2025 14:16,家居用品,餐具,3,2755.19,8265.56,货到付款,浙江省,0,已完成
ORD202601162357218653,USR31704,1/16/2026 23:57,家居用品,垃圾桶,1,1173.46,1173.46,支付宝,河南省,0,已完成
ORD202512292137548150,USR25538,12/29/2025 21:37,食品生鲜,蔬菜,2,285.69,457.11,银行卡,江苏省,1,退款中
ORD202508092102352900,USR47728,8/9/2025 21:02,运动户外,瑜伽垫,4,4034.53,12910.51,银行卡,北京市,1,已完成
ORD202602201801209108,USR45893,2/20/2026 18:01,母婴用品,奶瓶,4,882.91,3531.63,微信支付,山东省,0,待发货
ORD202603260243021668,USR73784,3/26/2026 2:43,美妆个护,口红,2,723.62,1157.79,花呗,四川省,1,已完成
ORD202512311517448233,USR67529,12/31/2025 15:17,数码家电,无线耳机,3,7958.94,23876.83,微信支付,上海市,0,已完成
ORD202506111052346841,USR39312,6/11/2025 10:52,家居用品,餐具,5,2870.58,11482.32,货到付款,浙江省,1,已完成
ORD202603101007118949,USR32193,3/10/2026 10:07,母婴用品,婴儿车,2,1694.78,3389.57,货到付款,江苏省,0,已完成
ORD202511270637518499,USR47811,11/27/2025 6:37,美妆个护,洗发水,4,2074.47,8297.88,支付宝,四川省,0,已完成
ORD202603030227349077,USR44003,3/3/2026 2:27,家居用品,衣柜,1,898.7,898.7,支付宝,河南省,0,已完成
ORD202508211003522843,USR89451,8/21/2025 10:03,家居用品,垃圾桶,4,2741.97,10967.88,支付宝,山东省,0,已完成
ORD202511180641463425,USR23909,11/18/2025 6:41,数码家电,笔记本电脑,5,2566.68,10266.7,支付宝,北京市,1,已完成
ORD202604061858043025,USR40366,4/6/2026 18:58,数码家电,洗衣机,4,6506.07,26024.28,支付宝,北京市,0,已完成
ORD202509220324136727,USR97350,9/22/2025 3:24,家居用品,衣柜,5,2756.41,13782.05,支付宝,广东省,0,已完成
ORD202604192006282533,USR46520,4/19/2026 20:06,服装服饰,休闲裤,2,1225.86,2451.71,支付宝,山东省,0,已完成
ORD202602250141344337,USR28481,2/25/2026 1:41,家居用品,垃圾桶,4,2413.11,9652.43,支付宝,湖北省,0,已完成
ORD202506272036195654,USR22579,6/27/2025 20:36,母婴用品,婴儿车,3,1593.81,3825.13,支付宝,四川省,1,待发货
ORD202604150118443959,USR37111,4/15/2026 1:18,家居用品,沙发,3,595.61,1786.83,银行卡,福建省,0,已完成
ORD202604260557223757,USR82373,4/26/2026 5:57,食品生鲜,蔬菜,4,337.28,1349.13,支付宝,广东省,0,已完成
ORD202604060003339335,USR76676,4/6/2026 0:03,运动户外,登山包,4,557.99,2231.97,花呗,山东省,0,已完成
ORD202604051821445469,USR32131,4/5/2026 18:21,食品生鲜,零食,1,258.85,258.85,支付宝,江苏省,0,已完成
ORD202511062128334479,USR13584,11/6/2025 21:28,食品生鲜,零食,4,89.5,286.39,货到付款,山东省,1,已完成
ORD202602170836221067,USR88432,2/17/2026 8:36,服装服饰,运动鞋,1,861.88,861.88,货到付款,湖北省,0,已完成
ORD202512112150359618,USR15209,12/11/2025 21:50,服装服饰,卫衣,1,1674.32,1674.32,支付宝,山东省,0,已完成
ORD202507250114363958,USR80756,7/25/2025 1:14,家居用品,衣柜,1,2961.76,2369.41,支付宝,四川省,1,已完成
ORD202602012307117822,USR80505,2/1/2026 23:07,食品生鲜,零食,1,165.8,165.8,货到付款,山东省,0,待发货
ORD202509261436172258,USR35576,9/26/2025 14:36,服装服饰,牛仔裤,2,1087.31,1739.7,花呗,山东省,1,已完成
ORD202509022348025033,USR10873,9/2/2025 23:48,数码家电,平板,3,4334.74,13004.21,微信支付,河南省,0,已完成
ORD202509070309509161,USR74011,9/7/2025 3:09,家居用品,衣柜,1,2864.12,2291.29,银行卡,福建省,1,已完成
ORD202602111911012545,USR13378,2/11/2026 19:11,母婴用品,婴儿车,3,983.24,2949.71,货到付款,上海市,0,已完成
ORD202507302043086384,USR58436,7/30/2025 20:43,运动户外,帐篷,1,3525.62,3525.62,支付宝,四川省,0,待发货
ORD202603051829101425,USR36626,3/5/2026 18:29,美妆个护,香水,3,2767.71,8303.14,银行卡,上海市,0,已完成
ORD202511120750185657,USR46941,11/12/2025 7:50,家居用品,窗帘,4,1132.67,3624.54,支付宝,河南省,1,已完成
ORD202604031043422998,USR84863,4/3/2026 10:43,美妆个护,面霜,4,2709.3,8669.77,微信支付,广东省,1,待发货
ORD202510250948327458,USR65902,10/25/2025 9:48,食品生鲜,海鲜,3,459.55,1378.66,微信支付,湖北省,0,已完成
ORD202506291724187120,USR68304,6/29/2025 17:24,运动户外,自行车,1,4660.25,3728.2,货到付款,福建省,1,已完成
ORD202511220936182737,USR78274,11/22/2025 9:36,美妆个护,沐浴露,2,833.23,1666.45,银行卡,湖北省,0,已完成
ORD202601190508506300,USR26538,1/19/2026 5:08,食品生鲜,海鲜,3,206.17,494.82,银行卡,河南省,1,已完成
ORD202512040247283519,USR69486,12/4/2025 2:47,数码家电,无线耳机,5,7027.97,28111.88,微信支付,四川省,1,已完成
ORD202601130254271473,USR48658,1/13/2026 2:54,美妆个护,香水,2,1096.71,2193.42,支付宝,浙江省,0,已取消
ORD202511031546272328,USR24367,11/3/2025 15:46,运动户外,足球,5,3041.24,12164.96,货到付款,福建省,1,已完成
ORD202512251239548540,USR25720,12/25/2025 12:39,家居用品,茶几,3,371.8,1115.41,花呗,福建省,0,待发货
ORD202512141758198861,USR68249,12/14/2025 17:58,食品生鲜,肉类,1,37.57,37.57,微信支付,河南省,0,已完成
ORD202605251536158439,USR66657,5/25/2026 15:36,家居用品,茶几,5,1247.74,6238.71,微信支付,广东省,0,已完成
ORD202605241040365412,USR74651,5/24/2026 10:40,运动户外,登山包,3,2936.69,7048.06,货到付款,江苏省,1,已完成
ORD202605041734251095,USR44479,5/4/2026 17:34,服装服饰,卫衣,2,815.76,1305.22,支付宝,山东省,1,已完成
ORD202602241511386397,USR21385,2/24/2026 15:11,食品生鲜,饮料,1,293.09,234.47,银行卡,北京市,1,已完成
ORD202511101050421718,USR27933,11/10/2025 10:50,美妆个护,面霜,5,1559.8,6239.2,微信支付,北京市,1,已完成
ORD202512290308268423,USR46497,12/29/2025 3:08,食品生鲜,肉类,3,346.0,830.39,货到付款,湖北省,1,已完成
ORD202506150640346323,USR97649,6/15/2025 6:40,家居用品,茶几,1,1955.61,1955.61,货到付款,山东省,0,已完成
ORD202604040203113118,USR25264,4/4/2026 2:03,数码家电,冰箱,1,3681.84,3681.84,货到付款,江苏省,0,退款中
ORD202510181503274463,USR56362,10/18/2025 15:03,食品生鲜,海鲜,4,218.25,872.99,银行卡,浙江省,0,已完成
ORD202602281142191797,USR20363,2/28/2026 11:42,美妆个护,面霜,1,448.11,448.11,微信支付,湖北省,0,已完成
ORD202605141840445635,USR39155,5/14/2026 18:40,服装服饰,牛仔裤,3,1050.82,3152.45,货到付款,福建省,0,已完成
ORD202604121109236294,USR19745,4/12/2026 11:09,母婴用品,玩具,2,1195.0,2390.0,银行卡,上海市,0,已完成
ORD202512261219351909,USR52875,12/26/2025 12:19,数码家电,冰箱,4,4073.67,13035.75,支付宝,北京市,1,待发货
ORD202601171448102158,USR30542,1/17/2026 14:48,服装服饰,运动鞋,3,685.13,1644.31,花呗,湖北省,1,已完成
ORD202602032016199964,USR76461,2/3/2026 20:16,食品生鲜,肉类,3,363.61,1090.82,微信支付,北京市,0,已完成
ORD202605220250147248,USR53953,5/22/2026 2:50,家居用品,床上四件套,3,242.49,581.98,银行卡,河南省,1,已完成
ORD202507040005202516,USR46190,7/4/2025 0:05,运动户外,自行车,5,4580.76,22903.79,花呗,浙江省,0,已完成
ORD202507131123487534,USR69436,7/13/2025 11:23,家居用品,茶几,5,81.52,326.07,花呗,浙江省,1,已完成
ORD202603261510165180,USR92657,3/26/2026 15:10,美妆个护,粉底液,2,2888.18,5776.36,银行卡,上海市,0,已完成
ORD202509050940493916,USR77219,9/5/2025 9:40,家居用品,餐具,3,1397.82,4193.46,银行卡,四川省,0,已完成
ORD202602110917294933,USR98091,2/11/2026 9:17,数码家电,智能手机,5,3595.02,14380.1,银行卡,浙江省,1,已完成
ORD202602140323457535,USR19710,2/14/2026 3:23,家居用品,沙发,5,784.2,3921.02,货到付款,福建省,0,已完成
ORD202510162055192461,USR51262,10/16/2025 20:55,美妆个护,粉底液,5,59.91,299.56,支付宝,河南省,0,已完成
ORD202508041423131336,USR15027,8/4/2025 14:23,母婴用品,辅食,2,585.84,1171.68,货到付款,广东省,0,已完成
ORD202602070628324411,USR66803,2/7/2026 6:28,食品生鲜,肉类,2,63.61,127.21,花呗,湖北省,0,已完成
ORD202601242234193669,USR23164,1/24/2026 22:34,运动户外,跑步鞋,3,3333.12,7999.49,花呗,福建省,1,已完成
ORD202506180452307365,USR78327,6/18/2025 4:52,食品生鲜,水果,4,166.35,665.39,花呗,山东省,0,已完成
ORD202601051735367592,USR51618,1/5/2026 17:35,家居用品,餐具,3,2306.19,5534.87,银行卡,广东省,1,已完成
ORD202602061207355668,USR34955,2/6/2026 12:07,服装服饰,卫衣,5,453.49,2267.43,微信支付,福建省,0,已完成
ORD202602190229443525,USR83160,2/19/2026 2:29,食品生鲜,面包,5,451.12,2255.58,货到付款,山东省,0,已完成
ORD202602070405142975,USR96655,2/7/2026 4:05,母婴用品,辅食,1,1069.81,1069.81,微信支付,北京市,0,已完成
ORD202511030442265891,USR92061,11/3/2025 4:42,家居用品,窗帘,3,361.23,866.95,支付宝,北京市,1,已完成
ORD202603200730439042,USR14670,3/20/2026 7:30,运动户外,篮球,5,2064.14,10320.71,支付宝,北京市,0,已完成
ORD202510071842188083,USR93164,10/7/2025 18:42,美妆个护,洗发水,5,644.08,3220.39,货到付款,上海市,0,已完成
ORD202604060524416080,USR92219,4/6/2026 5:24,母婴用品,童装,4,439.39,1757.55,花呗,河南省,0,已完成
ORD202511150408113151,USR11044,11/15/2025 4:08,家居用品,拖把,1,1528.98,1528.98,支付宝,湖北省,0,已完成
ORD202507120328296882,USR42232,7/12/2025 3:28,母婴用品,童装,3,1360.19,3264.45,微信支付,上海市,1,已完成
ORD202506050218442574,USR27940,6/5/2025 2:18,食品生鲜,面包,2,456.69,913.39,微信支付,浙江省,0,已完成
ORD202507090704477020,USR86853,7/9/2025 7:04,运动户外,足球,3,2560.59,7681.78,银行卡,浙江省,0,已完成
ORD202509091136599399,USR59310,9/9/2025 11:36,美妆个护,香水,3,2898.54,8695.62,花呗,浙江省,0,已完成
ORD202508260512004274,USR38863,8/26/2025 5:12,家居用品,衣柜,4,2826.07,11304.29,银行卡,河南省,0,已完成
ORD202512160750519021,USR98257,12/16/2025 7:50,数码家电,冰箱,3,6987.97,20963.91,货到付款,上海市,0,已完成
ORD202603180110298298,USR35647,3/18/2026 1:10,美妆个护,香水,4,1514.93,6059.73,支付宝,上海市,0,待发货
ORD202512191132447358,USR44771,12/19/2025 11:32,数码家电,笔记本电脑,4,1556.78,6227.12,银行卡,广东省,0,已完成
ORD202601031652328805,USR71618,1/3/2026 16:52,母婴用品,奶粉,5,474.91,2374.57,银行卡,上海市,0,已完成
ORD202601121049215398,USR29848,1/12/2026 10:49,服装服饰,牛仔裤,2,1312.96,2625.91,货到付款,山东省,0,已完成
ORD202602230129487931,USR73505,2/23/2026 1:29,美妆个护,爽肤水,4,1282.61,4104.36,微信支付,浙江省,1,已取消
ORD202601100934572478,USR34524,1/10/2026 9:34,母婴用品,奶粉,1,336.26,269.01,微信支付,上海市,1,退款中
ORD202508252009547922,USR75106,8/25/2025 20:09,数码家电,智能手机,1,4092.45,4092.45,货到付款,河南省,0,退款中
ORD202511210257267033,USR47040,11/21/2025 2:57,食品生鲜,水果,2,18.54,37.08,微信支付,湖北省,0,待发货
ORD202510240702494053,USR27274,10/24/2025 7:02,食品生鲜,零食,4,369.61,1182.75,货到付款,浙江省,1,已完成
ORD202510302138048112,USR36027,10/30/2025 21:38,服装服饰,衬衫,2,193.48,309.57,微信支付,四川省,1,已完成
ORD202511272003427979,USR93200,11/27/2025 20:03,美妆个护,面霜,5,1898.47,9492.34,货到付款,山东省,0,已完成
ORD202603272245042522,USR21627,3/27/2026 22:45,美妆个护,洗面奶,1,2385.24,1908.19,微信支付,四川省,1,已完成
ORD202602192154581662,USR77673,2/19/2026 21:54,美妆个护,口红,3,423.95,1017.49,银行卡,浙江省,1,已完成
ORD202601151403219410,USR38074,1/15/2026 14:03,母婴用品,婴儿床,1,1061.35,1061.35,银行卡,广东省,0,已完成
ORD202602240320316599,USR10419,2/24/2026 3:20,运动户外,足球,4,3917.43,15669.72,微信支付,河南省,0,已完成
ORD202512120840458594,USR66927,12/12/2025 8:40,运动户外,瑜伽垫,2,1377.1,2203.37,货到付款,湖北省,1,已完成
ORD202507291302404673,USR18816,7/29/2025 13:02,服装服饰,运动鞋,1,367.69,367.69,银行卡,湖北省,0,已完成
ORD202510122319443540,USR74315,10/12/2025 23:19,美妆个护,爽肤水,3,1030.35,2472.85,支付宝,浙江省,1,已完成
ORD202506101256259115,USR83103,6/10/2025 12:56,母婴用品,纸尿裤,3,1131.66,2715.99,微信支付,上海市,1,待发货
ORD202512051145099638,USR90113,12/5/2025 11:45,食品生鲜,肉类,2,291.89,467.02,支付宝,广东省,1,已完成
ORD202507111428149596,USR37334,7/11/2025 14:28,数码家电,空气净化器,2,1481.57,2963.15,支付宝,河南省,0,已完成
ORD202509231737402375,USR33345,9/23/2025 17:37,母婴用品,奶粉,1,942.26,942.26,花呗,浙江省,0,已完成
ORD202511091310195762,USR15087,11/9/2025 13:10,运动户外,足球,4,1414.58,5658.33,支付宝,上海市,0,待发货
ORD202605241207298671,USR64808,5/24/2026 12:07,运动户外,瑜伽垫,5,4225.92,16903.67,支付宝,浙江省,1,已完成
ORD202507040813298165,USR44481,7/4/2025 8:13,食品生鲜,肉类,3,163.65,392.76,花呗,广东省,1,已完成
ORD202507160150402297,USR90396,7/16/2025 1:50,食品生鲜,水果,2,420.97,841.93,花呗,河南省,0,已完成
ORD202604192026348825,USR59845,4/19/2026 20:26,数码家电,笔记本电脑,5,3714.23,18571.17,花呗,山东省,0,已完成
ORD202603111329525921,USR92709,3/11/2026 13:29,食品生鲜,蔬菜,5,366.03,1464.11,货到付款,浙江省,1,已完成
ORD202507260030303434,USR86532,7/26/2025 0:30,服装服饰,T恤,5,1044.62,4178.47,花呗,上海市,1,已完成
ORD202510140639303093,USR40764,10/14/2025 6:39,数码家电,笔记本电脑,4,5164.72,20658.88,货到付款,江苏省,0,已完成
ORD202509300301435921,USR93586,9/30/2025 3:01,食品生鲜,面包,2,203.72,407.45,微信支付,江苏省,0,已完成
ORD202510120536475073,USR55705,10/12/2025 5:36,家居用品,餐具,3,2309.26,5542.21,货到付款,江苏省,1,已完成
ORD202511242000279570,USR73469,11/24/2025 20:00,母婴用品,辅食,2,879.12,1406.59,微信支付,上海市,1,待发货
ORD202604011355348007,USR79528,4/1/2026 13:55,食品生鲜,肉类,1,234.16,187.32,花呗,广东省,1,已完成
ORD202508200808355841,USR96106,8/20/2025 8:08,服装服饰,连衣裙,3,1059.47,3178.42,花呗,广东省,0,已完成
ORD202512200908321781,USR33601,12/20/2025 9:08,美妆个护,面霜,2,2500.52,5001.04,微信支付,河南省,0,已完成
ORD202512051311472253,USR49334,12/5/2025 13:11,食品生鲜,饮料,3,333.1,999.29,银行卡,北京市,0,已完成
ORD202510140623381738,USR40394,10/14/2025 6:23,运动户外,跑步鞋,1,1810.89,1448.71,货到付款,江苏省,1,已完成
ORD202512022209239411,USR48288,12/2/2025 22:09,运动户外,自行车,3,3384.57,8122.96,支付宝,湖北省,1,已完成
ORD202507082154452763,USR97552,7/8/2025 21:54,运动户外,足球,5,3247.89,12991.56,花呗,北京市,1,待发货
ORD202511180400099366,USR73577,11/18/2025 4:00,美妆个护,洗面奶,4,2795.13,11180.51,货到付款,福建省,0,已完成
ORD202603080928167961,USR74254,3/8/2026 9:28,运动户外,瑜伽垫,1,4222.94,3378.35,货到付款,江苏省,1,待发货
ORD202602261418157766,USR92578,2/26/2026 14:18,家居用品,垃圾桶,3,1949.39,5848.18,花呗,湖北省,0,已完成
ORD202511231706482548,USR61407,11/23/2025 17:06,食品生鲜,面包,1,177.34,177.34,微信支付,广东省,0,待发货
ORD202510022027068612,USR88360,10/2/2025 20:27,运动户外,篮球,5,3919.92,19599.62,花呗,湖北省,0,已完成
ORD202506270206365151,USR56809,6/27/2025 2:06,数码家电,平板,4,4814.06,15405.0,货到付款,北京市,1,已完成
ORD202509251439506823,USR81226,9/25/2025 14:39,美妆个护,粉底液,1,2956.25,2365.0,银行卡,山东省,1,已完成
ORD202506180828345175,USR73040,6/18/2025 8:28,家居用品,衣柜,5,757.57,3787.84,微信支付,浙江省,0,已完成
ORD202604111528482339,USR48720,4/11/2026 15:28,数码家电,笔记本电脑,5,1097.42,5487.09,花呗,四川省,0,已完成
ORD202603040056259248,USR22652,3/4/2026 0:56,数码家电,智能手表,5,1024.19,4096.75,支付宝,江苏省,1,已完成
ORD202507151640201266,USR38695,7/15/2025 16:40,数码家电,平板,3,5300.23,15900.68,花呗,广东省,0,已完成
ORD202506091830302866,USR24728,6/9/2025 18:30,数码家电,洗衣机,2,7544.45,12071.12,货到付款,河南省,1,已完成
ORD202604261855528583,USR47653,4/26/2026 18:55,食品生鲜,海鲜,1,10.95,10.95,货到付款,江苏省,0,已完成
ORD202510120543053941,USR64997,10/12/2025 5:43,运动户外,足球,2,3656.28,7312.56,支付宝,上海市,0,退款中
ORD202602071531023985,USR68611,2/7/2026 15:31,母婴用品,玩具,5,1331.28,6656.39,微信支付,北京市,0,已完成
ORD202507131120027438,USR52650,7/13/2025 11:20,食品生鲜,面包,2,368.83,737.66,货到付款,广东省,0,已完成
ORD202602182323451741,USR42426,2/18/2026 23:23,食品生鲜,蔬菜,5,184.15,920.74,微信支付,湖北省,0,已完成
ORD202604071700272364,USR96824,4/7/2026 17:00,家居用品,窗帘,5,2465.08,12325.4,微信支付,河南省,0,已取消
ORD202508031953287819,USR65687,8/3/2025 19:53,家居用品,餐具,4,153.23,612.91,花呗,浙江省,0,已完成
ORD202605280330195876,USR25180,5/28/2026 3:30,运动户外,健身器材,4,3801.61,15206.45,微信支付,广东省,0,已完成
ORD202603151351446143,USR33094,3/15/2026 13:51,母婴用品,童装,2,570.79,913.26,货到付款,浙江省,1,已完成
ORD202509031726008454,USR70913,9/3/2025 17:26,家居用品,沙发,1,1440.98,1440.98,货到付款,江苏省,0,已完成
ORD202512180924428371,USR51799,12/18/2025 9:24,运动户外,登山包,2,4130.92,8261.84,银行卡,江苏省,0,已完成
ORD202508071801195342,USR96587,8/7/2025 18:01,运动户外,帐篷,1,1429.66,1143.73,微信支付,四川省,1,已完成
ORD202601010810366592,USR24881,1/1/2026 8:10,服装服饰,运动鞋,2,411.15,822.31,银行卡,北京市,0,已完成
ORD202508020434224066,USR55557,8/2/2025 4:34,母婴用品,奶瓶,3,1378.56,4135.68,花呗,湖北省,0,已完成
ORD202510071302494458,USR62178,10/7/2025 13:02,家居用品,沙发,3,1609.52,3862.84,银行卡,江苏省,1,已完成
ORD202601041010134032,USR26784,1/4/2026 10:10,母婴用品,童装,1,1053.09,842.47,微信支付,山东省,1,已完成
ORD202511131403022281,USR73404,11/13/2025 14:03,食品生鲜,饮料,4,135.82,434.61,货到付款,上海市,1,已取消
ORD202511271039245248,USR74117,11/27/2025 10:39,食品生鲜,蔬菜,1,27.09,27.09,花呗,四川省,0,已完成
ORD202508300103012742,USR88781,8/30/2025 1:03,母婴用品,辅食,2,850.02,1360.04,微信支付,广东省,1,已完成
ORD202604061937228107,USR64002,4/6/2026 19:37,服装服饰,衬衫,5,257.79,1288.95,花呗,上海市,0,待发货
ORD202511050718569755,USR40783,11/5/2025 7:18,服装服饰,衬衫,3,1816.68,5450.04,支付宝,河南省,0,已完成
ORD202601311347291293,USR13796,1/31/2026 13:47,母婴用品,奶粉,5,130.44,521.75,微信支付,湖北省,1,已完成
ORD202508111512541095,USR48132,8/11/2025 15:12,家居用品,床上四件套,3,1306.32,3918.96,支付宝,广东省,0,已完成
ORD202508120915077470,USR45117,8/12/2025 9:15,美妆个护,爽肤水,2,185.17,296.27,银行卡,四川省,1,已完成
ORD202602041741442911,USR76517,2/4/2026 17:41,服装服饰,休闲裤,3,236.31,708.93,微信支付,浙江省,0,退款中
ORD202602110633131217,USR38194,2/11/2026 6:33,数码家电,空气净化器,1,5441.5,5441.5,支付宝,上海市,0,已完成
ORD202511151947063813,USR63609,11/15/2025 19:47,食品生鲜,零食,5,327.08,1308.34,货到付款,上海市,1,已完成
ORD202511011505428817,USR17969,11/1/2025 15:05,母婴用品,玩具,5,114.45,572.26,银行卡,四川省,0,已完成
ORD202506120805308539,USR83696,6/12/2025 8:05,数码家电,平板,2,508.49,813.58,微信支付,浙江省,1,已完成
ORD202603140857277637,USR52361,3/14/2026 8:57,母婴用品,童装,5,203.7,814.78,微信支付,河南省,1,待发货
ORD202601251153298974,USR44289,1/25/2026 11:53,运动户外,足球,2,3838.69,6141.91,货到付款,江苏省,1,已完成
ORD202605092303505961,USR98472,5/9/2026 23:03,食品生鲜,面包,4,296.44,1185.77,货到付款,湖北省,0,已完成
ORD202508161511496910,USR51630,8/16/2025 15:11,食品生鲜,饮料,1,28.68,28.68,支付宝,北京市,0,已完成
ORD202511221420347471,USR63900,11/22/2025 14:20,服装服饰,休闲裤,3,1001.79,2404.29,支付宝,四川省,1,已完成
ORD202601162344005958,USR61298,1/16/2026 23:44,服装服饰,牛仔裤,3,1438.46,3452.3,支付宝,北京市,1,已完成
ORD202511141943212435,USR67927,11/14/2025 19:43,数码家电,空气净化器,3,7017.14,21051.41,花呗,广东省,0,已完成
ORD202510300012433049,USR65731,10/30/2025 0:12,运动户外,跑步鞋,4,4676.78,14965.69,银行卡,湖北省,1,已完成
ORD202506021728383213,USR62255,6/2/2025 17:28,母婴用品,婴儿车,1,688.51,688.51,微信支付,福建省,0,已完成
ORD202603011636431227,USR44170,3/1/2026 16:36,运动户外,瑜伽垫,5,765.58,3062.32,银行卡,河南省,1,已完成
ORD202508231002414126,USR17160,8/23/2025 10:02,食品生鲜,零食,5,126.09,630.47,货到付款,上海市,0,已完成
ORD202508192203012833,USR45168,8/19/2025 22:03,数码家电,洗衣机,1,6321.29,6321.29,银行卡,河南省,0,已完成
ORD202509170221421260,USR73636,9/17/2025 2:21,美妆个护,面霜,1,2915.31,2915.31,银行卡,北京市,0,已完成
ORD202603200410544083,USR38697,3/20/2026 4:10,数码家电,笔记本电脑,3,3997.95,11993.86,支付宝,福建省,0,已完成
ORD202603010730581439,USR54543,3/1/2026 7:30,家居用品,垃圾桶,5,929.95,3719.81,货到付款,湖北省,1,待发货
ORD202604110154284428,USR93396,4/11/2026 1:54,数码家电,洗衣机,1,3718.93,3718.93,银行卡,浙江省,0,已完成
ORD202604060319588882,USR15980,4/6/2026 3:19,运动户外,登山包,5,1593.58,6374.34,微信支付,上海市,1,已完成
ORD202506250708113378,USR50437,6/25/2025 7:08,家居用品,垃圾桶,1,784.33,784.33,支付宝,山东省,0,已完成
ORD202601110516214961,USR68672,1/11/2026 5:16,家居用品,餐具,2,1789.38,3578.75,银行卡,北京市,0,已完成
ORD202507101223528139,USR63714,7/10/2025 12:23,家居用品,窗帘,3,66.89,200.68,货到付款,广东省,0,已完成
ORD202604071154079824,USR39007,4/7/2026 11:54,美妆个护,洗面奶,1,800.87,800.87,微信支付,湖北省,0,已完成
ORD202605051526114127,USR85039,5/5/2026 15:26,数码家电,空气净化器,4,5460.37,21841.46,货到付款,湖北省,0,已完成
ORD202512261210052410,USR31828,12/26/2025 12:10,运动户外,自行车,1,257.11,257.11,货到付款,江苏省,0,已完成
ORD202508121435315930,USR80256,8/12/2025 14:35,数码家电,洗衣机,2,1124.01,1798.42,货到付款,上海市,1,已取消
ORD202510210126178592,USR37027,10/21/2025 1:26,美妆个护,洗面奶,4,901.39,3605.55,花呗,上海市,0,已完成
ORD202510051423583427,USR91957,10/5/2025 14:23,食品生鲜,水果,4,440.12,1760.5,微信支付,福建省,0,已完成
ORD202508161251558765,USR24459,8/16/2025 12:51,服装服饰,牛仔裤,1,1541.53,1233.22,货到付款,四川省,1,已完成
ORD202511251640447912,USR90386,11/25/2025 16:40,运动户外,健身器材,2,208.57,417.13,花呗,山东省,0,已完成
ORD202507150608141357,USR90052,7/15/2025 6:08,运动户外,足球,4,2558.39,10233.57,支付宝,浙江省,0,已完成
ORD202509102118392908,USR53212,9/10/2025 21:18,数码家电,智能手机,3,2560.16,7680.47,花呗,上海市,0,已完成
ORD202602161123253721,USR26936,2/16/2026 11:23,服装服饰,羽绒服,3,1314.86,3944.58,支付宝,广东省,0,已完成
ORD202605020021193497,USR89293,5/2/2026 0:21,母婴用品,辅食,5,1457.03,7285.15,花呗,江苏省,0,已完成
ORD202512080219168295,USR80748,12/8/2025 2:19,母婴用品,奶瓶,5,1732.58,8662.91,货到付款,上海市,0,已完成
ORD202512222239378947,USR12610,12/22/2025 22:39,美妆个护,沐浴露,2,1441.99,2307.18,花呗,四川省,1,已完成
ORD202602040455258724,USR12767,2/4/2026 4:55,母婴用品,纸尿裤,4,1989.18,6365.37,花呗,江苏省,1,已完成
ORD202509301708161321,USR59700,9/30/2025 17:08,运动户外,篮球,3,4901.93,14705.8,货到付款,北京市,0,已完成
ORD202601182010178364,USR21829,1/18/2026 20:10,母婴用品,纸尿裤,3,1770.23,4248.54,支付宝,广东省,1,已完成
ORD202510292222494975,USR53684,10/29/2025 22:22,食品生鲜,零食,2,291.69,583.37,货到付款,上海市,0,已完成
ORD202601240948264298,USR56229,1/24/2026 9:48,食品生鲜,牛奶,4,205.02,820.09,微信支付,浙江省,0,已完成
ORD202510311046315830,USR82468,10/31/2025 10:46,食品生鲜,蔬菜,2,188.55,377.1,花呗,上海市,0,已完成
ORD202601142316497418,USR18318,1/14/2026 23:16,母婴用品,纸尿裤,1,73.64,73.64,微信支付,北京市,0,已完成
ORD202507150843121834,USR95843,7/15/2025 8:43,美妆个护,沐浴露,3,770.05,2310.14,货到付款,江苏省,0,已完成
ORD202510140253336469,USR16450,10/14/2025 2:53,家居用品,沙发,2,2162.05,4324.1,货到付款,山东省,0,待发货
ORD202510151644141129,USR77980,10/15/2025 16:44,家居用品,沙发,2,1818.82,2910.12,银行卡,浙江省,1,已完成
ORD202604250847492682,USR37585,4/25/2026 8:47,服装服饰,T恤,1,1837.02,1469.62,微信支付,北京市,1,已完成
ORD202511251934118074,USR57460,11/25/2025 19:34,家居用品,茶几,5,169.07,845.33,银行卡,上海市,0,已完成
ORD202601261814147810,USR80185,1/26/2026 18:14,家居用品,拖把,3,482.72,1158.54,微信支付,北京市,1,已完成
ORD202508070004229121,USR36009,8/7/2025 0:04,食品生鲜,面包,2,396.73,634.77,银行卡,湖北省,1,已完成
ORD202604130035245764,USR30577,4/13/2026 0:35,食品生鲜,牛奶,3,185.67,557.01,银行卡,山东省,0,已完成
ORD202602171418111606,USR80215,2/17/2026 14:18,母婴用品,奶瓶,5,280.77,1403.87,微信支付,河南省,0,已完成
ORD202603020417188987,USR61842,3/2/2026 4:17,服装服饰,卫衣,2,1993.08,3986.16,货到付款,四川省,0,已完成
ORD202604072215277548,USR40059,4/7/2026 22:15,数码家电,空气净化器,1,6404.38,6404.38,支付宝,湖北省,0,已完成
ORD202509241223128964,USR48035,9/24/2025 12:23,运动户外,自行车,3,2102.83,6308.49,货到付款,北京市,0,已完成
ORD202605231844329410,USR31155,5/23/2026 18:44,服装服饰,运动鞋,1,1655.53,1655.53,支付宝,四川省,0,已完成
ORD202601251524388993,USR59005,1/25/2026 15:24,服装服饰,衬衫,5,1377.18,6885.89,微信支付,浙江省,0,已完成
ORD202601160446044799,USR53450,1/16/2026 4:46,美妆个护,沐浴露,5,2376.23,11881.13,花呗,福建省,0,已完成
ORD202507032156441994,USR64184,7/3/2025 21:56,母婴用品,婴儿床,3,1639.65,4918.96,货到付款,湖北省,0,已完成
ORD202602170031129655,USR38261,2/17/2026 0:31,美妆个护,沐浴露,5,281.64,1408.22,银行卡,浙江省,0,已完成
ORD202507230029011311,USR82476,7/23/2025 0:29,服装服饰,T恤,4,1264.8,5059.19,货到付款,北京市,0,已完成
ORD202509301506097914,USR42598,9/30/2025 15:06,服装服饰,运动鞋,3,63.23,189.7,微信支付,山东省,0,待发货
ORD202507161833006174,USR11787,7/16/2025 18:33,服装服饰,牛仔裤,4,134.74,538.96,花呗,上海市,0,已完成
ORD202509011539322040,USR14728,9/1/2025 15:39,家居用品,沙发,5,2713.86,10855.44,花呗,四川省,1,已完成
ORD202509271420525388,USR12625,9/27/2025 14:20,运动户外,自行车,3,2685.06,8055.19,货到付款,福建省,0,已完成
ORD202507161002347834,USR79016,7/16/2025 10:02,运动户外,跑步鞋,4,3705.92,14823.68,货到付款,江苏省,0,已完成
ORD202508110205548755,USR23437,8/11/2025 2:05,美妆个护,粉底液,5,2520.35,12601.74,货到付款,北京市,0,已完成
ORD202510232327532915,USR75732,10/23/2025 23:27,服装服饰,牛仔裤,2,1901.69,3042.71,微信支付,浙江省,1,已完成
ORD202602250717499106,USR62158,2/25/2026 7:17,运动户外,足球,2,4359.83,6975.73,支付宝,江苏省,1,已取消
ORD202507252133256681,USR73556,7/25/2025 21:33,食品生鲜,水果,1,246.82,246.82,支付宝,四川省,0,已完成
ORD202512160913588345,USR15542,12/16/2025 9:13,运动户外,篮球,2,1746.25,3492.51,银行卡,北京市,0,已完成
ORD202510292044248147,USR30571,10/29/2025 20:44,母婴用品,纸尿裤,4,351.26,1405.05,微信支付,江苏省,0,已完成
ORD202511101016151340,USR47105,11/10/2025 10:16,母婴用品,玩具,2,830.63,1661.25,花呗,北京市,0,已完成
ORD202601181505293643,USR49513,1/18/2026 15:05,运动户外,帐篷,3,1895.82,4549.96,银行卡,湖北省,1,已完成
ORD202507241300585718,USR13177,7/24/2025 13:00,食品生鲜,面包,3,284.19,852.58,花呗,江苏省,0,已完成
ORD202601100534504149,USR40147,1/10/2026 5:34,母婴用品,童装,3,1347.74,4043.23,花呗,福建省,0,已完成
ORD202510280026098688,USR92779,10/28/2025 0:26,家居用品,餐具,2,2935.41,5870.82,货到付款,河南省,0,已完成
ORD202511120700266633,USR42415,11/12/2025 7:00,运动户外,健身器材,2,3669.09,7338.18,花呗,四川省,0,已完成
ORD202508120320598178,USR14427,8/12/2025 3:20,家居用品,垃圾桶,1,1938.37,1550.7,花呗,北京市,1,已完成
ORD202512070005424802,USR45711,12/7/2025 0:05,运动户外,登山包,5,1741.95,8709.76,微信支付,江苏省,0,待发货
ORD202602021918169317,USR26206,2/2/2026 19:18,数码家电,空气净化器,1,758.78,607.02,货到付款,山东省,1,已完成
ORD202512261644164599,USR59526,12/26/2025 16:44,数码家电,平板,4,2660.94,10643.75,货到付款,江苏省,0,待发货
ORD202602250715476556,USR95888,2/25/2026 7:15,数码家电,智能手表,3,6263.36,18790.08,银行卡,湖北省,0,已完成
ORD202605232312058675,USR62527,5/23/2026 23:12,母婴用品,纸尿裤,2,450.28,900.56,货到付款,浙江省,0,已完成
ORD202602061415353148,USR27195,2/6/2026 14:15,家居用品,拖把,5,2142.32,10711.6,支付宝,江苏省,0,已取消
ORD202605281042195806,USR45389,5/28/2026 10:42,家居用品,衣柜,5,1747.74,8738.72,微信支付,河南省,0,待发货
ORD202508070639557395,USR21130,8/7/2025 6:39,家居用品,床上四件套,2,532.13,1064.27,银行卡,福建省,0,待发货
ORD202601021209367829,USR20030,1/2/2026 12:09,食品生鲜,水果,1,138.2,110.56,支付宝,四川省,1,已完成
ORD202508041917576902,USR19684,8/4/2025 19:17,家居用品,沙发,5,1498.98,7494.92,花呗,北京市,0,已完成
ORD202512080347408738,USR76127,12/8/2025 3:47,食品生鲜,面包,1,215.0,215.0,支付宝,北京市,0,已完成
ORD202509210408063654,USR64444,9/21/2025 4:08,数码家电,笔记本电脑,2,6339.23,12678.46,银行卡,北京市,0,已完成
ORD202507251139304394,USR12641,7/25/2025 11:39,数码家电,平板,1,6008.03,6008.03,货到付款,上海市,0,已完成
ORD202508121553065627,USR11932,8/12/2025 15:53,母婴用品,奶粉,3,1170.42,2809.01,微信支付,湖北省,1,已完成
ORD202510010405532412,USR81001,10/1/2025 4:05,运动户外,自行车,2,4129.15,8258.29,银行卡,山东省,0,已完成
ORD202604232352158911,USR89281,4/23/2026 23:52,数码家电,智能手表,2,4720.02,7552.03,支付宝,四川省,1,已完成
ORD202511230338013115,USR29902,11/23/2025 3:38,运动户外,健身器材,5,4825.51,24127.54,支付宝,四川省,0,已完成
ORD202601271319103839,USR22524,1/27/2026 13:19,运动户外,跑步鞋,5,1164.4,4657.59,银行卡,北京市,1,已完成
ORD202506211941354268,USR87095,6/21/2025 19:41,母婴用品,奶瓶,5,1442.56,5770.23,银行卡,湖北省,1,已完成
ORD202605030315063561,USR61265,5/3/2026 3:15,服装服饰,牛仔裤,3,771.39,1851.34,银行卡,浙江省,1,已完成
ORD202510181029159063,USR35465,10/18/2025 10:29,服装服饰,连衣裙,3,593.98,1781.95,货到付款,四川省,0,已完成
ORD202506041719262653,USR89389,6/4/2025 17:19,美妆个护,爽肤水,4,565.75,2263.0,银行卡,江苏省,0,已完成
ORD202512060452577815,USR50919,12/6/2025 4:52,母婴用品,玩具,2,1127.38,2254.76,花呗,河南省,0,待发货
ORD202507240035449089,USR52431,7/24/2025 0:35,美妆个护,香水,5,669.94,3349.72,微信支付,湖北省,0,已取消
ORD202508151843455975,USR65725,8/15/2025 18:43,美妆个护,面霜,2,625.04,1250.08,微信支付,北京市,0,已完成
ORD202604131421474845,USR77155,4/13/2026 14:21,服装服饰,牛仔裤,1,1981.54,1585.23,花呗,四川省,1,已完成
ORD202510280237084431,USR13071,10/28/2025 2:37,母婴用品,婴儿床,3,1613.41,4840.22,支付宝,上海市,0,已完成
ORD202601050219271770,USR49603,1/5/2026 2:19,服装服饰,连衣裙,4,1509.14,4829.25,支付宝,广东省,1,已完成
ORD202512140701251297,USR45920,12/14/2025 7:01,美妆个护,香水,1,2388.36,2388.36,支付宝,广东省,0,已完成
ORD202602091503046878,USR70149,2/9/2026 15:03,母婴用品,辅食,2,1939.4,3103.04,支付宝,山东省,1,已完成
ORD202512100527125273,USR36563,12/10/2025 5:27,美妆个护,洗面奶,3,1732.63,5197.9,货到付款,四川省,0,已完成
ORD202511062124306849,USR23065,11/6/2025 21:24,家居用品,衣柜,5,676.33,3381.63,花呗,福建省,0,已完成
ORD202602212150073598,USR44638,2/21/2026 21:50,运动户外,健身器材,1,4324.83,3459.86,微信支付,浙江省,1,已完成
ORD202512082313023862,USR95989,12/8/2025 23:13,母婴用品,纸尿裤,3,1498.32,4494.97,花呗,上海市,0,已完成
ORD202511090957239248,USR85523,11/9/2025 9:57,母婴用品,玩具,2,857.9,1372.64,微信支付,江苏省,1,待发货
ORD202603031900231523,USR71787,3/3/2026 19:00,运动户外,跑步鞋,2,2420.49,4840.98,支付宝,湖北省,0,已完成
ORD202604230421322043,USR59359,4/23/2026 4:21,美妆个护,沐浴露,1,1251.42,1251.42,货到付款,江苏省,0,已完成
ORD202511200859536533,USR48173,11/20/2025 8:59,家居用品,沙发,1,2791.23,2232.98,银行卡,四川省,1,已完成
ORD202512071900348055,USR66299,12/7/2025 19:00,食品生鲜,牛奶,1,178.33,178.33,银行卡,河南省,0,已完成
ORD202508042254552867,USR22197,8/4/2025 22:54,运动户外,健身器材,4,4821.07,15427.43,支付宝,广东省,1,退款中
ORD202507030232454714,USR39131,7/3/2025 2:32,服装服饰,运动鞋,5,1825.03,9125.15,支付宝,四川省,0,已完成
ORD202601061353222977,USR63258,1/6/2026 13:53,美妆个护,爽肤水,3,1902.65,4566.35,花呗,湖北省,1,待发货
ORD202506122338334671,USR83530,6/12/2025 23:38,运动户外,帐篷,2,2941.13,5882.25,货到付款,四川省,0,待发货
ORD202604060208518968,USR46511,4/6/2026 2:08,运动户外,帐篷,2,1913.44,3826.87,货到付款,福建省,0,已完成
ORD202603231333425224,USR73353,3/23/2026 13:33,母婴用品,玩具,5,85.76,428.8,花呗,福建省,0,已完成
ORD202508251529026575,USR47279,8/25/2025 15:29,服装服饰,连衣裙,1,298.87,298.87,货到付款,广东省,0,已完成
ORD202509221028316820,USR79888,9/22/2025 10:28,服装服饰,运动鞋,1,1520.75,1520.75,货到付款,河南省,0,待发货
ORD202506131644251764,USR76400,6/13/2025 16:44,服装服饰,连衣裙,2,969.5,1939.01,银行卡,湖北省,0,退款中
ORD202509151748535382,USR42062,9/15/2025 17:48,运动户外,瑜伽垫,5,834.21,4171.03,货到付款,北京市,0,已完成
ORD202508270741333476,USR60123,8/27/2025 7:41,食品生鲜,海鲜,2,139.34,278.68,支付宝,浙江省,0,已完成
ORD202512261852319444,USR12256,12/26/2025 18:52,数码家电,无线耳机,1,7608.78,7608.78,银行卡,四川省,0,已完成
ORD202509210236082706,USR75147,9/21/2025 2:36,美妆个护,爽肤水,3,1120.38,3361.15,支付宝,湖北省,0,已完成
ORD202508050749161826,USR61595,8/5/2025 7:49,数码家电,笔记本电脑,1,7307.61,7307.61,支付宝,河南省,0,已完成
ORD202603310501338173,USR58855,3/31/2026 5:01,运动户外,自行车,3,1592.72,4778.15,花呗,北京市,0,已完成
ORD202511251432398489,USR81641,11/25/2025 14:32,数码家电,平板,4,4574.15,18296.6,货到付款,四川省,0,已完成
ORD202601061614392817,USR24195,1/6/2026 16:14,运动户外,瑜伽垫,5,200.34,801.35,货到付款,山东省,1,已完成
ORD202603160846182734,USR69279,3/16/2026 8:46,数码家电,无线耳机,4,4414.06,17656.25,货到付款,上海市,0,已完成
ORD202603280039572669,USR39368,3/28/2026 0:39,服装服饰,羽绒服,1,1292.04,1033.63,货到付款,广东省,1,已完成
ORD202603251053151687,USR85743,3/25/2026 10:53,家居用品,衣柜,5,718.23,3591.15,银行卡,山东省,0,已完成
ORD202512100839179311,USR13262,12/10/2025 8:39,服装服饰,牛仔裤,1,1178.93,943.14,微信支付,四川省,1,已完成
ORD202512311149092727,USR62081,12/31/2025 11:49,服装服饰,运动鞋,5,1311.98,6559.89,支付宝,江苏省,0,已完成
ORD202512160903243736,USR40423,12/16/2025 9:03,母婴用品,玩具,5,1389.43,6947.14,微信支付,河南省,0,已完成
ORD202507142312102934,USR68600,7/14/2025 23:12,母婴用品,童装,1,1563.99,1251.19,微信支付,河南省,1,待发货
ORD202601091004544365,USR58473,1/9/2026 10:04,数码家电,平板,1,2835.04,2268.04,微信支付,湖北省,1,已完成
ORD202507150828596925,USR72495,7/15/2025 8:28,运动户外,瑜伽垫,5,2882.11,14410.54,银行卡,广东省,0,已完成
ORD202509130054203572,USR83813,9/13/2025 0:54,服装服饰,衬衫,5,1964.08,9820.4,微信支付,北京市,0,已完成
ORD202603290034375786,USR24280,3/29/2026 0:34,数码家电,智能手表,1,7236.08,7236.08,银行卡,四川省,0,已完成
ORD202512282206598233,USR94255,12/28/2025 22:06,母婴用品,婴儿床,1,1907.7,1907.7,花呗,江苏省,0,已完成
ORD202604161733069288,USR50712,4/16/2026 17:33,家居用品,沙发,2,1170.69,1873.1,花呗,北京市,1,已完成
ORD202510211123589165,USR53572,10/21/2025 11:23,美妆个护,爽肤水,2,2367.18,4734.35,花呗,广东省,0,已完成
ORD202512281212372626,USR28844,12/28/2025 12:12,数码家电,洗衣机,2,5149.23,10298.47,银行卡,湖北省,0,已完成
ORD202604161117223527,USR92564,4/16/2026 11:17,家居用品,衣柜,4,266.55,1066.2,银行卡,上海市,0,已完成
ORD202603212145326959,USR20962,3/21/2026 21:45,美妆个护,沐浴露,5,2477.22,12386.11,支付宝,北京市,0,已完成
ORD202506170350176482,USR22502,6/17/2025 3:50,食品生鲜,饮料,3,341.78,1025.34,微信支付,江苏省,0,已完成
ORD202603230345063257,USR83516,3/23/2026 3:45,数码家电,洗衣机,4,1991.88,6374.02,货到付款,浙江省,1,已取消
ORD202603070522533014,USR32184,3/7/2026 5:22,数码家电,空气净化器,5,1098.04,5490.2,货到付款,河南省,0,已完成
ORD202511190950044307,USR37221,11/19/2025 9:50,食品生鲜,蔬菜,3,420.14,1008.34,微信支付,北京市,1,已完成
ORD202512300422538194,USR74200,12/30/2025 4:22,食品生鲜,牛奶,2,48.66,97.32,货到付款,福建省,0,已完成
ORD202508242057307811,USR87779,8/24/2025 20:57,数码家电,洗衣机,3,1185.15,3555.46,货到付款,江苏省,0,已完成
ORD202511130243441107,USR42763,11/13/2025 2:43,食品生鲜,饮料,1,219.43,219.43,货到付款,浙江省,0,已完成
ORD202507101835255019,USR20995,7/10/2025 18:35,服装服饰,运动鞋,1,312.86,312.86,银行卡,福建省,0,已完成
ORD202603131954428760,USR28524,3/13/2026 19:54,美妆个护,粉底液,5,2743.6,10974.39,银行卡,山东省,1,已完成
ORD202604190849116592,USR62847,4/19/2026 8:49,美妆个护,粉底液,4,1426.74,5706.97,银行卡,福建省,0,已取消
ORD202602092039425698,USR90804,2/9/2026 20:39,美妆个护,面霜,2,1720.38,3440.76,微信支付,山东省,0,已完成
ORD202603191902519274,USR72064,3/19/2026 19:02,服装服饰,牛仔裤,5,1859.81,9299.03,花呗,江苏省,0,已完成
ORD202509050309433805,USR78603,9/5/2025 3:09,运动户外,足球,2,2698.29,5396.58,货到付款,湖北省,0,已完成
ORD202509241450542396,USR84270,9/24/2025 14:50,食品生鲜,肉类,1,183.26,146.61,支付宝,广东省,1,已完成
ORD202605061749075358,USR40465,5/6/2026 17:49,家居用品,床上四件套,4,2395.52,9582.09,银行卡,江苏省,0,已完成
ORD202506131224327101,USR17724,6/13/2025 12:24,食品生鲜,肉类,4,227.0,726.39,支付宝,广东省,1,已完成
ORD202511221548337799,USR74673,11/22/2025 15:48,数码家电,空气净化器,1,2888.52,2888.52,货到付款,河南省,0,待发货
ORD202509110136556908,USR43033,9/11/2025 1:36,母婴用品,纸尿裤,3,1460.3,4380.89,花呗,浙江省,0,已完成
ORD202510140858225021,USR63983,10/14/2025 8:58,美妆个护,洗发水,4,2410.77,9643.08,支付宝,上海市,0,已完成
ORD202605012016583483,USR50823,5/1/2026 20:16,食品生鲜,面包,3,397.94,955.06,货到付款,上海市,1,已完成
ORD202604140427439677,USR54285,4/14/2026 4:27,家居用品,垃圾桶,2,2933.47,4693.55,货到付款,四川省,1,已完成
ORD202507041844257909,USR29741,7/4/2025 18:44,数码家电,冰箱,4,6400.0,25600.01,银行卡,上海市,0,已完成
ORD202511181225414738,USR14785,11/18/2025 12:25,服装服饰,衬衫,1,1551.37,1551.37,花呗,江苏省,0,已完成
ORD202605030105303260,USR52132,5/3/2026 1:05,运动户外,健身器材,3,4301.68,12905.03,货到付款,福建省,0,已完成
ORD202507161407018025,USR84096,7/16/2025 14:07,服装服饰,羽绒服,2,50.36,100.72,花呗,江苏省,0,已完成
ORD202603290524397773,USR88476,3/29/2026 5:24,家居用品,垃圾桶,2,1100.05,2200.09,银行卡,北京市,0,已完成
ORD202604120721117706,USR63285,4/12/2026 7:21,数码家电,无线耳机,4,6032.02,24128.09,支付宝,山东省,0,待发货
ORD202509010029508516,USR10730,9/1/2025 0:29,美妆个护,洗发水,4,1811.17,7244.66,微信支付,河南省,0,已完成
ORD202508211212229456,USR45146,8/21/2025 12:12,食品生鲜,饮料,5,97.01,485.05,微信支付,北京市,0,已完成
ORD202604112017496927,USR37423,4/11/2026 20:17,数码家电,洗衣机,5,2778.0,13889.99,微信支付,河南省,0,已完成
ORD202603141103041487,USR83716,3/14/2026 11:03,运动户外,足球,4,1750.28,5600.91,花呗,上海市,1,已完成
ORD202601150750528251,USR74058,1/15/2026 7:50,服装服饰,运动鞋,5,1157.26,5786.32,微信支付,北京市,0,退款中
ORD202602231511263385,USR81511,2/23/2026 15:11,运动户外,帐篷,1,4174.83,3339.87,支付宝,山东省,1,已完成
ORD202510150406581162,USR75511,10/15/2025 4:06,运动户外,跑步鞋,1,4669.21,4669.21,货到付款,湖北省,0,已完成
ORD202605010933199476,USR51027,5/1/2026 9:33,家居用品,衣柜,5,2255.28,11276.38,花呗,山东省,0,已完成
ORD202603040042252140,USR95460,3/4/2026 0:42,家居用品,茶几,4,2531.99,10127.97,支付宝,福建省,0,已完成
ORD202601240003082389,USR40898,1/24/2026 0:03,食品生鲜,蔬菜,1,240.35,240.35,花呗,广东省,0,已完成
ORD202602011750596542,USR52183,2/1/2026 17:50,家居用品,沙发,2,1181.53,2363.06,花呗,河南省,0,已完成
ORD202511140648226157,USR70472,11/14/2025 6:48,家居用品,窗帘,4,1190.27,4761.09,花呗,江苏省,0,已完成
ORD202508041103387580,USR73307,8/4/2025 11:03,数码家电,智能手表,3,5120.29,12288.69,银行卡,山东省,1,已完成
ORD202601260656433692,USR77427,1/26/2026 6:56,美妆个护,洗发水,3,398.98,1196.95,货到付款,浙江省,0,已取消
ORD202507250145508111,USR82719,7/25/2025 1:45,食品生鲜,肉类,4,293.95,940.65,微信支付,河南省,1,已完成
ORD202604011919322007,USR20673,4/1/2026 19:19,数码家电,智能手表,5,5488.5,27442.48,银行卡,广东省,0,已完成
ORD202508200550057443,USR23768,8/20/2025 5:50,美妆个护,沐浴露,1,1333.56,1333.56,货到付款,浙江省,0,已完成
ORD202604122238521607,USR65797,4/12/2026 22:38,运动户外,登山包,1,4770.52,4770.52,微信支付,湖北省,0,已完成
ORD202508200850453473,USR20158,8/20/2025 8:50,数码家电,智能手表,4,5061.6,16197.12,银行卡,湖北省,1,待发货
ORD202604091914581947,USR59241,4/9/2026 19:14,母婴用品,奶粉,2,479.0,958.0,银行卡,河南省,0,已完成
ORD202506240115189516,USR26683,6/24/2025 1:15,数码家电,无线耳机,5,4094.12,16376.49,支付宝,浙江省,1,已完成
ORD202601080928405845,USR11785,1/8/2026 9:28,家居用品,拖把,2,2032.71,4065.41,银行卡,北京市,0,已完成
ORD202510150550147869,USR31245,10/15/2025 5:50,美妆个护,沐浴露,4,991.18,3171.77,花呗,上海市,1,已完成
ORD202512241712597586,USR78149,12/24/2025 17:12,食品生鲜,肉类,4,49.02,196.1,银行卡,浙江省,0,已完成
ORD202509180354085986,USR25922,9/18/2025 3:54,食品生鲜,饮料,2,295.88,591.77,花呗,浙江省,0,已完成
ORD202601181907006139,USR31783,1/18/2026 19:07,美妆个护,面霜,3,2845.17,8535.52,货到付款,福建省,0,已完成
ORD202512270541126638,USR35869,12/27/2025 5:41,家居用品,垃圾桶,4,1465.51,5862.06,货到付款,四川省,0,已完成
ORD202508050923261129,USR67357,8/5/2025 9:23,服装服饰,休闲裤,5,1816.91,9084.56,花呗,北京市,0,已完成
ORD202510041640135583,USR24898,10/4/2025 16:40,数码家电,智能手表,2,6762.68,13525.35,支付宝,四川省,0,待发货
ORD202603011015249647,USR15119,3/1/2026 10:15,家居用品,拖把,3,459.29,1377.87,支付宝,浙江省,0,已完成
ORD202509221533113406,USR65598,9/22/2025 15:33,母婴用品,奶瓶,2,1430.93,2861.86,货到付款,浙江省,0,已完成
ORD202509210846527618,USR74904,9/21/2025 8:46,运动户外,健身器材,3,2233.78,6701.34,银行卡,江苏省,0,已完成
ORD202601091016578310,USR32376,1/9/2026 10:16,美妆个护,沐浴露,3,773.23,2319.69,货到付款,福建省,0,已完成
ORD202509121949044360,USR92072,9/12/2025 19:49,数码家电,冰箱,5,5652.04,28260.19,货到付款,四川省,0,已完成
ORD202604300517479919,USR78758,4/30/2026 5:17,食品生鲜,肉类,4,373.9,1196.49,花呗,四川省,1,已完成
ORD202512171841428244,USR73857,12/17/2025 18:41,运动户外,瑜伽垫,3,981.49,2355.58,支付宝,江苏省,1,已完成
ORD202605161403196656,USR28332,5/16/2026 14:03,服装服饰,T恤,4,1833.17,7332.67,花呗,广东省,0,已完成
ORD202602191931427627,USR81707,2/19/2026 19:31,母婴用品,奶瓶,5,1514.74,6058.95,货到付款,河南省,1,待发货
ORD202604131402124232,USR64807,4/13/2026 14:02,食品生鲜,蔬菜,4,467.35,1869.42,微信支付,上海市,0,已完成
ORD202507072333465940,USR62350,7/7/2025 23:33,美妆个护,爽肤水,1,971.71,971.71,银行卡,江苏省,0,已完成
ORD202507231546482380,USR11213,7/23/2025 15:46,数码家电,智能手表,3,7545.01,22635.04,货到付款,北京市,0,已完成
ORD202603190723021605,USR48895,3/19/2026 7:23,美妆个护,沐浴露,5,1124.5,4497.99,花呗,山东省,1,已完成
ORD202604020310169805,USR25411,4/2/2026 3:10,运动户外,健身器材,2,364.45,728.9,微信支付,广东省,0,已完成
ORD202511072021176480,USR67079,11/7/2025 20:21,数码家电,智能手机,5,6222.27,24889.08,微信支付,湖北省,1,已完成
ORD202605231932427389,USR48564,5/23/2026 19:32,家居用品,衣柜,3,2116.45,5079.49,货到付款,山东省,1,已完成
ORD202506240035043064,USR98694,6/24/2025 0:35,服装服饰,T恤,5,1215.93,6079.63,支付宝,江苏省,0,已完成
ORD202509161650339527,USR45534,9/16/2025 16:50,家居用品,衣柜,2,1479.88,2959.77,微信支付,广东省,0,已完成
ORD202605031728099860,USR78482,5/3/2026 17:28,家居用品,窗帘,1,115.85,115.85,银行卡,湖北省,0,已完成
ORD202602101723475651,USR52255,2/10/2026 17:23,美妆个护,香水,3,1885.05,5655.16,花呗,浙江省,0,已完成
ORD202507200641004501,USR90622,7/20/2025 6:41,运动户外,足球,3,2142.49,6427.47,花呗,福建省,0,已完成
ORD202602280946082520,USR58710,2/28/2026 9:46,服装服饰,休闲裤,5,1142.41,5712.04,花呗,山东省,0,已完成
ORD202605030826229383,USR83899,5/3/2026 8:26,数码家电,平板,4,3719.91,14879.64,货到付款,山东省,0,已完成
ORD202507221246066115,USR95225,7/22/2025 12:46,数码家电,洗衣机,4,7745.42,30981.68,花呗,江苏省,0,已完成
ORD202509052309389541,USR31750,9/5/2025 23:09,母婴用品,婴儿车,2,1228.01,2456.02,花呗,山东省,0,待发货
ORD202507271905156582,USR28548,7/27/2025 19:05,食品生鲜,肉类,1,377.13,377.13,银行卡,浙江省,0,已完成
ORD202603040640503621,USR48036,3/4/2026 6:40,母婴用品,纸尿裤,1,1875.88,1875.88,支付宝,四川省,0,已完成
ORD202510040209321383,USR78583,10/4/2025 2:09,母婴用品,童装,5,1203.62,6018.09,货到付款,广东省,0,已完成
ORD202604181800361456,USR99787,4/18/2026 18:00,数码家电,笔记本电脑,5,590.47,2952.34,货到付款,山东省,0,已完成
ORD202509050322389846,USR36799,9/5/2025 3:22,美妆个护,粉底液,4,131.85,421.91,花呗,广东省,1,已完成
ORD202603231726535238,USR90478,3/23/2026 17:26,家居用品,拖把,1,2112.97,2112.97,银行卡,湖北省,0,已完成
ORD202604241430304954,USR58660,4/24/2026 14:30,运动户外,瑜伽垫,1,1467.52,1467.52,微信支付,湖北省,0,已完成
ORD202602181457465979,USR78076,2/18/2026 14:57,家居用品,窗帘,1,1746.55,1397.24,花呗,山东省,1,已完成
ORD202510311214107926,USR89235,10/31/2025 12:14,家居用品,垃圾桶,2,622.79,1245.57,花呗,山东省,0,已完成
ORD202512080205099278,USR42930,12/8/2025 2:05,服装服饰,牛仔裤,2,576.99,923.18,货到付款,湖北省,1,已完成
ORD202507260508082809,USR71880,7/26/2025 5:08,数码家电,空气净化器,5,4284.81,21424.04,货到付款,北京市,0,已完成
ORD202601110559451982,USR70670,1/11/2026 5:59,运动户外,篮球,4,4880.29,15616.93,花呗,湖北省,1,已完成
ORD202602011424497110,USR37606,2/1/2026 14:24,美妆个护,爽肤水,3,1860.32,4464.78,货到付款,北京市,1,已完成
ORD202509130837315255,USR53276,9/13/2025 8:37,服装服饰,休闲裤,4,1875.49,7501.96,银行卡,上海市,0,已完成
ORD202601301938229314,USR27739,1/30/2026 19:38,食品生鲜,蔬菜,2,480.1,960.19,微信支付,浙江省,0,已完成
ORD202511082051276807,USR31527,11/8/2025 20:51,美妆个护,粉底液,2,648.09,1036.94,微信支付,浙江省,1,已完成
ORD202510241651343028,USR78731,10/24/2025 16:51,母婴用品,奶粉,5,656.83,2627.31,微信支付,广东省,1,已完成
ORD202511231252051782,USR72111,11/23/2025 12:52,美妆个护,洗发水,3,2316.88,5560.5,花呗,福建省,1,已完成
ORD202506300751453043,USR11287,6/30/2025 7:51,美妆个护,沐浴露,1,2604.29,2604.29,花呗,江苏省,0,已完成
ORD202602020150198352,USR51640,2/2/2026 1:50,家居用品,床上四件套,3,1567.3,3761.51,花呗,广东省,1,已完成
ORD202604051411455881,USR64565,4/5/2026 14:11,美妆个护,沐浴露,3,2979.88,8939.64,银行卡,山东省,0,已完成
ORD202605081921371085,USR33491,5/8/2026 19:21,母婴用品,玩具,3,72.57,217.7,微信支付,河南省,0,待发货
ORD202603261431138424,USR29706,3/26/2026 14:31,母婴用品,辅食,5,634.21,3171.03,货到付款,湖北省,0,已完成
ORD202507070342226553,USR71668,7/7/2025 3:42,数码家电,无线耳机,2,5173.71,10347.43,货到付款,河南省,0,已完成
ORD202511041050284868,USR18788,11/4/2025 10:50,美妆个护,爽肤水,1,1423.79,1423.79,支付宝,上海市,0,已完成
ORD202512180551579737,USR10734,12/18/2025 5:51,家居用品,茶几,3,367.48,1102.43,支付宝,上海市,0,已完成
ORD202603190439534831,USR50873,3/19/2026 4:39,美妆个护,洗面奶,1,1122.33,1122.33,货到付款,四川省,0,已完成
ORD202509170115046739,USR34598,9/17/2025 1:15,食品生鲜,饮料,3,22.47,67.41,微信支付,上海市,0,已完成
ORD202602251906255902,USR36118,2/25/2026 19:06,食品生鲜,零食,2,324.95,519.91,花呗,广东省,1,已完成
ORD202605301517065661,USR22300,5/30/2026 15:17,家居用品,拖把,1,2680.37,2680.37,货到付款,湖北省,0,已完成
ORD202605071711253293,USR80481,5/7/2026 17:11,数码家电,智能手表,4,7136.56,28546.22,货到付款,江苏省,0,已完成
ORD202510220759337187,USR70108,10/22/2025 7:59,数码家电,智能手表,2,5746.58,11493.17,支付宝,广东省,0,已完成
ORD202511241404149514,USR53389,11/24/2025 14:04,母婴用品,婴儿车,1,958.25,958.25,微信支付,湖北省,0,已完成
ORD202512071254155057,USR22414,12/7/2025 12:54,母婴用品,童装,3,1048.46,3145.38,货到付款,福建省,0,已完成
ORD202510060233252724,USR18009,10/6/2025 2:33,服装服饰,连衣裙,3,316.99,950.98,花呗,福建省,0,已完成
ORD202601130013076371,USR91916,1/13/2026 0:13,家居用品,沙发,2,1036.23,2072.46,花呗,北京市,0,已完成
ORD202506012303029461,USR71432,6/1/2025 23:03,美妆个护,口红,2,587.55,940.08,银行卡,湖北省,1,已完成
ORD202605041048264154,USR87916,5/4/2026 10:48,运动户外,帐篷,3,4123.88,12371.64,花呗,江苏省,0,已完成
ORD202603281527496919,USR30506,3/28/2026 15:27,家居用品,衣柜,1,2745.97,2745.97,货到付款,山东省,0,待发货
ORD202604260010188443,USR18751,4/26/2026 0:10,服装服饰,衬衫,4,1097.0,4388.0,货到付款,河南省,0,已完成
ORD202603121328582605,USR55934,3/12/2026 13:28,母婴用品,纸尿裤,5,1469.14,7345.7,花呗,北京市,0,已完成
ORD202507070408353401,USR93406,7/7/2025 4:08,家居用品,垃圾桶,2,381.97,763.93,支付宝,四川省,0,已完成
ORD202603112046457974,USR83289,3/11/2026 20:46,家居用品,垃圾桶,3,1833.43,5500.3,微信支付,福建省,0,已完成
ORD202511260103247751,USR39626,11/26/2025 1:03,母婴用品,奶瓶,1,1420.44,1420.44,货到付款,山东省,0,已完成
ORD202602021308332342,USR55214,2/2/2026 13:08,服装服饰,T恤,2,932.9,1865.8,花呗,山东省,0,已完成
ORD202602132216082511,USR92420,2/13/2026 22:16,母婴用品,婴儿床,1,524.38,524.38,花呗,河南省,0,已完成
ORD202602261912152018,USR11851,2/26/2026 19:12,数码家电,平板,2,7080.31,14160.62,货到付款,四川省,0,已完成
ORD202510180252407961,USR35249,10/18/2025 2:52,美妆个护,爽肤水,3,2236.44,5367.45,银行卡,浙江省,1,待发货
ORD202604270333523130,USR45989,4/27/2026 3:33,母婴用品,奶瓶,1,1804.72,1804.72,微信支付,河南省,0,待发货
ORD202506251417058802,USR47249,6/25/2025 14:17,服装服饰,运动鞋,3,1645.89,4937.66,货到付款,湖北省,0,已完成
ORD202604060015204519,USR65858,4/6/2026 0:15,食品生鲜,水果,1,495.28,495.28,花呗,广东省,0,已完成
ORD202512251311498309,USR86607,12/25/2025 13:11,数码家电,智能手机,2,1941.3,3106.07,银行卡,广东省,1,已完成
ORD202511021058502279,USR50075,11/2/2025 10:58,食品生鲜,肉类,5,52.51,210.03,货到付款,河南省,1,已完成
ORD202508241419197050,USR58139,8/24/2025 14:19,运动户外,登山包,5,1751.31,8756.57,微信支付,北京市,0,已完成
ORD202511142033509622,USR91854,11/14/2025 20:33,母婴用品,纸尿裤,4,301.56,964.99,银行卡,广东省,1,已完成
ORD202604170808147598,USR62857,4/17/2026 8:08,数码家电,无线耳机,4,4423.48,17693.9,花呗,广东省,0,已完成
ORD202508220635559502,USR43390,8/22/2025 6:35,美妆个护,面霜,3,1910.1,4584.23,支付宝,浙江省,1,已完成
ORD202512100304397468,USR83546,12/10/2025 3:04,母婴用品,童装,1,1177.66,1177.66,微信支付,福建省,0,已完成
ORD202509130656415320,USR80912,9/13/2025 6:56,美妆个护,洗发水,4,799.94,3199.77,银行卡,湖北省,0,已完成
ORD202510040919169172,USR94095,10/4/2025 9:19,家居用品,床上四件套,2,2728.3,5456.59,货到付款,江苏省,0,已取消
ORD202604181643197937,USR96424,4/18/2026 16:43,食品生鲜,饮料,5,20.37,101.87,货到付款,湖北省,0,已完成
ORD202509190316448210,USR36553,9/19/2025 3:16,数码家电,笔记本电脑,1,3110.1,3110.1,银行卡,山东省,0,已完成
ORD202510100406229020,USR20154,10/10/2025 4:06,美妆个护,洗面奶,5,2165.41,10827.04,货到付款,福建省,0,已完成
ORD202512301318147830,USR87678,12/30/2025 13:18,服装服饰,休闲裤,1,1545.51,1545.51,银行卡,山东省,0,已完成
ORD202601111043553668,USR29978,1/11/2026 10:43,美妆个护,口红,4,1265.87,5063.49,微信支付,河南省,0,已完成
ORD202507211713353364,USR23497,7/21/2025 17:13,服装服饰,运动鞋,4,82.97,331.9,货到付款,福建省,0,已完成
ORD202601062049369286,USR38369,1/6/2026 20:49,母婴用品,奶粉,3,1255.19,3012.44,微信支付,四川省,1,已完成
ORD202604280109153082,USR46698,4/28/2026 1:09,数码家电,冰箱,1,973.21,778.57,花呗,江苏省,1,已完成
ORD202512061140378942,USR33373,12/6/2025 11:40,美妆个护,粉底液,2,350.33,560.53,花呗,四川省,1,已完成
ORD202604030331218499,USR44463,4/3/2026 3:31,运动户外,瑜伽垫,4,3286.23,10515.93,花呗,山东省,1,已完成
ORD202510121153073119,USR83880,10/12/2025 11:53,美妆个护,洗发水,3,958.09,2874.27,花呗,山东省,0,已完成
ORD202605140607319408,USR23411,5/14/2026 6:07,运动户外,足球,4,1805.35,7221.39,货到付款,江苏省,0,已完成
ORD202602210150429669,USR26607,2/21/2026 1:50,数码家电,笔记本电脑,5,4151.05,20755.27,银行卡,山东省,0,待发货
ORD202603240043202934,USR78461,3/24/2026 0:43,美妆个护,沐浴露,4,2936.38,11745.51,货到付款,四川省,0,已完成
ORD202506191912254483,USR86980,6/19/2025 19:12,服装服饰,羽绒服,1,1932.61,1932.61,货到付款,河南省,0,已完成
ORD202506182013088461,USR94519,6/18/2025 20:13,美妆个护,口红,3,1266.3,3039.11,微信支付,福建省,1,已完成
ORD202507091606138755,USR60193,7/9/2025 16:06,食品生鲜,肉类,1,140.09,140.09,银行卡,福建省,0,已完成
ORD202601300424581534,USR53274,1/30/2026 4:24,母婴用品,纸尿裤,2,640.05,1024.09,支付宝,河南省,1,已完成
ORD202604011022553569,USR85452,4/1/2026 10:22,家居用品,沙发,2,820.97,1641.94,支付宝,江苏省,0,已完成
ORD202604212237467051,USR87616,4/21/2026 22:37,服装服饰,T恤,4,1087.88,3481.21,银行卡,福建省,1,已完成
ORD202511261136452945,USR89269,11/26/2025 11:36,食品生鲜,饮料,3,307.36,922.08,支付宝,江苏省,0,已完成
ORD202506070745117694,USR46338,6/7/2025 7:45,运动户外,健身器材,3,2495.02,7485.06,银行卡,北京市,0,已完成
ORD202507190558272807,USR90725,7/19/2025 5:58,母婴用品,纸尿裤,3,845.59,2029.41,微信支付,北京市,1,已完成
ORD202605272256322980,USR97621,5/27/2026 22:56,数码家电,智能手机,3,2084.64,6253.91,微信支付,湖北省,0,待发货
ORD202604300153327055,USR72050,4/30/2026 1:53,服装服饰,卫衣,4,990.89,3963.54,货到付款,湖北省,0,已完成
ORD202508010830475744,USR37434,8/1/2025 8:30,家居用品,茶几,1,1036.49,1036.49,支付宝,福建省,0,已完成
ORD202511190904591659,USR32033,11/19/2025 9:04,母婴用品,婴儿车,4,1106.11,4424.44,银行卡,北京市,0,已完成
ORD202511250703269565,USR10350,11/25/2025 7:03,运动户外,健身器材,1,3408.43,3408.43,微信支付,北京市,0,已完成
ORD202506010618003511,USR40386,6/1/2025 6:18,家居用品,茶几,5,1907.27,9536.35,货到付款,山东省,0,已完成
ORD202511140322422929,USR38369,11/14/2025 3:22,数码家电,空气净化器,5,3968.68,19843.38,支付宝,四川省,0,已完成
ORD202508181344327086,USR21971,8/18/2025 13:44,数码家电,笔记本电脑,1,4670.39,4670.39,支付宝,山东省,0,已完成
ORD202602231008295995,USR90599,2/23/2026 10:08,运动户外,帐篷,4,1495.8,5983.18,支付宝,山东省,0,已完成
ORD202605200417227135,USR29200,5/20/2026 4:17,服装服饰,衬衫,2,97.27,155.63,微信支付,湖北省,1,已完成
ORD202507220531085968,USR28786,7/22/2025 5:31,运动户外,瑜伽垫,4,3162.6,10120.31,微信支付,广东省,1,已完成
ORD202605091412475816,USR31603,5/9/2026 14:12,美妆个护,洗面奶,2,780.13,1560.26,支付宝,上海市,0,已完成
ORD202602081024468961,USR72320,2/8/2026 10:24,数码家电,空气净化器,4,5517.15,22068.61,微信支付,福建省,0,已完成
ORD202509260535251458,USR10032,9/26/2025 5:35,母婴用品,童装,3,1506.67,4520.0,支付宝,福建省,0,已完成
ORD202508011746383340,USR52380,8/1/2025 17:46,美妆个护,洗发水,3,2750.31,6600.73,花呗,浙江省,1,已完成
ORD202605061412593328,USR20195,5/6/2026 14:12,食品生鲜,零食,5,479.48,1917.92,微信支付,湖北省,1,已完成
ORD202605290537567910,USR16840,5/29/2026 5:37,家居用品,衣柜,5,51.37,205.47,银行卡,江苏省,1,已完成
ORD202605071027281797,USR27953,5/7/2026 10:27,美妆个护,洗面奶,1,2971.41,2971.41,微信支付,福建省,0,已完成
ORD202509151002475999,USR77070,9/15/2025 10:02,家居用品,茶几,2,2055.39,4110.79,支付宝,浙江省,0,已完成
ORD202507070559305644,USR67630,7/7/2025 5:59,运动户外,跑步鞋,3,3253.27,9759.81,银行卡,四川省,0,已完成
ORD202602100512074532,USR65758,2/10/2026 5:12,美妆个护,口红,4,75.18,300.73,货到付款,上海市,0,已完成
ORD202510182330043999,USR97142,10/18/2025 23:30,运动户外,自行车,1,4320.04,4320.04,银行卡,浙江省,0,已完成
ORD202509060547509008,USR71825,9/6/2025 5:47,食品生鲜,饮料,4,81.29,325.16,银行卡,上海市,0,已完成
ORD202507030012541034,USR52872,7/3/2025 0:12,数码家电,笔记本电脑,3,6779.98,16271.94,微信支付,河南省,1,待发货
ORD202510230950063004,USR49656,10/23/2025 9:50,食品生鲜,牛奶,3,17.63,52.88,银行卡,河南省,0,已完成
ORD202602140140159970,USR75585,2/14/2026 1:40,数码家电,洗衣机,3,5344.73,12827.36,银行卡,广东省,1,已完成
ORD202605180001446712,USR25374,5/18/2026 0:01,运动户外,健身器材,3,2230.53,6691.58,支付宝,广东省,0,已完成
ORD202602080017272106,USR41558,2/8/2026 0:17,数码家电,冰箱,4,2005.75,6418.4,微信支付,江苏省,1,已完成
ORD202508040648201732,USR83419,8/4/2025 6:48,家居用品,餐具,1,340.53,272.43,支付宝,浙江省,1,已完成
ORD202506210241327841,USR61543,6/21/2025 2:41,母婴用品,婴儿床,3,908.25,2179.8,微信支付,江苏省,1,已完成
ORD202511012210168883,USR59454,11/1/2025 22:10,食品生鲜,饮料,5,70.42,281.68,货到付款,上海市,1,已完成
ORD202601292303166074,USR60532,1/29/2026 23:03,美妆个护,洗发水,1,1474.75,1179.8,银行卡,河南省,1,已完成
ORD202509271533098411,USR72190,9/27/2025 15:33,食品生鲜,饮料,5,316.36,1581.78,微信支付,浙江省,0,已完成
ORD202603092242076534,USR56529,3/9/2026 22:42,家居用品,垃圾桶,4,2485.6,9942.42,银行卡,河南省,0,已完成
ORD202602271515577181,USR50863,2/27/2026 15:15,数码家电,洗衣机,3,5589.87,16769.61,银行卡,北京市,0,退款中
ORD202603210716268786,USR78417,3/21/2026 7:16,家居用品,茶几,1,214.3,171.44,花呗,四川省,1,已完成
ORD202508302222433175,USR51546,8/30/2025 22:22,服装服饰,连衣裙,3,649.49,1558.78,支付宝,四川省,1,已取消
ORD202511141643203269,USR79558,11/14/2025 16:43,服装服饰,牛仔裤,3,611.56,1834.67,微信支付,北京市,0,已完成
ORD202602101333549270,USR20249,2/10/2026 13:33,美妆个护,洗发水,1,2747.65,2747.65,货到付款,福建省,0,已完成
ORD202507061002168551,USR89348,7/6/2025 10:02,家居用品,垃圾桶,3,2605.99,7817.97,花呗,四川省,0,已取消
ORD202603010656288371,USR38036,3/1/2026 6:56,运动户外,跑步鞋,3,1913.72,4592.94,支付宝,湖北省,1,退款中
ORD202507072310348357,USR31773,7/7/2025 23:10,美妆个护,口红,2,241.33,482.66,货到付款,河南省,0,已完成
ORD202506011007303440,USR93069,6/1/2025 10:07,运动户外,瑜伽垫,2,4481.13,8962.25,货到付款,山东省,0,待发货
ORD202508222113466328,USR46403,8/22/2025 21:13,美妆个护,沐浴露,1,2667.92,2667.92,银行卡,河南省,0,已完成
ORD202512030409382463,USR28728,12/3/2025 4:09,服装服饰,T恤,1,1716.75,1716.75,支付宝,河南省,0,已完成
ORD202507010626297711,USR67310,7/1/2025 6:26,美妆个护,洗发水,3,2539.89,7619.68,花呗,江苏省,0,已完成
ORD202507221251067344,USR83464,7/22/2025 12:51,服装服饰,运动鞋,5,986.5,4932.48,微信支付,山东省,0,已完成
ORD202601171329384814,USR67887,1/17/2026 13:29,数码家电,冰箱,1,1830.74,1464.59,微信支付,山东省,1,已完成
ORD202508272015057478,USR74237,8/27/2025 20:15,运动户外,篮球,3,2439.69,7319.07,花呗,湖北省,0,已完成
ORD202512191734166554,USR42838,12/19/2025 17:34,家居用品,衣柜,5,1493.9,7469.51,银行卡,广东省,0,退款中
ORD202602200153549863,USR99832,2/20/2026 1:53,美妆个护,沐浴露,2,1485.1,2376.16,银行卡,河南省,1,已完成
ORD202511202019261750,USR25760,11/20/2025 20:19,服装服饰,卫衣,1,1100.61,880.49,货到付款,广东省,1,待发货
ORD202506041433388259,USR83125,6/4/2025 14:33,食品生鲜,零食,3,136.25,327.0,支付宝,福建省,1,已完成
ORD202506040308545544,USR67070,6/4/2025 3:08,运动户外,足球,2,1894.58,3789.16,货到付款,上海市,0,已完成
ORD202602260326052450,USR95471,2/26/2026 3:26,美妆个护,香水,4,1319.53,4222.51,微信支付,河南省,1,已完成
ORD202510121020353713,USR55636,10/12/2025 10:20,母婴用品,奶瓶,2,305.69,611.37,花呗,山东省,0,已完成
ORD202604140800291406,USR33332,4/14/2026 8:00,数码家电,无线耳机,3,3915.23,9396.55,支付宝,山东省,1,已完成
ORD202507172000556060,USR13315,7/17/2025 20:00,数码家电,空气净化器,5,6578.52,32892.61,花呗,北京市,0,已完成
ORD202605010257093028,USR57931,5/1/2026 2:57,食品生鲜,牛奶,4,415.75,1663.0,支付宝,河南省,0,已完成
ORD202511120015042395,USR71089,11/12/2025 0:15,服装服饰,休闲裤,4,852.55,3410.2,微信支付,湖北省,0,已完成
ORD202602251250164152,USR97823,2/25/2026 12:50,美妆个护,爽肤水,4,1570.86,6283.44,微信支付,山东省,0,已完成
ORD202507220757429877,USR55349,7/22/2025 7:57,运动户外,跑步鞋,1,264.89,211.91,支付宝,福建省,1,已完成
ORD202512031229201866,USR65584,12/3/2025 12:29,服装服饰,牛仔裤,3,1365.14,4095.43,银行卡,河南省,0,已完成
ORD202506281210039548,USR38020,6/28/2025 12:10,数码家电,冰箱,4,3534.54,14138.18,支付宝,湖北省,0,已完成
ORD202508282156224103,USR90868,8/28/2025 21:56,服装服饰,羽绒服,2,918.68,1837.36,微信支付,河南省,0,已完成
ORD202510271828138796,USR83373,10/27/2025 18:28,数码家电,智能手机,5,7052.55,35262.73,花呗,山东省,0,已完成
ORD202507051637339235,USR35032,7/5/2025 16:37,服装服饰,羽绒服,3,950.58,2281.39,货到付款,江苏省,1,已取消
ORD202603111912301305,USR60129,3/11/2026 19:12,食品生鲜,饮料,2,20.38,32.61,花呗,广东省,1,已完成
ORD202604100003432970,USR59047,4/10/2026 0:03,家居用品,窗帘,1,697.92,558.34,微信支付,福建省,1,已完成
ORD202507101841259713,USR33462,7/10/2025 18:41,食品生鲜,海鲜,4,243.05,972.22,花呗,湖北省,0,已完成
ORD202507110154283944,USR11398,7/11/2025 1:54,食品生鲜,蔬菜,2,217.95,435.91,银行卡,河南省,0,待发货
ORD202509301638501310,USR35668,9/30/2025 16:38,家居用品,拖把,3,2583.9,7751.71,银行卡,江苏省,0,已完成
ORD202510211755235504,USR67944,10/21/2025 17:55,家居用品,衣柜,2,1635.57,3271.14,支付宝,福建省,0,已完成
ORD202605090324454371,USR57315,5/9/2026 3:24,美妆个护,洗发水,1,2078.22,2078.22,花呗,湖北省,0,已完成
ORD202509250515425018,USR78944,9/25/2025 5:15,运动户外,瑜伽垫,5,2399.68,9598.74,花呗,江苏省,1,已完成
ORD202507240608158278,USR35544,7/24/2025 6:08,运动户外,自行车,4,2254.31,9017.25,微信支付,江苏省,0,已完成
ORD202510271513072386,USR10735,10/27/2025 15:13,美妆个护,香水,3,1355.47,4066.41,支付宝,河南省,0,已完成
ORD202603280910279741,USR86832,3/28/2026 9:10,食品生鲜,肉类,4,211.35,845.41,支付宝,浙江省,0,已完成
ORD202604122108186249,USR50683,4/12/2026 21:08,食品生鲜,蔬菜,4,273.91,1095.62,花呗,福建省,0,已完成
ORD202603201156227583,USR53050,3/20/2026 11:56,数码家电,冰箱,4,2378.33,7610.64,货到付款,河南省,1,已完成
ORD202605061454201737,USR22334,5/6/2026 14:54,数码家电,冰箱,2,7182.91,14365.83,花呗,河南省,0,已完成
ORD202507221700469052,USR58348,7/22/2025 17:00,运动户外,足球,2,1732.12,3464.24,花呗,广东省,0,已完成
ORD202602050355231381,USR43260,2/5/2026 3:55,美妆个护,沐浴露,5,468.15,2340.73,花呗,福建省,0,已完成
ORD202602182322306569,USR75902,2/18/2026 23:22,母婴用品,玩具,1,238.27,190.62,银行卡,浙江省,1,待发货
ORD202507261129138160,USR11703,7/26/2025 11:29,母婴用品,玩具,3,76.17,182.82,支付宝,北京市,1,已完成
ORD202506271338323957,USR89531,6/27/2025 13:38,美妆个护,洗发水,2,1285.88,2571.77,银行卡,上海市,0,已完成
ORD202512240041437798,USR45786,12/24/2025 0:41,数码家电,智能手机,4,1907.08,7628.33,货到付款,江苏省,0,已取消
ORD202601051815161394,USR14394,1/5/2026 18:15,运动户外,瑜伽垫,1,206.07,206.07,微信支付,福建省,0,已完成
ORD202506040659259649,USR94832,6/4/2025 6:59,运动户外,登山包,3,2648.1,7944.29,货到付款,四川省,0,已完成
ORD202601240035156199,USR46038,1/24/2026 0:35,数码家电,智能手表,3,5599.84,13439.61,支付宝,河南省,1,已完成
ORD202602081037397258,USR94105,2/8/2026 10:37,母婴用品,婴儿车,3,217.21,521.31,微信支付,湖北省,1,已完成
ORD202508031740375213,USR72748,8/3/2025 17:40,服装服饰,休闲裤,3,948.8,2277.11,货到付款,江苏省,1,已完成
ORD202511182201262491,USR62205,11/18/2025 22:01,服装服饰,运动鞋,5,1500.08,7500.38,支付宝,福建省,0,已完成
ORD202510150918242878,USR15756,10/15/2025 9:18,数码家电,笔记本电脑,3,7893.55,18944.52,货到付款,广东省,1,已完成
ORD202603081333162627,USR43166,3/8/2026 13:33,服装服饰,休闲裤,1,1351.02,1351.02,微信支付,湖北省,0,已完成
ORD202508221749149876,USR45936,8/22/2025 17:49,家居用品,餐具,2,749.62,1199.39,微信支付,湖北省,1,退款中
ORD202601302207483755,USR91955,1/30/2026 22:07,美妆个护,口红,1,2158.16,2158.16,货到付款,广东省,0,已完成
ORD202603181422155675,USR17500,3/18/2026 14:22,美妆个护,口红,4,1805.85,7223.4,银行卡,四川省,0,已完成
ORD202507291854323359,USR84996,7/29/2025 18:54,数码家电,平板,5,2088.49,10442.47,货到付款,福建省,0,已完成
ORD202605240602043992,USR13988,5/24/2026 6:02,食品生鲜,蔬菜,5,427.04,2135.22,货到付款,广东省,0,已取消
ORD202511072124515187,USR71709,11/7/2025 21:24,母婴用品,婴儿车,4,883.44,3533.75,货到付款,山东省,0,已完成
ORD202601260614402468,USR89632,1/26/2026 6:14,数码家电,智能手表,1,7714.83,6171.87,银行卡,湖北省,1,已完成
ORD202602221515373526,USR92868,2/22/2026 15:15,服装服饰,羽绒服,1,1459.66,1459.66,花呗,江苏省,0,已完成
ORD202511191918596026,USR69569,11/19/2025 19:18,母婴用品,婴儿床,4,1306.9,5227.59,微信支付,山东省,0,已完成
ORD202604302325547672,USR74264,4/30/2026 23:25,食品生鲜,牛奶,3,366.89,1100.68,支付宝,江苏省,0,已完成
ORD202508240852013772,USR32776,8/24/2025 8:52,服装服饰,羽绒服,3,982.29,2946.87,微信支付,北京市,0,已完成
ORD202507041559271965,USR72055,7/4/2025 15:59,运动户外,登山包,2,2575.61,4120.98,微信支付,河南省,1,已完成
ORD202605150451076329,USR94875,5/15/2026 4:51,家居用品,衣柜,1,2556.6,2556.6,花呗,福建省,0,已完成
ORD202507100024093973,USR81511,7/10/2025 0:24,服装服饰,连衣裙,1,1377.81,1377.81,微信支付,上海市,0,已完成
ORD202507250901011445,USR23616,7/25/2025 9:01,家居用品,沙发,4,2693.79,8620.11,微信支付,上海市,1,已完成
ORD202603200518061958,USR15006,3/20/2026 5:18,母婴用品,纸尿裤,4,1787.11,5718.76,银行卡,河南省,1,已完成
ORD202507181954305882,USR58435,7/18/2025 19:54,家居用品,窗帘,3,2929.94,8789.82,银行卡,北京市,0,已完成
ORD202601152313377388,USR13779,1/15/2026 23:13,母婴用品,婴儿床,1,1415.42,1132.33,银行卡,广东省,1,已完成
ORD202603111210422617,USR90336,3/11/2026 12:10,母婴用品,纸尿裤,1,1029.49,1029.49,银行卡,福建省,0,已完成
ORD202510280326126243,USR30079,10/28/2025 3:26,母婴用品,辅食,5,374.31,1497.23,银行卡,浙江省,1,已完成
ORD202510151232583334,USR33187,10/15/2025 12:32,母婴用品,纸尿裤,2,1425.49,2850.98,支付宝,山东省,0,已完成
ORD202511141811357763,USR27255,11/14/2025 18:11,母婴用品,奶粉,2,618.58,989.72,花呗,湖北省,1,已完成
ORD202510010323116311,USR20855,10/1/2025 3:23,服装服饰,运动鞋,3,601.75,1805.24,货到付款,河南省,0,已取消
ORD202604040522085225,USR64994,4/4/2026 5:22,母婴用品,婴儿床,1,514.66,514.66,银行卡,上海市,0,已完成
ORD202507250718427152,USR25653,7/25/2025 7:18,服装服饰,运动鞋,5,1756.49,8782.44,花呗,浙江省,0,已完成
ORD202509050532112981,USR17346,9/5/2025 5:32,母婴用品,纸尿裤,1,1742.53,1742.53,货到付款,上海市,0,已完成
ORD202509161331321849,USR68114,9/16/2025 13:31,家居用品,沙发,4,1900.29,6080.93,微信支付,北京市,1,已完成
ORD202602060817574318,USR93555,2/6/2026 8:17,运动户外,瑜伽垫,3,2417.61,7252.82,微信支付,浙江省,0,已完成
ORD202507031715174925,USR18169,7/3/2025 17:15,母婴用品,童装,2,1360.62,2721.25,花呗,广东省,0,已完成
ORD202509050905034874,USR51187,9/5/2025 9:05,食品生鲜,水果,1,307.54,307.54,支付宝,上海市,0,已完成
ORD202601012201499076,USR22776,1/1/2026 22:01,母婴用品,奶瓶,3,860.68,2582.05,支付宝,山东省,0,已完成
ORD202601200943029333,USR81314,1/20/2026 9:43,母婴用品,辅食,2,790.28,1264.45,花呗,广东省,1,已完成
ORD202601200028439264,USR46369,1/20/2026 0:28,家居用品,茶几,1,1160.73,1160.73,支付宝,广东省,0,待发货
ORD202603080152537308,USR35451,3/8/2026 1:52,美妆个护,粉底液,5,1779.73,8898.63,支付宝,湖北省,0,已完成
ORD202601222310412885,USR95865,1/22/2026 23:10,家居用品,垃圾桶,3,1950.05,4680.13,微信支付,北京市,1,已完成
ORD202509191539155412,USR90478,9/19/2025 15:39,食品生鲜,牛奶,1,231.35,185.08,支付宝,浙江省,1,已完成
ORD202603301231241993,USR12185,3/30/2026 12:31,美妆个护,口红,2,2907.01,5814.03,支付宝,浙江省,0,已完成
ORD202602240342126215,USR53603,2/24/2026 3:42,数码家电,智能手机,2,1128.84,2257.69,花呗,上海市,0,已完成
ORD202506111001178615,USR98079,6/11/2025 10:01,数码家电,冰箱,5,3102.85,12411.41,支付宝,浙江省,1,已完成
ORD202604260655377669,USR51481,4/26/2026 6:55,食品生鲜,零食,3,215.35,516.83,银行卡,上海市,1,待发货
ORD202604252315532072,USR32179,4/25/2026 23:15,家居用品,窗帘,3,70.43,169.02,银行卡,山东省,1,已完成
ORD202602111646588932,USR86919,2/11/2026 16:46,服装服饰,休闲裤,1,761.67,609.33,花呗,河南省,1,已完成
ORD202605070318031473,USR58005,5/7/2026 3:18,食品生鲜,肉类,2,144.12,230.59,银行卡,山东省,1,已完成
ORD202509260334327676,USR77677,9/26/2025 3:34,运动户外,跑步鞋,2,2579.58,4127.32,微信支付,上海市,1,已完成
ORD202508191853344829,USR11857,8/19/2025 18:53,美妆个护,洗面奶,5,1029.14,4116.56,花呗,福建省,1,已完成
ORD202512190146171305,USR97096,12/19/2025 1:46,美妆个护,洗面奶,5,2186.76,10933.8,支付宝,江苏省,0,已完成
ORD202601221658065409,USR62844,1/22/2026 16:58,母婴用品,玩具,3,1044.37,3133.11,银行卡,上海市,0,已完成
ORD202512152105402663,USR64575,12/15/2025 21:05,数码家电,笔记本电脑,2,1473.22,2946.43,微信支付,北京市,0,已完成
ORD202508130618465035,USR97519,8/13/2025 6:18,美妆个护,洗面奶,1,2257.68,2257.68,花呗,上海市,0,已完成
ORD202603181024283057,USR97771,3/18/2026 10:24,食品生鲜,零食,4,58.62,187.59,花呗,江苏省,1,已完成
ORD202510310323025990,USR18058,10/31/2025 3:23,美妆个护,洗发水,1,2521.98,2017.58,支付宝,广东省,1,已完成
ORD202509231839057664,USR18513,9/23/2025 18:39,食品生鲜,蔬菜,5,466.4,1865.59,货到付款,江苏省,1,已取消
ORD202602062244198306,USR35289,2/6/2026 22:44,服装服饰,运动鞋,1,678.77,543.01,银行卡,北京市,1,已完成
ORD202506220437162374,USR75735,6/22/2025 4:37,母婴用品,辅食,2,1855.98,3711.96,微信支付,山东省,0,已完成
ORD202604010933379199,USR29334,4/1/2026 9:33,数码家电,空气净化器,3,6447.56,15474.15,花呗,上海市,1,已完成
ORD202605151709054333,USR44948,5/15/2026 17:09,美妆个护,面霜,4,2769.63,11078.54,银行卡,广东省,0,已完成
ORD202604050632503332,USR21005,4/5/2026 6:32,食品生鲜,饮料,3,336.47,1009.42,微信支付,福建省,0,已完成
ORD202509012249137116,USR32621,9/1/2025 22:49,家居用品,茶几,4,722.22,2888.88,微信支付,河南省,0,已完成
ORD202512100441169854,USR68117,12/10/2025 4:41,数码家电,平板,4,7208.92,23068.56,花呗,湖北省,1,已完成
ORD202510282042513755,USR15833,10/28/2025 20:42,服装服饰,牛仔裤,2,409.32,818.63,银行卡,山东省,0,已完成
ORD202507141850495016,USR46113,7/14/2025 18:50,食品生鲜,牛奶,2,114.4,183.04,微信支付,山东省,1,已完成
ORD202509021502419806,USR89761,9/2/2025 15:02,运动户外,登山包,5,1428.21,7141.04,花呗,湖北省,0,待发货
ORD202512120026487942,USR36041,12/12/2025 0:26,运动户外,帐篷,5,1590.81,7954.03,银行卡,上海市,0,已完成
ORD202602031921308401,USR76252,2/3/2026 19:21,母婴用品,辅食,4,1053.24,4212.94,银行卡,北京市,0,已完成
ORD202601171549361684,USR63641,1/17/2026 15:49,母婴用品,奶粉,5,1441.24,7206.21,花呗,北京市,0,已完成
ORD202506281352471016,USR32671,6/28/2025 13:52,服装服饰,休闲裤,2,1856.11,2969.77,银行卡,北京市,1,已完成
ORD202512230359138612,USR93270,12/23/2025 3:59,服装服饰,运动鞋,5,222.45,1112.27,货到付款,四川省,0,已完成
ORD202605120330465739,USR10422,5/12/2026 3:30,母婴用品,婴儿车,4,1911.02,6115.26,微信支付,广东省,1,已完成
ORD202506051628213742,USR50784,6/5/2025 16:28,美妆个护,洗面奶,3,2766.33,6639.19,微信支付,福建省,1,已完成
ORD202510190540451008,USR45882,10/19/2025 5:40,美妆个护,口红,1,190.38,152.3,银行卡,福建省,1,已完成
ORD202605291648221985,USR83473,5/29/2026 16:48,食品生鲜,面包,5,186.56,932.79,花呗,江苏省,0,待发货
ORD202510012144208900,USR55964,10/1/2025 21:44,家居用品,衣柜,2,2443.17,3909.07,支付宝,四川省,1,已完成
ORD202507220610105477,USR25429,7/22/2025 6:10,食品生鲜,面包,3,309.67,929.02,银行卡,湖北省,0,已完成
ORD202510290535375110,USR54754,10/29/2025 5:35,家居用品,拖把,2,2341.7,4683.4,支付宝,浙江省,0,已完成
ORD202605010722047228,USR71112,5/1/2026 7:22,服装服饰,休闲裤,5,1452.12,7260.58,银行卡,上海市,0,已完成
ORD202604221947526757,USR84471,4/22/2026 19:47,数码家电,智能手机,4,4225.78,13522.48,支付宝,四川省,1,已完成
ORD202601071741214485,USR21284,1/7/2026 17:41,食品生鲜,牛奶,1,30.2,30.2,银行卡,北京市,0,已完成
ORD202511111043569361,USR84211,11/11/2025 10:43,食品生鲜,饮料,1,296.29,296.29,花呗,广东省,0,已完成
ORD202510202153275609,USR70687,10/20/2025 21:53,家居用品,沙发,3,164.73,494.19,支付宝,山东省,0,已完成
ORD202512300424321745,USR21555,12/30/2025 4:24,服装服饰,连衣裙,1,1227.27,1227.27,货到付款,湖北省,0,已完成
ORD202602210528523644,USR25238,2/21/2026 5:28,服装服饰,运动鞋,4,1610.8,6443.2,花呗,湖北省,0,已完成
ORD202508070220099750,USR21870,8/7/2025 2:20,运动户外,足球,2,2966.46,4746.34,银行卡,广东省,1,已完成
ORD202603240507152145,USR33920,3/24/2026 5:07,家居用品,拖把,4,2991.12,11964.5,支付宝,上海市,0,已完成
ORD202511302210285925,USR21326,11/30/2025 22:10,服装服饰,卫衣,3,938.94,2253.46,微信支付,广东省,1,已完成
ORD202603270420282469,USR34334,3/27/2026 4:20,母婴用品,辅食,3,1510.21,4530.64,花呗,河南省,0,待发货
ORD202506290819597476,USR51615,6/29/2025 8:19,美妆个护,香水,1,2011.62,1609.3,支付宝,江苏省,1,已完成
ORD202506071133233014,USR87483,6/7/2025 11:33,运动户外,自行车,4,4958.02,19832.06,花呗,浙江省,0,已完成
ORD202601150237283288,USR92132,1/15/2026 2:37,母婴用品,奶瓶,2,1440.78,2881.55,支付宝,四川省,0,待发货
ORD202506270526575578,USR12635,6/27/2025 5:26,数码家电,平板,4,1730.23,6920.92,微信支付,湖北省,0,已完成
ORD202506060833508077,USR32195,6/6/2025 8:33,食品生鲜,零食,2,478.2,956.41,货到付款,河南省,0,已完成
ORD202509101944384454,USR11368,9/10/2025 19:44,运动户外,帐篷,2,3372.11,5395.37,微信支付,山东省,1,已完成
ORD202508231852119270,USR38511,8/23/2025 18:52,数码家电,智能手机,4,945.04,3780.15,银行卡,福建省,0,待发货
ORD202506161112476215,USR93616,6/16/2025 11:12,食品生鲜,蔬菜,5,332.21,1328.83,花呗,山东省,1,已完成
ORD202605250703446613,USR59090,5/25/2026 7:03,美妆个护,粉底液,4,2652.86,8489.17,货到付款,湖北省,1,已完成
ORD202506241136385282,USR70338,6/24/2025 11:36,服装服饰,卫衣,2,1175.23,2350.46,花呗,北京市,0,已完成
ORD202604031242578417,USR20652,4/3/2026 12:42,母婴用品,玩具,3,740.34,2221.01,支付宝,北京市,0,已完成
ORD202511021323455473,USR42339,11/2/2025 13:23,家居用品,沙发,3,2466.31,7398.93,银行卡,浙江省,0,已完成
ORD202512141757115029,USR50341,12/14/2025 17:57,母婴用品,婴儿床,1,1575.9,1575.9,银行卡,山东省,0,已完成
ORD202509200615356269,USR99245,9/20/2025 6:15,美妆个护,香水,3,1646.22,4938.66,花呗,山东省,0,已完成
ORD202601310242126597,USR94189,1/31/2026 2:42,数码家电,智能手机,5,1657.71,6630.85,银行卡,山东省,1,已完成
ORD202603041811034450,USR35046,3/4/2026 18:11,家居用品,窗帘,2,767.94,1535.88,花呗,上海市,0,待发货
ORD202512121406538533,USR27397,12/12/2025 14:06,服装服饰,连衣裙,4,1490.04,5960.17,支付宝,河南省,0,已完成
ORD202603252159006381,USR50696,3/25/2026 21:59,美妆个护,沐浴露,4,2424.06,9696.26,支付宝,湖北省,0,已完成
ORD202511090806241260,USR16990,11/9/2025 8:06,家居用品,床上四件套,5,852.21,4261.05,花呗,广东省,0,已完成
ORD202511121200263190,USR59716,11/12/2025 12:00,美妆个护,洗面奶,3,1122.92,2695.0,微信支付,江苏省,1,待发货
ORD202602281320571033,USR47627,2/28/2026 13:20,美妆个护,粉底液,2,260.57,416.91,微信支付,福建省,1,已完成
ORD202511040529508807,USR33331,11/4/2025 5:29,服装服饰,连衣裙,3,1441.25,3459.0,支付宝,湖北省,1,已完成
ORD202507030016581070,USR46564,7/3/2025 0:16,运动户外,瑜伽垫,1,117.53,94.02,货到付款,北京市,1,退款中
ORD202602041814241156,USR28405,2/4/2026 18:14,食品生鲜,肉类,3,32.81,98.42,微信支付,山东省,0,已完成
ORD202512260908473843,USR84060,12/26/2025 9:08,家居用品,茶几,1,32.95,32.95,花呗,四川省,0,已完成
ORD202512261918407769,USR51358,12/26/2025 19:18,服装服饰,T恤,4,1308.37,5233.49,支付宝,湖北省,0,已完成
ORD202601260558299011,USR64261,1/26/2026 5:58,美妆个护,沐浴露,2,1269.64,2031.42,银行卡,四川省,1,已完成
ORD202507300705057435,USR39617,7/30/2025 7:05,服装服饰,连衣裙,1,630.22,504.17,银行卡,江苏省,1,已完成
ORD202509161811129816,USR34673,9/16/2025 18:11,运动户外,跑步鞋,3,4572.23,13716.7,微信支付,福建省,0,已完成
ORD202507031110522329,USR45756,7/3/2025 11:10,食品生鲜,饮料,3,104.47,313.42,货到付款,广东省,0,已完成
ORD202509290832292270,USR36112,9/29/2025 8:32,母婴用品,玩具,4,809.27,3237.07,微信支付,北京市,0,已完成
ORD202507011632039825,USR33214,7/1/2025 16:32,家居用品,餐具,5,2822.13,11288.52,货到付款,河南省,1,待发货
ORD202512161342181507,USR48657,12/16/2025 13:42,食品生鲜,肉类,5,219.28,1096.41,微信支付,浙江省,0,已完成
ORD202605241538308293,USR43994,5/24/2026 15:38,数码家电,冰箱,3,4660.2,11184.49,银行卡,广东省,1,待发货
ORD202508182156163022,USR67619,8/18/2025 21:56,家居用品,衣柜,5,259.4,1297.02,货到付款,上海市,0,待发货
ORD202604101939576783,USR44674,4/10/2026 19:39,食品生鲜,蔬菜,2,397.18,794.36,银行卡,江苏省,0,已完成
ORD202507310813117166,USR22112,7/31/2025 8:13,美妆个护,口红,5,1285.59,5142.37,花呗,上海市,1,已完成
ORD202512260731076864,USR74210,12/26/2025 7:31,家居用品,窗帘,2,2405.54,4811.07,花呗,广东省,0,已完成
ORD202510052132007336,USR56550,10/5/2025 21:32,家居用品,沙发,3,776.32,1863.16,支付宝,浙江省,1,已完成
ORD202510301752533903,USR85850,10/30/2025 17:52,服装服饰,运动鞋,3,873.83,2097.2,银行卡,广东省,1,已完成
ORD202601141759251138,USR57659,1/14/2026 17:59,美妆个护,沐浴露,3,2366.05,7098.15,银行卡,江苏省,0,已完成
ORD202602020803033044,USR55725,2/2/2026 8:03,数码家电,冰箱,4,7804.08,24973.07,支付宝,上海市,1,待发货
ORD202603240945528580,USR94125,3/24/2026 9:45,母婴用品,辅食,5,166.27,831.35,花呗,广东省,0,已完成
ORD202604210221017069,USR78556,4/21/2026 2:21,运动户外,自行车,1,4081.04,4081.04,花呗,山东省,0,待发货
ORD202602080856364161,USR68939,2/8/2026 8:56,食品生鲜,零食,1,157.34,125.87,货到付款,浙江省,1,已完成
ORD202602201153568283,USR92709,2/20/2026 11:53,服装服饰,连衣裙,3,1123.95,3371.85,货到付款,福建省,0,待发货
ORD202602051838061153,USR32344,2/5/2026 18:38,食品生鲜,肉类,5,152.15,760.73,花呗,北京市,0,已完成
ORD202506261614144629,USR14814,6/26/2025 16:14,数码家电,智能手表,2,5100.84,8161.35,微信支付,四川省,1,已完成
ORD202509291059211324,USR86706,9/29/2025 10:59,数码家电,智能手机,1,3153.52,3153.52,银行卡,上海市,0,已完成
ORD202602270807525606,USR60551,2/27/2026 8:07,家居用品,拖把,3,1014.17,2434.01,货到付款,北京市,1,已完成
ORD202511172139556862,USR30408,11/17/2025 21:39,运动户外,跑步鞋,1,285.9,228.72,微信支付,湖北省,1,已完成
ORD202603111142184137,USR80510,3/11/2026 11:42,数码家电,智能手机,1,1602.2,1602.2,货到付款,浙江省,0,已完成
ORD202604251739162474,USR84542,4/25/2026 17:39,食品生鲜,肉类,1,459.37,459.37,支付宝,浙江省,0,已完成
ORD202509011615425967,USR37611,9/1/2025 16:15,美妆个护,爽肤水,3,2994.88,8984.65,银行卡,山东省,0,已完成
ORD202506231143214623,USR66866,6/23/2025 11:43,美妆个护,面霜,3,2348.15,7044.44,货到付款,山东省,0,已完成
ORD202509032242594838,USR55471,9/3/2025 22:42,家居用品,茶几,4,874.7,2799.05,花呗,江苏省,1,已完成
ORD202507041133419090,USR94673,7/4/2025 11:33,母婴用品,辅食,4,834.77,2671.26,支付宝,湖北省,1,已完成
ORD202605260209196947,USR99393,5/26/2026 2:09,食品生鲜,饮料,4,372.36,1489.43,支付宝,广东省,0,已完成
ORD202511161740501602,USR47839,11/16/2025 17:40,食品生鲜,零食,1,484.57,484.57,花呗,江苏省,0,已完成
ORD202507160104235599,USR37190,7/16/2025 1:04,数码家电,冰箱,5,3916.03,15664.14,支付宝,四川省,1,已完成
